TPU_ID,YEAR,nearest_mtr_distance,nearest_mtr_station,nearest_mtr_lat,nearest_mtr_lon,mtr_stations_count,has_mtr_station,mtr_proximity_category,within_500m_buffer,within_1000m_buffer,within_2000m_buffer
832,2006,4361.868081480084,LOHAS Park,22.2957,114.2689,0,False,Far (>2km),False,False,False
814,2006,10180.042340355909,Hang Hau,22.3156,114.2644,0,False,Far (>2km),False,False,False
834,2006,9381.32756327521,LOHAS Park,22.2957,114.2689,0,False,Far (>2km),False,False,False
832,2006,4407.891894643947,LOHAS Park,22.2957,114.2689,0,False,Far (>2km),False,False,False
813,2006,11083.19138795772,Hang Hau,22.3156,114.2644,0,False,Far (>2km),False,False,False
243,2006,410.08427283673257,Whampoa,22.305852,114.188799,0,False,Very Close (<500m),True,True,True
229,2006,657.1321882815286,Mong Kok,22.321624,114.172537,0,False,Close (500-1000m),False,True,True
243,2006,325.6596088504892,Ho Man Tin,22.308953,114.181612,0,False,Very Close (<500m),True,True,True
225,2006,354.36628700877924,Austin,22.304236,114.166601,0,False,Very Close (<500m),True,True,True
225,2006,300.9843437514948,Yau Ma Tei,22.3129,114.1707,0,False,Very Close (<500m),True,True,True
742,2006,15741.809512872998,Wu Kai Sha,22.4291,114.2438,0,False,Far (>2km),False,False,False
294,2006,657.181079226815,Ngau Tau Kok,22.3154,114.2193,0,False,Close (500-1000m),False,True,True
742,2006,15782.021898187733,Wu Kai Sha,22.4291,114.2438,0,False,Far (>2km),False,False,False
742,2006,15721.472029274117,Wu Kai Sha,22.4291,114.2438,0,False,Far (>2km),False,False,False
244,2006,509.62082305919944,To Kwa Wan,22.3172,114.1876,0,False,Close (500-1000m),True,True,True
244,2006,462.34386712722267,To Kwa Wan,22.3172,114.1876,0,False,Very Close (<500m),True,True,True
653,2006,11272.520813404457,Wu Kai Sha,22.4291,114.2438,0,False,Far (>2km),False,False,False
244,2006,490.67838045034205,To Kwa Wan,22.3172,114.1876,0,False,Very Close (<500m),True,True,True
244,2006,493.9516036529638,To Kwa Wan,22.3172,114.1876,0,False,Very Close (<500m),True,True,True
244,2006,473.0264004909449,To Kwa Wan,22.3172,114.1876,0,False,Very Close (<500m),True,True,True
267,2006,408.82132308170594,Sham Shui Po,22.330141,114.163247,0,False,Very Close (<500m),True,True,True
723,2006,480.5435255568519,Tai Wo,22.4511,114.1611,0,False,Very Close (<500m),True,True,True
243,2006,372.11764808684933,Whampoa,22.305852,114.188799,0,False,Very Close (<500m),True,True,True
294,2006,250.9335364386229,Ngau Tau Kok,22.3154,114.2193,0,False,Very Close (<500m),True,True,True
243,2006,326.3978373020301,Ho Man Tin,22.308953,114.181612,0,False,Very Close (<500m),True,True,True
242,2006,591.0719681812963,Sung Wong Toi,22.326139,114.190407,0,False,Close (500-1000m),False,True,True
221,2006,525.9659985650155,Olympic,22.3178,114.1602,0,False,Close (500-1000m),True,True,True
832,2006,4220.430550886303,LOHAS Park,22.2957,114.2689,0,False,Far (>2km),False,False,False
832,2006,4373.647755266234,LOHAS Park,22.2957,114.2689,0,False,Far (>2km),False,False,False
814,2006,11690.46947302885,Hang Hau,22.3156,114.2644,0,False,Far (>2km),False,False,False
652,2006,8300.035748900003,Fanling,22.490627,114.139289,0,False,Far (>2km),False,False,False
434,2006,7985.3628784537805,AsiaWorld–Expo,22.321988,113.942221,0,False,Far (>2km),False,False,False
741,2006,2984.4949476812444,Wu Kai Sha,22.4291,114.2438,0,False,Far (>2km),False,False,False
834,2006,8877.198054736156,LOHAS Park,22.2957,114.2689,0,False,Far (>2km),False,False,False
834,2006,9421.176859263287,LOHAS Park,22.2957,114.2689,0,False,Far (>2km),False,False,False
834,2006,9495.374509275687,LOHAS Park,22.2957,114.2689,0,False,Far (>2km),False,False,False
834,2006,5180.425434757786,Wan Chai,22.264453,114.237044,0,False,Far (>2km),False,False,False
225,2006,204.02427724602774,Jordan,22.3049,114.1718,0,False,Very Close (<500m),True,True,True
243,2006,332.6112493401165,Ho Man Tin,22.308953,114.181612,0,False,Very Close (<500m),True,True,True
225,2006,384.47523845971585,Jordan,22.3049,114.1718,0,False,Very Close (<500m),True,True,True
225,2006,410.3886098681024,Jordan,22.3049,114.1718,0,False,Very Close (<500m),True,True,True
225,2006,255.0035921023405,Austin station,22.306294,114.164522,0,False,Very Close (<500m),True,True,True
225,2006,257.97852130424627,Yau Ma Tei,22.3129,114.1707,0,False,Very Close (<500m),True,True,True
225,2006,439.55167709143655,Jordan,22.3049,114.1718,0,False,Very Close (<500m),True,True,True
225,2006,340.0518376552453,Yau Ma Tei,22.3129,114.1707,0,False,Very Close (<500m),True,True,True
232,2006,461.27048304628863,Mong Kok East,22.3222,114.1728,0,False,Very Close (<500m),True,True,True
212,2006,354.0090161521561,Tsim Sha Tsui,22.2973,114.1722,0,False,Very Close (<500m),True,True,True
228,2006,254.20384618900587,Yau Ma Tei,22.3129,114.1707,0,False,Very Close (<500m),True,True,True
225,2006,222.19802572812472,Austin station,22.306294,114.164522,0,False,Very Close (<500m),True,True,True
214,2006,200.75353369652436,Tsim Sha Tsui,22.2973,114.1722,0,False,Very Close (<500m),True,True,True
225,2006,278.5994912809137,Yau Ma Tei,22.3129,114.1707,0,False,Very Close (<500m),True,True,True
624,2006,441.57100430672085,Sheung Shui,22.5012,114.128,0,False,Very Close (<500m),True,True,True
742,2006,15807.69866455644,Wu Kai Sha,22.4291,114.2438,0,False,Far (>2km),False,False,False
434,2006,6543.729645209801,AsiaWorld–Expo,22.321988,113.942221,0,False,Far (>2km),False,False,False
244,2006,482.69206195640453,To Kwa Wan,22.3172,114.1876,0,False,Very Close (<500m),True,True,True
244,2006,504.64715205929315,To Kwa Wan,22.3172,114.1876,0,False,Close (500-1000m),True,True,True
225,2006,152.35665395801098,Yau Ma Tei,22.3129,114.1707,0,False,Very Close (<500m),True,True,True
244,2006,429.96126476942305,To Kwa Wan,22.3172,114.1876,0,False,Very Close (<500m),True,True,True
652,2006,10535.543492404564,Fanling,22.490627,114.139289,0,False,Far (>2km),False,False,False
653,2006,12367.078976695087,Wu Kai Sha,22.4291,114.2438,0,False,Far (>2km),False,False,False
225,2006,204.57911778176393,Yau Ma Tei,22.3129,114.1707,0,False,Very Close (<500m),True,True,True
244,2006,444.962030410848,To Kwa Wan,22.3172,114.1876,0,False,Very Close (<500m),True,True,True
244,2006,414.60229838616084,To Kwa Wan,22.3172,114.1876,0,False,Very Close (<500m),True,True,True
653,2006,13834.685842972964,Wu Kai Sha,22.4291,114.2438,0,False,Far (>2km),False,False,False
723,2006,529.7717337283104,Tai Wo,22.4511,114.1611,0,False,Close (500-1000m),True,True,True
247,2006,751.5025350565147,To Kwa Wan,22.3172,114.1876,0,False,Close (500-1000m),False,True,True
225,2006,265.854805813276,Yau Ma Tei,22.3129,114.1707,0,False,Very Close (<500m),True,True,True
265,2006,353.1548979556612,Nam Cheong,22.32829,114.1538,0,False,Very Close (<500m),True,True,True
244,2006,531.3259482504602,To Kwa Wan,22.3172,114.1876,0,False,Close (500-1000m),False,True,True
247,2006,732.305298996048,To Kwa Wan,22.3172,114.1876,0,False,Close (500-1000m),False,True,True
225,2006,419.8822028571669,Yau Ma Tei,22.3129,114.1707,0,False,Very Close (<500m),True,True,True
242,2006,267.02049379375717,To Kwa Wan,22.3172,114.1876,0,False,Very Close (<500m),True,True,True
221,2006,548.4840476105545,Olympic,22.3178,114.1602,0,False,Close (500-1000m),False,True,True
741,2006,2910.7647096043806,Wu Kai Sha,22.4291,114.2438,0,False,Far (>2km),False,False,False
247,2006,771.2163538643819,To Kwa Wan,22.3172,114.1876,0,False,Close (500-1000m),False,True,True
251,2006,336.7062718928841,Airport,22.304925,114.1616,0,False,Very Close (<500m),True,True,True
244,2006,572.6209676613271,Whampoa,22.305852,114.188799,0,False,Close (500-1000m),False,True,True
247,2006,677.1462081521755,To Kwa Wan,22.3172,114.1876,0,False,Close (500-1000m),False,True,True
243,2006,215.1978008593417,Ho Man Tin,22.308953,114.181612,0,False,Very Close (<500m),True,True,True
225,2006,178.63203465774686,Yau Ma Tei,22.3129,114.1707,0,False,Very Close (<500m),True,True,True
723,2006,400.64663650375195,Tai Wo,22.4511,114.1611,0,False,Very Close (<500m),True,True,True
243,2006,465.90655365876285,Whampoa,22.305852,114.188799,0,False,Very Close (<500m),True,True,True
434,2006,7922.954532615275,AsiaWorld–Expo,22.321988,113.942221,0,False,Far (>2km),False,False,False
653,2006,14317.79905638708,Wu Kai Sha,22.4291,114.2438,0,False,Far (>2km),False,False,False
243,2006,295.69795294133297,Ho Man Tin,22.308953,114.181612,0,False,Very Close (<500m),True,True,True
284,2006,547.6274878851181,Kai Tak,22.3304,114.1994,0,False,Close (500-1000m),False,True,True
653,2006,11114.160208157218,Wu Kai Sha,22.4291,114.2438,0,False,Far (>2km),False,False,False
243,2006,266.79917991541174,Ho Man Tin,22.308953,114.181612,0,False,Very Close (<500m),True,True,True
243,2006,368.247567675104,Whampoa,22.305852,114.188799,0,False,Very Close (<500m),True,True,True
221,2006,560.9546853048266,Olympic,22.3178,114.1602,0,False,Close (500-1000m),False,True,True
225,2006,207.4733774891721,Yau Ma Tei,22.3129,114.1707,0,False,Very Close (<500m),True,True,True
264,2006,170.9592003344224,Cheung Sha Wan,22.3354,114.1563,0,False,Very Close (<500m),True,True,True
723,2006,403.2830452238315,Tai Po Market,22.4446,114.1706,0,False,Very Close (<500m),True,True,True
244,2006,468.66037280742785,To Kwa Wan,22.3172,114.1876,0,False,Very Close (<500m),True,True,True
243,2006,502.74436525346454,Whampoa,22.305852,114.188799,0,False,Close (500-1000m),True,True,True
243,2006,266.08156557225743,Ho Man Tin,22.308953,114.181612,0,False,Very Close (<500m),True,True,True
243,2006,402.6359434738239,Ho Man Tin,22.308953,114.181612,0,False,Very Close (<500m),True,True,True
221,2006,564.3599219802854,Olympic,22.3178,114.1602,0,False,Close (500-1000m),False,True,True
624,2006,485.61301257452203,Sheung Shui,22.5012,114.128,0,False,Very Close (<500m),True,True,True
243,2006,213.4657708233386,Whampoa,22.305852,114.188799,0,False,Very Close (<500m),True,True,True
252,2006,190.6925871963068,Austin station,22.306294,114.164522,0,False,Very Close (<500m),True,True,True
625,2006,821.9872748699743,Fanling,22.490627,114.139289,0,False,Close (500-1000m),False,True,True
723,2006,453.07288210402163,Tai Wo,22.4511,114.1611,0,False,Very Close (<500m),True,True,True
653,2006,12496.450066103804,Fanling,22.490627,114.139289,0,False,Far (>2km),False,False,False
225,2006,248.4389786656701,Yau Ma Tei,22.3129,114.1707,0,False,Very Close (<500m),True,True,True
214,2006,170.93326435141546,East Tsim Sha Tsui,22.295195,114.174446,0,False,Very Close (<500m),True,True,True
267,2006,233.86126865497965,Sham Shui Po,22.330141,114.163247,0,False,Very Close (<500m),True,True,True
294,2006,568.666191607209,Kwun Tong,22.311559,114.227765,0,False,Close (500-1000m),False,True,True
294,2006,430.26886824768377,Ngau Tau Kok,22.3154,114.2193,0,False,Very Close (<500m),True,True,True
221,2006,150.16748779061325,Olympic,22.3178,114.1602,0,False,Very Close (<500m),True,True,True
225,2006,158.53002081117708,Jordan,22.3049,114.1718,0,False,Very Close (<500m),True,True,True
261,2006,486.2874452989309,Lai Chi Kok,22.3373,114.1482,0,False,Very Close (<500m),True,True,True
229,2006,681.9259383212275,Olympic,22.3178,114.1602,0,False,Close (500-1000m),False,True,True
625,2006,913.9218959806972,Fanling,22.490627,114.139289,0,False,Close (500-1000m),False,True,True
294,2006,558.7994789954244,Kwun Tong,22.311559,114.227765,0,False,Close (500-1000m),False,True,True
221,2006,541.5385084432737,Mong Kok,22.321624,114.172537,0,False,Close (500-1000m),True,True,True
229,2006,494.96695305335476,Yau Ma Tei,22.3129,114.1707,0,False,Very Close (<500m),True,True,True
229,2006,654.7249717967693,Olympic,22.3178,114.1602,0,False,Close (500-1000m),False,True,True
232,2006,436.28899364224003,Mong Kok East,22.3222,114.1728,0,False,Very Close (<500m),True,True,True
228,2006,214.95197143625057,Yau Ma Tei,22.3129,114.1707,0,False,Very Close (<500m),True,True,True
285,2006,638.3532121868936,Sung Wong Toi,22.326139,114.190407,0,False,Close (500-1000m),False,True,True
244,2006,440.6533284624994,To Kwa Wan,22.3172,114.1876,0,False,Very Close (<500m),True,True,True
243,2006,275.6292017648002,Ho Man Tin,22.308953,114.181612,0,False,Very Close (<500m),True,True,True
221,2006,471.7183811194351,Prince Edward,22.3245,114.1683,0,False,Very Close (<500m),True,True,True
294,2006,488.0415894557825,Ngau Tau Kok,22.3154,114.2193,0,False,Very Close (<500m),True,True,True
225,2006,173.43691089168968,Yau Ma Tei,22.3129,114.1707,0,False,Very Close (<500m),True,True,True
242,2006,515.8607075102389,Sung Wong Toi,22.326139,114.190407,0,False,Close (500-1000m),True,True,True
284,2006,741.1031883689584,Kai Tak,22.3304,114.1994,0,False,Close (500-1000m),False,True,True
243,2006,347.1288181402348,Ho Man Tin,22.308953,114.181612,0,False,Very Close (<500m),True,True,True
242,2006,631.8398517701237,Sung Wong Toi,22.326139,114.190407,0,False,Close (500-1000m),False,True,True
271,2006,697.8810514122687,Kowloon Tong,22.336809,114.177245,0,False,Close (500-1000m),False,True,True
242,2006,653.195044180608,Sung Wong Toi,22.326139,114.190407,0,False,Close (500-1000m),False,True,True
242,2006,571.2348780347853,Sung Wong Toi,22.326139,114.190407,0,False,Close (500-1000m),False,True,True
225,2006,424.0957273034164,Jordan,22.3049,114.1718,0,False,Very Close (<500m),True,True,True
225,2006,231.41134555909156,Jordan,22.3049,114.1718,0,False,Very Close (<500m),True,True,True
225,2006,164.41721828638813,Austin station,22.306294,114.164522,0,False,Very Close (<500m),True,True,True
242,2006,533.8095520876935,Sung Wong Toi,22.326139,114.190407,0,False,Close (500-1000m),True,True,True
243,2006,391.1507684260711,Ho Man Tin,22.308953,114.181612,0,False,Very Close (<500m),True,True,True
242,2006,482.6392742253779,Sung Wong Toi,22.326139,114.190407,0,False,Very Close (<500m),True,True,True
225,2006,325.25571818085064,Jordan,22.3049,114.1718,0,False,Very Close (<500m),True,True,True
242,2006,552.5115726359861,Sung Wong Toi,22.326139,114.190407,0,False,Close (500-1000m),False,True,True
221,2006,327.68633325098904,Prince Edward,22.3245,114.1683,0,False,Very Close (<500m),True,True,True
221,2006,534.1780859481494,Olympic,22.3178,114.1602,0,False,Close (500-1000m),True,True,True
225,2006,388.89772379068535,Jordan,22.3049,114.1718,0,False,Very Close (<500m),True,True,True
242,2006,611.3105554352164,Sung Wong Toi,22.326139,114.190407,0,False,Close (500-1000m),False,True,True
267,2006,426.3521236658784,Sham Shui Po,22.330141,114.163247,0,False,Very Close (<500m),True,True,True
225,2006,355.245771865773,Jordan,22.3049,114.1718,0,False,Very Close (<500m),True,True,True
294,2006,513.4047074418041,Ngau Tau Kok,22.3154,114.2193,0,False,Close (500-1000m),True,True,True
294,2006,540.672852696021,Kwun Tong,22.311559,114.227765,0,False,Close (500-1000m),False,True,True
225,2006,193.87199366218303,Jordan,22.3049,114.1718,0,False,Very Close (<500m),True,True,True
225,2006,220.83787083578542,Yau Ma Tei,22.3129,114.1707,0,False,Very Close (<500m),True,True,True
225,2006,273.7055448832447,Jordan,22.3049,114.1718,0,False,Very Close (<500m),True,True,True
225,2006,160.29023592693633,Yau Ma Tei,22.3129,114.1707,0,False,Very Close (<500m),True,True,True
225,2006,386.4806449815311,Jordan,22.3049,114.1718,0,False,Very Close (<500m),True,True,True
221,2006,489.53366833740296,Prince Edward,22.3245,114.1683,0,False,Very Close (<500m),True,True,True
225,2006,461.9431367231858,Jordan,22.3049,114.1718,0,False,Very Close (<500m),True,True,True
225,2006,315.21490935941694,Jordan,22.3049,114.1718,0,False,Very Close (<500m),True,True,True
221,2006,198.54558541649567,Prince Edward,22.3245,114.1683,0,False,Very Close (<500m),True,True,True
236,2006,249.00735921258442,Ho Man Tin,22.308953,114.181612,0,False,Very Close (<500m),True,True,True
225,2006,335.57694291994113,Austin,22.304236,114.166601,0,False,Very Close (<500m),True,True,True
225,2006,271.7600896427448,Jordan,22.3049,114.1718,0,False,Very Close (<500m),True,True,True
228,2006,218.18356658438927,Yau Ma Tei,22.3129,114.1707,0,False,Very Close (<500m),True,True,True
225,2006,216.20463958266362,Jordan,22.3049,114.1718,0,False,Very Close (<500m),True,True,True
225,2006,347.2612585868748,Jordan,22.3049,114.1718,0,False,Very Close (<500m),True,True,True
244,2006,334.2785612143176,To Kwa Wan,22.3172,114.1876,0,False,Very Close (<500m),True,True,True
225,2006,242.3090521193652,Jordan,22.3049,114.1718,0,False,Very Close (<500m),True,True,True
243,2006,152.12100815226248,Ho Man Tin,22.308953,114.181612,0,False,Very Close (<500m),True,True,True
225,2006,308.6941171968954,Jordan,22.3049,114.1718,0,False,Very Close (<500m),True,True,True
225,2006,470.7037807492182,Jordan,22.3049,114.1718,0,False,Very Close (<500m),True,True,True
268,2006,725.8296639846344,Shek Kip Mei,22.332,114.1687,0,False,Close (500-1000m),False,True,True
221,2006,450.3491361163458,Sham Shui Po,22.330141,114.163247,0,False,Very Close (<500m),True,True,True
225,2006,402.2882680404877,Austin,22.304236,114.166601,0,False,Very Close (<500m),True,True,True
247,2006,706.576427566152,To Kwa Wan,22.3172,114.1876,0,False,Close (500-1000m),False,True,True
225,2006,190.87982424784454,Austin station,22.306294,114.164522,0,False,Very Close (<500m),True,True,True
247,2006,535.0849427244515,To Kwa Wan,22.3172,114.1876,0,False,Close (500-1000m),True,True,True
220,2006,150.99312570145676,Yau Ma Tei,22.3129,114.1707,0,False,Very Close (<500m),True,True,True
225,2006,239.59239840704586,Austin station,22.306294,114.164522,0,False,Very Close (<500m),True,True,True
221,2006,635.2222033069661,Prince Edward,22.3245,114.1683,0,False,Close (500-1000m),False,True,True
742,2006,19411.644364626478,Wu Kai Sha,22.4291,114.2438,0,False,Far (>2km),False,False,False
267,2006,301.26797743947986,Prince Edward,22.3245,114.1683,0,False,Very Close (<500m),True,True,True
294,2006,210.04690479622263,Ngau Tau Kok,22.3154,114.2193,0,False,Very Close (<500m),True,True,True
221,2006,594.8828949683196,Olympic,22.3178,114.1602,0,False,Close (500-1000m),False,True,True
221,2006,558.687236189358,Olympic,22.3178,114.1602,0,False,Close (500-1000m),False,True,True
244,2006,492.0389486234784,To Kwa Wan,22.3172,114.1876,0,False,Very Close (<500m),True,True,True
723,2006,435.31000091961926,Tai Po Market,22.4446,114.1706,0,False,Very Close (<500m),True,True,True
241,2006,220.51951578657355,To Kwa Wan,22.3172,114.1876,0,False,Very Close (<500m),True,True,True
741,2006,3308.5149226651797,Wu Kai Sha,22.4291,114.2438,0,False,Far (>2km),False,False,False
225,2006,161.41147016597617,Jordan,22.3049,114.1718,0,False,Very Close (<500m),True,True,True
723,2006,615.6458340538567,Tai Po Market,22.4446,114.1706,0,False,Close (500-1000m),False,True,True
222,2006,281.5658988595159,Mong Kok,22.321624,114.172537,0,False,Very Close (<500m),True,True,True
225,2006,505.02311140919136,Jordan,22.3049,114.1718,0,False,Close (500-1000m),True,True,True
211,2006,236.2150574091188,Austin,22.304236,114.166601,0,False,Very Close (<500m),True,True,True
229,2006,400.72765355937696,Yau Ma Tei,22.3129,114.1707,0,False,Very Close (<500m),True,True,True
229,2006,389.2001920552981,Yau Ma Tei,22.3129,114.1707,0,False,Very Close (<500m),True,True,True
244,2006,568.3316896386939,To Kwa Wan,22.3172,114.1876,0,False,Close (500-1000m),False,True,True
723,2006,466.1901974918827,Tai Po Market,22.4446,114.1706,0,False,Very Close (<500m),True,True,True
222,2006,166.54494467093522,Mong Kok,22.321624,114.172537,0,False,Very Close (<500m),True,True,True
225,2006,283.40576853170876,Austin station,22.306294,114.164522,0,False,Very Close (<500m),True,True,True
225,2006,259.6262774404262,Austin station,22.306294,114.164522,0,False,Very Close (<500m),True,True,True
245,2006,413.809355470833,Whampoa,22.305852,114.188799,0,False,Very Close (<500m),True,True,True
625,2006,919.2373882781256,Fanling,22.490627,114.139289,0,False,Close (500-1000m),False,True,True
225,2006,265.80466377503365,Austin,22.304236,114.166601,0,False,Very Close (<500m),True,True,True
225,2006,310.1177422005468,Austin station,22.306294,114.164522,0,False,Very Close (<500m),True,True,True
225,2006,358.51180866623133,Jordan,22.3049,114.1718,0,False,Very Close (<500m),True,True,True
225,2006,298.91527121210635,Yau Ma Tei,22.3129,114.1707,0,False,Very Close (<500m),True,True,True
653,2006,10140.612980493379,Fanling,22.490627,114.139289,0,False,Far (>2km),False,False,False
653,2006,12345.851864624878,Wu Kai Sha,22.4291,114.2438,0,False,Far (>2km),False,False,False
625,2006,1201.177558102061,Fanling,22.490627,114.139289,0,False,Moderate (1-2km),False,False,True
222,2006,224.1027561831323,Mong Kok,22.321624,114.172537,0,False,Very Close (<500m),True,True,True
225,2006,248.68772009141932,Jordan,22.3049,114.1718,0,False,Very Close (<500m),True,True,True
267,2006,267.3834599079613,Sham Shui Po,22.330141,114.163247,0,False,Very Close (<500m),True,True,True
221,2006,456.4771016190523,Prince Edward,22.3245,114.1683,0,False,Very Close (<500m),True,True,True
243,2006,309.03224644343993,Whampoa,22.305852,114.188799,0,False,Very Close (<500m),True,True,True
228,2006,281.25350219203773,Yau Ma Tei,22.3129,114.1707,0,False,Very Close (<500m),True,True,True
220,2006,233.24270221947233,Yau Ma Tei,22.3129,114.1707,0,False,Very Close (<500m),True,True,True
267,2006,383.3371011935193,Prince Edward,22.3245,114.1683,0,False,Very Close (<500m),True,True,True
723,2006,553.2998702699921,Tai Po Market,22.4446,114.1706,0,False,Close (500-1000m),False,True,True
652,2006,10339.097867628383,Fanling,22.490627,114.139289,0,False,Far (>2km),False,False,False
624,2006,465.7374131063093,Sheung Shui,22.5012,114.128,0,False,Very Close (<500m),True,True,True
272,2006,388.97097228062705,Lok Fu,22.338,114.1871,0,False,Very Close (<500m),True,True,True
221,2006,408.3992273616629,Mong Kok,22.321624,114.172537,0,False,Very Close (<500m),True,True,True
229,2006,590.3626089891904,Yau Ma Tei,22.3129,114.1707,0,False,Close (500-1000m),False,True,True
284,2006,726.2051935042997,Wong Tai Sin,22.341839,114.192124,0,False,Close (500-1000m),False,True,True
723,2006,489.9198096144742,Tai Po Market,22.4446,114.1706,0,False,Very Close (<500m),True,True,True
221,2006,188.1113405755929,Olympic,22.3178,114.1602,0,False,Very Close (<500m),True,True,True
235,2006,361.2641558357934,Mong Kok,22.321624,114.172537,0,False,Very Close (<500m),True,True,True
625,2006,385.9130686825994,Fanling,22.490627,114.139289,0,False,Very Close (<500m),True,True,True
221,2006,457.47888940402765,Prince Edward,22.3245,114.1683,0,False,Very Close (<500m),True,True,True
242,2006,464.6066812394765,Sung Wong Toi,22.326139,114.190407,0,False,Very Close (<500m),True,True,True
221,2006,658.0611989531027,Olympic,22.3178,114.1602,0,False,Close (500-1000m),False,True,True
222,2006,342.6821363001877,Mong Kok,22.321624,114.172537,0,False,Very Close (<500m),True,True,True
245,2006,232.3031229452638,Whampoa,22.305852,114.188799,0,False,Very Close (<500m),True,True,True
261,2006,623.2801289716772,Cheung Sha Wan,22.3354,114.1563,0,False,Close (500-1000m),False,True,True
225,2006,325.79870985854495,Yau Ma Tei,22.3129,114.1707,0,False,Very Close (<500m),True,True,True
243,2006,243.40054207876764,Ho Man Tin,22.308953,114.181612,0,False,Very Close (<500m),True,True,True
243,2006,292.6833431489563,Whampoa,22.305852,114.188799,0,False,Very Close (<500m),True,True,True
284,2006,636.7005686826128,Kai Tak,22.3304,114.1994,0,False,Close (500-1000m),False,True,True
723,2006,596.945004140161,Tai Wo,22.4511,114.1611,0,False,Close (500-1000m),False,True,True
228,2006,170.88200648581315,Yau Ma Tei,22.3129,114.1707,0,False,Very Close (<500m),True,True,True
624,2006,358.3145612524929,Sheung Shui,22.5012,114.128,0,False,Very Close (<500m),True,True,True
228,2006,310.15939891944055,Yau Ma Tei,22.3129,114.1707,0,False,Very Close (<500m),True,True,True
241,2006,280.8858021423511,To Kwa Wan,22.3172,114.1876,0,False,Very Close (<500m),True,True,True
294,2006,518.082588130658,Kwun Tong,22.311559,114.227765,0,False,Close (500-1000m),True,True,True
242,2006,680.3601981386552,Sung Wong Toi,22.326139,114.190407,0,False,Close (500-1000m),False,True,True
723,2006,493.2770499476113,Tai Wo,22.4511,114.1611,0,False,Very Close (<500m),True,True,True
271,2006,797.9034455502295,Kowloon Tong,22.336809,114.177245,0,False,Close (500-1000m),False,True,True
624,2006,353.5965201877125,Sheung Shui,22.5012,114.128,0,False,Very Close (<500m),True,True,True
625,2006,966.6490593050364,Fanling,22.490627,114.139289,0,False,Close (500-1000m),False,True,True
229,2006,604.3387856881866,Yau Ma Tei,22.3129,114.1707,0,False,Close (500-1000m),False,True,True
227,2006,420.55132108140174,Mong Kok,22.321624,114.172537,0,False,Very Close (<500m),True,True,True
251,2006,597.6672123930414,Airport,22.304925,114.1616,0,False,Close (500-1000m),False,True,True
245,2006,359.6192741347944,Whampoa,22.305852,114.188799,0,False,Very Close (<500m),True,True,True
222,2006,256.1009785848779,Mong Kok,22.321624,114.172537,0,False,Very Close (<500m),True,True,True
266,2006,220.75475379461977,Sham Shui Po,22.330141,114.163247,0,False,Very Close (<500m),True,True,True
221,2006,384.70654328893426,Prince Edward,22.3245,114.1683,0,False,Very Close (<500m),True,True,True
221,2006,365.15425342500953,Prince Edward,22.3245,114.1683,0,False,Very Close (<500m),True,True,True
211,2006,190.5507094846823,Jordan,22.3049,114.1718,0,False,Very Close (<500m),True,True,True
434,2006,5730.328188082028,AsiaWorld–Expo,22.321988,113.942221,0,False,Far (>2km),False,False,False
221,2006,138.61811545318025,Prince Edward,22.3245,114.1683,0,False,Very Close (<500m),True,True,True
227,2006,289.5287963965199,Mong Kok,22.321624,114.172537,0,False,Very Close (<500m),True,True,True
294,2006,684.5355741030368,Ngau Tau Kok,22.3154,114.2193,0,False,Close (500-1000m),False,True,True
267,2006,276.23650388801815,Prince Edward,22.3245,114.1683,0,False,Very Close (<500m),True,True,True
243,2006,207.49808850780852,Ho Man Tin,22.308953,114.181612,0,False,Very Close (<500m),True,True,True
226,2006,258.73623436839927,Yau Ma Tei,22.3129,114.1707,0,False,Very Close (<500m),True,True,True
625,2006,878.1399836588057,Fanling,22.490627,114.139289,0,False,Close (500-1000m),False,True,True
228,2006,182.05566894220846,Yau Ma Tei,22.3129,114.1707,0,False,Very Close (<500m),True,True,True
226,2006,263.05845234691566,Jordan,22.3049,114.1718,0,False,Very Close (<500m),True,True,True
625,2006,1005.7556768846854,Fanling,22.490627,114.139289,0,False,Moderate (1-2km),False,True,True
242,2006,499.0727074098088,Sung Wong Toi,22.326139,114.190407,0,False,Very Close (<500m),True,True,True
625,2006,1059.7714601624261,Fanling,22.490627,114.139289,0,False,Moderate (1-2km),False,False,True
242,2006,105.87781769198382,To Kwa Wan,22.3172,114.1876,0,False,Very Close (<500m),True,True,True
227,2006,472.943998240101,Mong Kok,22.321624,114.172537,0,False,Very Close (<500m),True,True,True
221,2006,461.83235075018627,Olympic,22.3178,114.1602,0,False,Very Close (<500m),True,True,True
229,2006,577.9476543386289,Mong Kok,22.321624,114.172537,0,False,Close (500-1000m),False,True,True
252,2006,324.9382102989377,Austin station,22.306294,114.164522,0,False,Very Close (<500m),True,True,True
226,2006,306.90371761024784,Jordan,22.3049,114.1718,0,False,Very Close (<500m),True,True,True
226,2006,165.10270910401218,Jordan,22.3049,114.1718,0,False,Very Close (<500m),True,True,True
261,2006,563.0810794146521,Cheung Sha Wan,22.3354,114.1563,0,False,Close (500-1000m),False,True,True
211,2006,99.05105282713967,Jordan,22.3049,114.1718,0,False,Very Close (<500m),True,True,True
221,2006,304.33124875672144,Prince Edward,22.3245,114.1683,0,False,Very Close (<500m),True,True,True
267,2006,404.29754425928786,Sham Shui Po,22.330141,114.163247,0,False,Very Close (<500m),True,True,True
244,2006,535.3443469357156,To Kwa Wan,22.3172,114.1876,0,False,Close (500-1000m),True,True,True
723,2006,562.936141633609,Tai Po Market,22.4446,114.1706,0,False,Close (500-1000m),True,True,True
284,2006,696.5536468482564,Kai Tak,22.3304,114.1994,0,False,Close (500-1000m),False,True,True
225,2006,290.13105064819905,Jordan,22.3049,114.1718,0,False,Very Close (<500m),True,True,True
221,2006,567.4167657818292,Prince Edward,22.3245,114.1683,0,False,Close (500-1000m),False,True,True
653,2006,11870.202491742013,Wu Kai Sha,22.4291,114.2438,0,False,Far (>2km),False,False,False
229,2006,334.461348971187,Yau Ma Tei,22.3129,114.1707,0,False,Very Close (<500m),True,True,True
228,2006,151.7826338086867,Yau Ma Tei,22.3129,114.1707,0,False,Very Close (<500m),True,True,True
211,2006,150.3016807427931,Jordan,22.3049,114.1718,0,False,Very Close (<500m),True,True,True
229,2006,320.5598473950306,Yau Ma Tei,22.3129,114.1707,0,False,Very Close (<500m),True,True,True
221,2006,273.2611106108776,Prince Edward,22.3245,114.1683,0,False,Very Close (<500m),True,True,True
243,2006,184.21775188245903,Ho Man Tin,22.308953,114.181612,0,False,Very Close (<500m),True,True,True
242,2006,255.6626315118432,To Kwa Wan,22.3172,114.1876,0,False,Very Close (<500m),True,True,True
294,2006,399.2708997310787,Ngau Tau Kok,22.3154,114.2193,0,False,Very Close (<500m),True,True,True
426,2006,2675.78802557003,Tuen Mun,22.394156,113.973948,0,False,Far (>2km),False,False,False
241,2006,170.9711098953582,To Kwa Wan,22.3172,114.1876,0,False,Very Close (<500m),True,True,True
241,2006,477.95634012784393,To Kwa Wan,22.3172,114.1876,0,False,Very Close (<500m),True,True,True
229,2006,512.2283499164162,Yau Ma Tei,22.3129,114.1707,0,False,Close (500-1000m),True,True,True
229,2006,620.8964451961679,Mong Kok,22.321624,114.172537,0,False,Close (500-1000m),False,True,True
221,2006,546.9714410725737,Prince Edward,22.3245,114.1683,0,False,Close (500-1000m),True,True,True
723,2006,348.914497906176,Tai Wo,22.4511,114.1611,0,False,Very Close (<500m),True,True,True
284,2006,734.0803851721867,Wong Tai Sin,22.341839,114.192124,0,False,Close (500-1000m),False,True,True
241,2006,54.50694643966514,To Kwa Wan,22.3172,114.1876,0,False,Very Close (<500m),True,True,True
267,2006,318.41788564326674,Sham Shui Po,22.330141,114.163247,0,False,Very Close (<500m),True,True,True
294,2006,493.7443610944584,Kwun Tong,22.311559,114.227765,0,False,Very Close (<500m),True,True,True
284,2006,674.8212624818448,Wong Tai Sin,22.341839,114.192124,0,False,Close (500-1000m),False,True,True
227,2006,442.3378718709363,Mong Kok,22.321624,114.172537,0,False,Very Close (<500m),True,True,True
212,2006,548.5744111510162,Jordan,22.3049,114.1718,0,False,Close (500-1000m),True,True,True
221,2006,492.21520330540164,Olympic,22.3178,114.1602,0,False,Very Close (<500m),True,True,True
243,2006,517.7653907436576,To Kwa Wan,22.3172,114.1876,0,False,Close (500-1000m),True,True,True
723,2006,579.5258542975031,Tai Wo,22.4511,114.1611,0,False,Close (500-1000m),False,True,True
221,2006,131.74205003330042,Prince Edward,22.3245,114.1683,0,False,Very Close (<500m),True,True,True
221,2006,667.3467125500946,Olympic,22.3178,114.1602,0,False,Close (500-1000m),False,True,True
227,2006,379.6513670232441,Mong Kok,22.321624,114.172537,0,False,Very Close (<500m),True,True,True
267,2006,282.1615699092427,Sham Shui Po,22.330141,114.163247,0,False,Very Close (<500m),True,True,True
723,2006,578.8095975870893,Tai Wo,22.4511,114.1611,0,False,Close (500-1000m),False,True,True
211,2006,155.7676853777476,Jordan,22.3049,114.1718,0,False,Very Close (<500m),True,True,True
624,2006,521.6166513138448,Sheung Shui,22.5012,114.128,0,False,Close (500-1000m),True,True,True
211,2006,198.65098950082137,Jordan,22.3049,114.1718,0,False,Very Close (<500m),True,True,True
294,2006,230.55687373387414,Ngau Tau Kok,22.3154,114.2193,0,False,Very Close (<500m),True,True,True
227,2006,408.0848232912127,Mong Kok,22.321624,114.172537,0,False,Very Close (<500m),True,True,True
742,2006,19370.838330196075,Wu Kai Sha,22.4291,114.2438,0,False,Far (>2km),False,False,False
227,2006,249.29399816197437,Mong Kok,22.321624,114.172537,0,False,Very Close (<500m),True,True,True
221,2006,570.2924362305116,Prince Edward,22.3245,114.1683,0,False,Close (500-1000m),False,True,True
225,2006,168.86533264965612,Yau Ma Tei,22.3129,114.1707,0,False,Very Close (<500m),True,True,True
211,2006,44.037223621856555,Jordan,22.3049,114.1718,0,False,Very Close (<500m),True,True,True
267,2006,255.18865044425317,Sham Shui Po,22.330141,114.163247,0,False,Very Close (<500m),True,True,True
625,2006,825.5774904088453,Fanling,22.490627,114.139289,0,False,Close (500-1000m),False,True,True
243,2006,568.2521728388406,To Kwa Wan,22.3172,114.1876,0,False,Close (500-1000m),False,True,True
723,2006,586.6476486911502,Tai Wo,22.4511,114.1611,0,False,Close (500-1000m),False,True,True
243,2006,583.0668679802142,Whampoa,22.305852,114.188799,0,False,Close (500-1000m),False,True,True
527,2006,1015.319744850408,Long Ping,22.449302,114.027269,0,False,Moderate (1-2km),False,True,True
221,2006,234.42234389220744,Prince Edward,22.3245,114.1683,0,False,Very Close (<500m),True,True,True
231,2006,688.0161001653415,Sung Wong Toi,22.326139,114.190407,0,False,Close (500-1000m),False,True,True
267,2006,366.8654767640444,Sham Shui Po,22.330141,114.163247,0,False,Very Close (<500m),True,True,True
624,2006,282.72042662937827,Sheung Shui,22.5012,114.128,0,False,Very Close (<500m),True,True,True
244,2006,389.13853094944284,To Kwa Wan,22.3172,114.1876,0,False,Very Close (<500m),True,True,True
625,2006,1016.6666477224579,Fanling,22.490627,114.139289,0,False,Moderate (1-2km),False,True,True
228,2006,235.71061054449206,Yau Ma Tei,22.3129,114.1707,0,False,Very Close (<500m),True,True,True
221,2006,417.72367324431826,Prince Edward,22.3245,114.1683,0,False,Very Close (<500m),True,True,True
723,2006,484.8658226161511,Tai Po Market,22.4446,114.1706,0,False,Very Close (<500m),True,True,True
723,2006,383.6315334282491,Tai Po Market,22.4446,114.1706,0,False,Very Close (<500m),True,True,True
228,2006,254.37474144674462,Yau Ma Tei,22.3129,114.1707,0,False,Very Close (<500m),True,True,True
625,2006,993.2007085149738,Fanling,22.490627,114.139289,0,False,Close (500-1000m),False,True,True
222,2006,308.1436304246219,Mong Kok,22.321624,114.172537,0,False,Very Close (<500m),True,True,True
266,2006,213.55779571030877,Sham Shui Po,22.330141,114.163247,0,False,Very Close (<500m),True,True,True
222,2006,207.75500969069546,Mong Kok,22.321624,114.172537,0,False,Very Close (<500m),True,True,True
226,2006,442.567365733254,Yau Ma Tei,22.3129,114.1707,0,False,Very Close (<500m),True,True,True
267,2006,252.0279799048689,Sham Shui Po,22.330141,114.163247,0,False,Very Close (<500m),True,True,True
283,2006,552.5254689280329,Sung Wong Toi,22.326139,114.190407,0,False,Close (500-1000m),False,True,True
211,2006,232.6963869151253,Jordan,22.3049,114.1718,0,False,Very Close (<500m),True,True,True
241,2006,146.45426312130067,To Kwa Wan,22.3172,114.1876,0,False,Very Close (<500m),True,True,True
229,2006,578.1340643436934,Yau Ma Tei,22.3129,114.1707,0,False,Close (500-1000m),False,True,True
245,2006,394.6073558608734,Ho Man Tin,22.308953,114.181612,0,False,Very Close (<500m),True,True,True
267,2006,361.71416734422996,Sham Shui Po,22.330141,114.163247,0,False,Very Close (<500m),True,True,True
267,2006,232.29817932128833,Sham Shui Po,22.330141,114.163247,0,False,Very Close (<500m),True,True,True
228,2006,70.74462233928274,Yau Ma Tei,22.3129,114.1707,0,False,Very Close (<500m),True,True,True
226,2006,358.01003779078025,Jordan,22.3049,114.1718,0,False,Very Close (<500m),True,True,True
294,2006,650.2226151775235,Kwun Tong,22.311559,114.227765,0,False,Close (500-1000m),False,True,True
221,2006,617.423099065481,Prince Edward,22.3245,114.1683,0,False,Close (500-1000m),False,True,True
243,2006,417.2813563049233,Whampoa,22.305852,114.188799,0,False,Very Close (<500m),True,True,True
227,2006,477.17426616596975,Yau Ma Tei,22.3129,114.1707,0,False,Very Close (<500m),True,True,True
267,2006,399.29908551933346,Sham Shui Po,22.330141,114.163247,0,False,Very Close (<500m),True,True,True
723,2006,575.5543830607412,Tai Wo,22.4511,114.1611,0,False,Close (500-1000m),False,True,True
229,2006,531.9376721604623,Mong Kok,22.321624,114.172537,0,False,Close (500-1000m),True,True,True
243,2006,584.7491350415601,Ho Man Tin,22.308953,114.181612,0,False,Close (500-1000m),False,True,True
227,2006,473.02160454054615,Mong Kok,22.321624,114.172537,0,False,Very Close (<500m),True,True,True
261,2006,614.4192075163496,Lai Chi Kok,22.3373,114.1482,0,False,Close (500-1000m),False,True,True
267,2006,245.47553460511625,Sham Shui Po,22.330141,114.163247,0,False,Very Close (<500m),True,True,True
214,2006,38.57106788537208,Tsim Sha Tsui,22.2973,114.1722,1,True,Very Close (<500m),True,True,True
229,2006,381.59355267043514,Yau Ma Tei,22.3129,114.1707,0,False,Very Close (<500m),True,True,True
221,2006,433.47589016584124,Olympic,22.3178,114.1602,0,False,Very Close (<500m),True,True,True
294,2006,338.5164158061151,Ngau Tau Kok,22.3154,114.2193,0,False,Very Close (<500m),True,True,True
255,2006,313.3120421143606,Nam Cheong,22.32829,114.1538,0,False,Very Close (<500m),True,True,True
241,2006,57.57676411861215,To Kwa Wan,22.3172,114.1876,0,False,Very Close (<500m),True,True,True
226,2006,213.93176017856285,Jordan,22.3049,114.1718,0,False,Very Close (<500m),True,True,True
267,2006,208.14086948946613,Sham Shui Po,22.330141,114.163247,0,False,Very Close (<500m),True,True,True
227,2006,492.0169810823272,Yau Ma Tei,22.3129,114.1707,0,False,Very Close (<500m),True,True,True
227,2006,483.6469275578934,Mong Kok,22.321624,114.172537,0,False,Very Close (<500m),True,True,True
264,2006,420.8623844735138,Cheung Sha Wan,22.3354,114.1563,0,False,Very Close (<500m),True,True,True
261,2006,515.6462535689686,Lai Chi Kok,22.3373,114.1482,0,False,Close (500-1000m),True,True,True
241,2006,392.07199665373776,Sung Wong Toi,22.326139,114.190407,0,False,Very Close (<500m),True,True,True
221,2006,461.6699578033816,Prince Edward,22.3245,114.1683,0,False,Very Close (<500m),True,True,True
244,2006,395.601311233812,To Kwa Wan,22.3172,114.1876,0,False,Very Close (<500m),True,True,True
653,2006,12065.212402903062,Wu Kai Sha,22.4291,114.2438,0,False,Far (>2km),False,False,False
264,2006,550.1845167230578,Cheung Sha Wan,22.3354,114.1563,0,False,Close (500-1000m),True,True,True
267,2006,165.44782459149593,Sham Shui Po,22.330141,114.163247,0,False,Very Close (<500m),True,True,True
241,2006,282.0142032919903,Sung Wong Toi,22.326139,114.190407,0,False,Very Close (<500m),True,True,True
227,2006,368.0587739142512,Mong Kok,22.321624,114.172537,0,False,Very Close (<500m),True,True,True
653,2006,12713.680071632554,Wu Kai Sha,22.4291,114.2438,0,False,Far (>2km),False,False,False
266,2006,307.1137044042652,Sham Shui Po,22.330141,114.163247,0,False,Very Close (<500m),True,True,True
284,2006,606.9961583127022,Kai Tak,22.3304,114.1994,0,False,Close (500-1000m),False,True,True
242,2006,405.9199424373714,Sung Wong Toi,22.326139,114.190407,0,False,Very Close (<500m),True,True,True
212,2006,159.65010758554257,Jordan,22.3049,114.1718,0,False,Very Close (<500m),True,True,True
298,2006,412.4044777307012,Yau Tong,22.2979,114.2371,0,False,Very Close (<500m),True,True,True
424,2006,633.9878857619009,Tuen Mun,22.394156,113.973948,0,False,Close (500-1000m),False,True,True
233,2006,741.3835378698236,Sung Wong Toi,22.326139,114.190407,0,False,Close (500-1000m),False,True,True
226,2006,83.35018190793294,Yau Ma Tei,22.3129,114.1707,1,True,Very Close (<500m),True,True,True
323,2006,1367.2200467073396,Tsuen Wan station,22.373698,114.117726,0,False,Moderate (1-2km),False,False,True
271,2006,664.6801491312764,Kowloon Tong,22.336809,114.177245,0,False,Close (500-1000m),False,True,True
247,2006,510.2143826125897,To Kwa Wan,22.3172,114.1876,0,False,Close (500-1000m),True,True,True
221,2006,586.0920783391788,Prince Edward,22.3245,114.1683,0,False,Close (500-1000m),True,True,True
255,2006,337.8090277552759,Nam Cheong,22.32829,114.1538,0,False,Very Close (<500m),True,True,True
285,2006,246.5565396977557,Sung Wong Toi,22.326139,114.190407,0,False,Very Close (<500m),True,True,True
211,2006,277.494423910799,Jordan,22.3049,114.1718,0,False,Very Close (<500m),True,True,True
266,2006,249.59433260479565,Sham Shui Po,22.330141,114.163247,0,False,Very Close (<500m),True,True,True
625,2006,1044.1315664802455,Fanling,22.490627,114.139289,0,False,Moderate (1-2km),False,True,True
225,2006,419.1466261816972,Yau Ma Tei,22.3129,114.1707,0,False,Very Close (<500m),True,True,True
245,2006,403.5874665695644,Ho Man Tin,22.308953,114.181612,0,False,Very Close (<500m),True,True,True
214,2006,207.21225542606635,Tsim Sha Tsui,22.2973,114.1722,0,False,Very Close (<500m),True,True,True
228,2006,121.02249182562684,Yau Ma Tei,22.3129,114.1707,0,False,Very Close (<500m),True,True,True
267,2006,307.07728988041123,Sham Shui Po,22.330141,114.163247,0,False,Very Close (<500m),True,True,True
211,2006,248.75088199854997,Austin,22.304236,114.166601,0,False,Very Close (<500m),True,True,True
221,2006,532.968468149178,Prince Edward,22.3245,114.1683,0,False,Close (500-1000m),True,True,True
284,2006,664.9768264505569,Diamond Hill,22.339189,114.202382,0,False,Close (500-1000m),False,True,True
222,2006,228.81791445990194,Prince Edward,22.3245,114.1683,0,False,Very Close (<500m),True,True,True
267,2006,314.71472104063645,Shek Kip Mei,22.332,114.1687,0,False,Very Close (<500m),True,True,True
227,2006,455.85688219836095,Mong Kok,22.321624,114.172537,0,False,Very Close (<500m),True,True,True
221,2006,531.4969470542526,Olympic,22.3178,114.1602,0,False,Close (500-1000m),True,True,True
211,2006,247.5684820627075,Jordan,22.3049,114.1718,0,False,Very Close (<500m),True,True,True
294,2006,470.0071176607741,Ngau Tau Kok,22.3154,114.2193,0,False,Very Close (<500m),True,True,True
221,2006,489.04658278252214,Mong Kok,22.321624,114.172537,0,False,Very Close (<500m),True,True,True
227,2006,325.65896722915977,Mong Kok,22.321624,114.172537,0,False,Very Close (<500m),True,True,True
266,2006,200.53774590079058,Sham Shui Po,22.330141,114.163247,0,False,Very Close (<500m),True,True,True
221,2006,250.86429324703965,Prince Edward,22.3245,114.1683,0,False,Very Close (<500m),True,True,True
220,2006,130.89594390510052,Yau Ma Tei,22.3129,114.1707,0,False,Very Close (<500m),True,True,True
222,2006,107.03966760685826,Prince Edward,22.3245,114.1683,0,False,Very Close (<500m),True,True,True
267,2006,338.73002674241445,Sham Shui Po,22.330141,114.163247,0,False,Very Close (<500m),True,True,True
267,2006,134.43940022900915,Sham Shui Po,22.330141,114.163247,0,False,Very Close (<500m),True,True,True
266,2006,156.58206321161887,Sham Shui Po,22.330141,114.163247,0,False,Very Close (<500m),True,True,True
221,2006,467.4518268139277,Prince Edward,22.3245,114.1683,0,False,Very Close (<500m),True,True,True
267,2006,229.2700767522778,Sham Shui Po,22.330141,114.163247,0,False,Very Close (<500m),True,True,True
243,2006,620.1401991350367,To Kwa Wan,22.3172,114.1876,0,False,Close (500-1000m),False,True,True
266,2006,164.0883852633434,Sham Shui Po,22.330141,114.163247,0,False,Very Close (<500m),True,True,True
227,2006,260.9714946206022,Mong Kok,22.321624,114.172537,0,False,Very Close (<500m),True,True,True
241,2006,285.38376706685636,Sung Wong Toi,22.326139,114.190407,0,False,Very Close (<500m),True,True,True
229,2006,480.18852637163076,Yau Ma Tei,22.3129,114.1707,0,False,Very Close (<500m),True,True,True
266,2006,105.51461749371421,Sham Shui Po,22.330141,114.163247,0,False,Very Close (<500m),True,True,True
225,2006,423.0638458428238,Yau Ma Tei,22.3129,114.1707,0,False,Very Close (<500m),True,True,True
267,2006,203.69117555408403,Sham Shui Po,22.330141,114.163247,0,False,Very Close (<500m),True,True,True
229,2006,403.64163590164975,Yau Ma Tei,22.3129,114.1707,0,False,Very Close (<500m),True,True,True
267,2006,157.62143024256096,Sham Shui Po,22.330141,114.163247,0,False,Very Close (<500m),True,True,True
266,2006,321.90683545815426,Sham Shui Po,22.330141,114.163247,0,False,Very Close (<500m),True,True,True
221,2006,509.67579101995267,Prince Edward,22.3245,114.1683,0,False,Close (500-1000m),True,True,True
625,2006,957.1025134621873,Fanling,22.490627,114.139289,0,False,Close (500-1000m),False,True,True
294,2006,30.525306226008148,Ngau Tau Kok,22.3154,114.2193,1,True,Very Close (<500m),True,True,True
624,2006,333.5218061104157,Sheung Shui,22.5012,114.128,0,False,Very Close (<500m),True,True,True
323,2006,1310.0336140762397,Tsuen Wan West,22.36755,114.11098,0,False,Moderate (1-2km),False,False,True
324,2006,246.2480771630266,Tsuen Wan,22.3736,114.1178,0,False,Very Close (<500m),True,True,True
242,2006,414.40444034311554,To Kwa Wan,22.3172,114.1876,0,False,Very Close (<500m),True,True,True
228,2006,302.83669322498554,Yau Ma Tei,22.3129,114.1707,0,False,Very Close (<500m),True,True,True
291,2006,309.4676543143036,Kowloon Bay,22.3235,114.2141,0,False,Very Close (<500m),True,True,True
241,2006,33.985161631591595,To Kwa Wan,22.3172,114.1876,1,True,Very Close (<500m),True,True,True
252,2006,375.01277467419015,Austin station,22.306294,114.164522,0,False,Very Close (<500m),True,True,True
254,2006,529.7340433824306,Olympic,22.3178,114.1602,0,False,Close (500-1000m),True,True,True
246,2006,257.3705396225576,Sung Wong Toi,22.326139,114.190407,0,False,Very Close (<500m),True,True,True
624,2006,364.35124598379747,Sheung Shui,22.5012,114.128,0,False,Very Close (<500m),True,True,True
254,2006,707.1207861202,Nam Cheong,22.32829,114.1538,0,False,Close (500-1000m),False,True,True
221,2006,389.80708787588014,Prince Edward,22.3245,114.1683,0,False,Very Close (<500m),True,True,True
524,2006,562.2143622337294,Yuen Long,22.4461,114.0352,0,False,Close (500-1000m),True,True,True
231,2006,545.3889536375581,Mong Kok East,22.3222,114.1728,0,False,Close (500-1000m),True,True,True
723,2006,398.4861976176715,Tai Wo,22.4511,114.1611,0,False,Very Close (<500m),True,True,True
281,2006,524.3685702308612,Wong Tai Sin,22.341839,114.192124,0,False,Close (500-1000m),True,True,True
212,2006,342.14758726108835,Jordan,22.3049,114.1718,0,False,Very Close (<500m),True,True,True
262,2006,536.8509010889956,Cheung Sha Wan,22.3354,114.1563,0,False,Close (500-1000m),True,True,True
246,2006,140.48014622452325,Sung Wong Toi,22.326139,114.190407,0,False,Very Close (<500m),True,True,True
271,2006,815.321725153353,Mong Kok East,22.3222,114.1728,0,False,Close (500-1000m),False,True,True
233,2006,655.7870694052402,Mong Kok East,22.3222,114.1728,0,False,Close (500-1000m),False,True,True
222,2006,260.36834498875055,Mong Kok East,22.3222,114.1728,0,False,Very Close (<500m),True,True,True
624,2006,479.6724700109372,Sheung Shui,22.5012,114.128,0,False,Very Close (<500m),True,True,True
294,2006,581.5583764653553,Ngau Tau Kok,22.3154,114.2193,0,False,Close (500-1000m),False,True,True
221,2006,307.4021884881994,Prince Edward,22.3245,114.1683,0,False,Very Close (<500m),True,True,True
423,2006,241.77309182268283,Tuen Mun,22.394156,113.973948,0,False,Very Close (<500m),True,True,True
524,2006,344.4116514852948,Long Ping,22.449302,114.027269,0,False,Very Close (<500m),True,True,True
726,2006,859.5557386689338,Tai Wo,22.4511,114.1611,0,False,Close (500-1000m),False,True,True
264,2006,297.462770667024,Lai Chi Kok,22.3373,114.1482,0,False,Very Close (<500m),True,True,True
264,2006,371.9049444517934,Cheung Sha Wan,22.3354,114.1563,0,False,Very Close (<500m),True,True,True
235,2006,433.4313611107346,Mong Kok,22.321624,114.172537,0,False,Very Close (<500m),True,True,True
441,2006,1003.01344294867,Siu Hong,22.413564,113.979115,0,False,Moderate (1-2km),False,True,True
284,2006,502.7260687294723,Diamond Hill,22.339189,114.202382,0,False,Close (500-1000m),True,True,True
726,2006,333.4950302954448,Tai Wo,22.4511,114.1611,0,False,Very Close (<500m),True,True,True
225,2006,397.99390758030415,Yau Ma Tei,22.3129,114.1707,0,False,Very Close (<500m),True,True,True
225,2006,102.98597532105988,Jordan,22.3049,114.1718,0,False,Very Close (<500m),True,True,True
625,2006,537.2156108592469,Fanling,22.490627,114.139289,0,False,Close (500-1000m),True,True,True
227,2006,416.8250472585164,Mong Kok,22.321624,114.172537,0,False,Very Close (<500m),True,True,True
261,2006,606.4342471537059,Cheung Sha Wan,22.3354,114.1563,0,False,Close (500-1000m),False,True,True
267,2006,129.99741233392368,Sham Shui Po,22.330141,114.163247,0,False,Very Close (<500m),True,True,True
266,2006,486.6495617924531,Nam Cheong,22.32829,114.1538,0,False,Very Close (<500m),True,True,True
241,2006,400.5081552194133,To Kwa Wan,22.3172,114.1876,0,False,Very Close (<500m),True,True,True
284,2006,613.2379495134172,Kai Tak,22.3304,114.1994,0,False,Close (500-1000m),False,True,True
220,2006,69.433655192543,Yau Ma Tei,22.3129,114.1707,0,False,Very Close (<500m),True,True,True
241,2006,512.8484811789826,Sung Wong Toi,22.326139,114.190407,0,False,Close (500-1000m),True,True,True
272,2006,575.9183689959635,Lok Fu,22.338,114.1871,0,False,Close (500-1000m),False,True,True
243,2006,527.311805492072,Ho Man Tin,22.308953,114.181612,0,False,Close (500-1000m),True,True,True
264,2006,473.30091343010827,Cheung Sha Wan,22.3354,114.1563,0,False,Very Close (<500m),True,True,True
222,2006,170.13240924946567,Prince Edward,22.3245,114.1683,0,False,Very Close (<500m),True,True,True
225,2006,424.6267076539205,Yau Ma Tei,22.3129,114.1707,0,False,Very Close (<500m),True,True,True
266,2006,280.02841770103606,Sham Shui Po,22.330141,114.163247,0,False,Very Close (<500m),True,True,True
272,2006,488.9153349523365,Kowloon Tong,22.336809,114.177245,0,False,Very Close (<500m),True,True,True
226,2006,108.47449459816978,Jordan,22.3049,114.1718,0,False,Very Close (<500m),True,True,True
625,2006,941.3713972799119,Fanling,22.490627,114.139289,0,False,Close (500-1000m),False,True,True
267,2006,369.6768792475436,Sham Shui Po,22.330141,114.163247,0,False,Very Close (<500m),True,True,True
266,2006,92.33258218393202,Sham Shui Po,22.330141,114.163247,0,False,Very Close (<500m),True,True,True
221,2006,384.62334809493905,Prince Edward,22.3245,114.1683,0,False,Very Close (<500m),True,True,True
266,2006,147.53731173056107,Sham Shui Po,22.330141,114.163247,0,False,Very Close (<500m),True,True,True
264,2006,433.90667365870416,Cheung Sha Wan,22.3354,114.1563,0,False,Very Close (<500m),True,True,True
290,2006,428.51589152093925,Kwun Tong,22.311559,114.227765,0,False,Very Close (<500m),True,True,True
211,2006,372.04700372376686,Tsim Sha Tsui,22.2973,114.1722,0,False,Very Close (<500m),True,True,True
234,2006,598.8205817786867,Mong Kok,22.321624,114.172537,0,False,Close (500-1000m),False,True,True
231,2006,958.7140597311239,Sung Wong Toi,22.326139,114.190407,0,False,Close (500-1000m),False,True,True
280,2006,611.7156982142175,Kowloon Bay,22.3235,114.2141,0,False,Close (500-1000m),False,True,True
294,2006,400.6043757882634,Kwun Tong,22.311559,114.227765,0,False,Very Close (<500m),True,True,True
234,2006,724.0388630202971,Mong Kok East,22.3222,114.1728,0,False,Close (500-1000m),False,True,True
267,2006,276.6384195008655,Shek Kip Mei,22.332,114.1687,0,False,Very Close (<500m),True,True,True
624,2006,361.48792356163887,Sheung Shui,22.5012,114.128,0,False,Very Close (<500m),True,True,True
268,2006,580.856753749769,Shek Kip Mei,22.332,114.1687,0,False,Close (500-1000m),True,True,True
524,2006,786.7141560232442,Long Ping,22.449302,114.027269,0,False,Close (500-1000m),False,True,True
625,2006,579.147422647181,Fanling,22.490627,114.139289,0,False,Close (500-1000m),False,True,True
234,2006,591.6610613615874,Mong Kok,22.321624,114.172537,0,False,Close (500-1000m),False,True,True
271,2006,439.66100509924314,Kowloon Tong,22.336809,114.177245,0,False,Very Close (<500m),True,True,True
324,2006,549.7375571886504,Tsuen Wan station,22.373698,114.117726,0,False,Close (500-1000m),True,True,True
247,2006,663.5483535477924,To Kwa Wan,22.3172,114.1876,0,False,Close (500-1000m),False,True,True
425,2006,618.6331246058696,Siu Hong,22.413564,113.979115,0,False,Close (500-1000m),False,True,True
423,2006,556.0689592666788,Tuen Mun,22.394156,113.973948,0,False,Close (500-1000m),True,True,True
271,2006,580.5619035995929,Kowloon Tong,22.336809,114.177245,0,False,Close (500-1000m),True,True,True
233,2006,570.875937062368,Sung Wong Toi,22.326139,114.190407,0,False,Close (500-1000m),False,True,True
283,2006,587.7897184013988,Wong Tai Sin,22.341839,114.192124,0,False,Close (500-1000m),False,True,True
524,2006,494.16438775314396,Long Ping,22.449302,114.027269,0,False,Very Close (<500m),True,True,True
264,2006,423.3444568265962,Cheung Sha Wan,22.3354,114.1563,0,False,Very Close (<500m),True,True,True
221,2006,252.88517405503416,Olympic,22.3178,114.1602,0,False,Very Close (<500m),True,True,True
350,2006,1028.018081510006,Tsing Yi,22.360206,114.107587,0,False,Moderate (1-2km),False,True,True
265,2006,329.96829423341046,Cheung Sha Wan,22.3354,114.1563,0,False,Very Close (<500m),True,True,True
268,2006,576.4666036127618,Shek Kip Mei,22.332,114.1687,0,False,Close (500-1000m),True,True,True
260,2006,364.85601630519494,Lai Chi Kok,22.3373,114.1482,0,False,Very Close (<500m),True,True,True
723,2006,334.0395581243654,Tai Po Market,22.4446,114.1706,0,False,Very Close (<500m),True,True,True
221,2006,427.2329122162953,Mong Kok,22.321624,114.172537,0,False,Very Close (<500m),True,True,True
264,2006,456.8023379637286,Cheung Sha Wan,22.3354,114.1563,0,False,Very Close (<500m),True,True,True
264,2006,479.21144056030016,Cheung Sha Wan,22.3354,114.1563,0,False,Very Close (<500m),True,True,True
229,2006,470.5057810436115,Yau Ma Tei,22.3129,114.1707,0,False,Very Close (<500m),True,True,True
211,2006,198.92267831671634,Austin,22.304236,114.166601,0,False,Very Close (<500m),True,True,True
225,2006,59.80201968703533,Yau Ma Tei,22.3129,114.1707,0,False,Very Close (<500m),True,True,True
241,2006,294.3428886306036,To Kwa Wan,22.3172,114.1876,0,False,Very Close (<500m),True,True,True
242,2006,439.14247647900095,Sung Wong Toi,22.326139,114.190407,0,False,Very Close (<500m),True,True,True
231,2006,542.4853552135903,Sung Wong Toi,22.326139,114.190407,0,False,Close (500-1000m),True,True,True
262,2006,458.26327595813416,Cheung Sha Wan,22.3354,114.1563,0,False,Very Close (<500m),True,True,True
221,2006,238.92887904432078,Prince Edward,22.3245,114.1683,0,False,Very Close (<500m),True,True,True
227,2006,469.67441814061885,Yau Ma Tei,22.3129,114.1707,0,False,Very Close (<500m),True,True,True
222,2006,364.92982358004,Mong Kok,22.321624,114.172537,0,False,Very Close (<500m),True,True,True
229,2006,528.9599994210988,Mong Kok,22.321624,114.172537,0,False,Close (500-1000m),True,True,True
264,2006,479.5999927933282,Cheung Sha Wan,22.3354,114.1563,0,False,Very Close (<500m),True,True,True
264,2006,513.0576424130467,Cheung Sha Wan,22.3354,114.1563,0,False,Close (500-1000m),True,True,True
267,2006,362.7418733800908,Prince Edward,22.3245,114.1683,0,False,Very Close (<500m),True,True,True
264,2006,451.31569355365986,Cheung Sha Wan,22.3354,114.1563,0,False,Very Close (<500m),True,True,True
266,2006,285.54594836091616,Sham Shui Po,22.330141,114.163247,0,False,Very Close (<500m),True,True,True
221,2006,524.2760053943184,Prince Edward,22.3245,114.1683,0,False,Close (500-1000m),True,True,True
285,2006,244.44253428181534,Sung Wong Toi,22.326139,114.190407,0,False,Very Close (<500m),True,True,True
221,2006,408.43060837755945,Olympic,22.3178,114.1602,0,False,Very Close (<500m),True,True,True
242,2006,137.10639768119978,To Kwa Wan,22.3172,114.1876,0,False,Very Close (<500m),True,True,True
221,2006,193.25726981019693,Prince Edward,22.3245,114.1683,0,False,Very Close (<500m),True,True,True
624,2006,74.06356701521372,Sheung Shui,22.5012,114.128,0,False,Very Close (<500m),True,True,True
288,2006,880.218516011519,Choi Hung,22.334161,114.210289,0,False,Close (500-1000m),False,True,True
221,2006,575.3796752775596,Prince Edward,22.3245,114.1683,0,False,Close (500-1000m),False,True,True
241,2006,395.29956590629456,Sung Wong Toi,22.326139,114.190407,0,False,Very Close (<500m),True,True,True
267,2006,292.460017807018,Shek Kip Mei,22.332,114.1687,0,False,Very Close (<500m),True,True,True
266,2006,256.44994590464586,Sham Shui Po,22.330141,114.163247,0,False,Very Close (<500m),True,True,True
625,2006,708.1173654325091,Fanling,22.490627,114.139289,0,False,Close (500-1000m),False,True,True
266,2006,477.7216634286317,Sham Shui Po,22.330141,114.163247,0,False,Very Close (<500m),True,True,True
267,2006,282.7374528779511,Sham Shui Po,22.330141,114.163247,0,False,Very Close (<500m),True,True,True
225,2006,418.9621571093314,Austin station,22.306294,114.164522,0,False,Very Close (<500m),True,True,True
212,2006,103.22605619357712,Tsim Sha Tsui,22.2973,114.1722,0,False,Very Close (<500m),True,True,True
266,2006,492.7210339841129,Sham Shui Po,22.330141,114.163247,0,False,Very Close (<500m),True,True,True
267,2006,328.3195740205515,Sham Shui Po,22.330141,114.163247,0,False,Very Close (<500m),True,True,True
266,2006,156.10678817161883,Sham Shui Po,22.330141,114.163247,0,False,Very Close (<500m),True,True,True
221,2006,562.6515155430668,Prince Edward,22.3245,114.1683,0,False,Close (500-1000m),False,True,True
236,2006,294.70042283637144,Ho Man Tin,22.308953,114.181612,0,False,Very Close (<500m),True,True,True
222,2006,148.29542959355362,Prince Edward,22.3245,114.1683,0,False,Very Close (<500m),True,True,True
266,2006,432.7688693785981,Sham Shui Po,22.330141,114.163247,0,False,Very Close (<500m),True,True,True
266,2006,303.67388554337765,Sham Shui Po,22.330141,114.163247,0,False,Very Close (<500m),True,True,True
229,2006,472.25081606232277,Mong Kok,22.321624,114.172537,0,False,Very Close (<500m),True,True,True
225,2006,469.5746484181092,Austin station,22.306294,114.164522,0,False,Very Close (<500m),True,True,True
266,2006,193.83488567486762,Sham Shui Po,22.330141,114.163247,0,False,Very Close (<500m),True,True,True
222,2006,203.20487275291347,Prince Edward,22.3245,114.1683,0,False,Very Close (<500m),True,True,True
266,2006,416.12603460637666,Sham Shui Po,22.330141,114.163247,0,False,Very Close (<500m),True,True,True
624,2006,410.38107078590065,Sheung Shui,22.5012,114.128,0,False,Very Close (<500m),True,True,True
653,2006,10141.629993307242,Wu Kai Sha,22.4291,114.2438,0,False,Far (>2km),False,False,False
221,2006,115.13310700414733,Prince Edward,22.3245,114.1683,0,False,Very Close (<500m),True,True,True
291,2006,296.6228117196271,Kowloon Bay,22.3235,114.2141,0,False,Very Close (<500m),True,True,True
624,2006,749.0825360249233,Sheung Shui,22.5012,114.128,0,False,Close (500-1000m),False,True,True
264,2006,298.61896730044225,Cheung Sha Wan,22.3354,114.1563,0,False,Very Close (<500m),True,True,True
243,2006,573.8991315812912,To Kwa Wan,22.3172,114.1876,0,False,Close (500-1000m),False,True,True
424,2006,406.155944254773,Tuen Mun,22.394156,113.973948,0,False,Very Close (<500m),True,True,True
221,2006,275.3011971487657,Prince Edward,22.3245,114.1683,0,False,Very Close (<500m),True,True,True
625,2006,633.3094122320207,Fanling,22.490627,114.139289,0,False,Close (500-1000m),False,True,True
266,2006,367.5802653279699,Sham Shui Po,22.330141,114.163247,0,False,Very Close (<500m),True,True,True
285,2006,279.13421237591336,Sung Wong Toi,22.326139,114.190407,0,False,Very Close (<500m),True,True,True
221,2006,626.4332066105713,Prince Edward,22.3245,114.1683,0,False,Close (500-1000m),False,True,True
271,2006,684.0120582769199,Sung Wong Toi,22.326139,114.190407,0,False,Close (500-1000m),False,True,True
726,2006,494.59915878848204,Tai Wo,22.4511,114.1611,0,False,Very Close (<500m),True,True,True
271,2006,593.7238353979259,Kowloon Tong,22.336809,114.177245,0,False,Close (500-1000m),False,True,True
246,2006,183.88864295194796,Sung Wong Toi,22.326139,114.190407,0,False,Very Close (<500m),True,True,True
221,2006,173.12258446711783,Prince Edward,22.3245,114.1683,0,False,Very Close (<500m),True,True,True
634,2006,1509.1985247577543,Fanling,22.490627,114.139289,0,False,Moderate (1-2km),False,False,True
244,2006,611.8805185129941,Whampoa,22.305852,114.188799,0,False,Close (500-1000m),False,True,True
266,2006,348.40771596148323,Sham Shui Po,22.330141,114.163247,0,False,Very Close (<500m),True,True,True
624,2006,598.244947253841,Sheung Shui,22.5012,114.128,0,False,Close (500-1000m),True,True,True
261,2006,170.07454080991783,Lai Chi Kok,22.3373,114.1482,0,False,Very Close (<500m),True,True,True
246,2006,284.6860517279844,Sung Wong Toi,22.326139,114.190407,0,False,Very Close (<500m),True,True,True
726,2006,368.98898188891417,Tai Wo,22.4511,114.1611,0,False,Very Close (<500m),True,True,True
264,2006,498.1635582013692,Cheung Sha Wan,22.3354,114.1563,0,False,Very Close (<500m),True,True,True
742,2006,15687.23247445259,Wu Kai Sha,22.4291,114.2438,0,False,Far (>2km),False,False,False
266,2006,280.4987942999537,Sham Shui Po,22.330141,114.163247,0,False,Very Close (<500m),True,True,True
266,2006,43.5871532192842,Sham Shui Po,22.330141,114.163247,0,False,Very Close (<500m),True,True,True
264,2006,407.5658235768162,Cheung Sha Wan,22.3354,114.1563,0,False,Very Close (<500m),True,True,True
264,2006,396.22567822461554,Cheung Sha Wan,22.3354,114.1563,0,False,Very Close (<500m),True,True,True
225,2006,303.24761984240575,Austin,22.304236,114.166601,0,False,Very Close (<500m),True,True,True
214,2006,198.78016494330734,East Tsim Sha Tsui,22.295195,114.174446,0,False,Very Close (<500m),True,True,True
294,2006,185.86856554688157,Kwun Tong,22.311559,114.227765,0,False,Very Close (<500m),True,True,True
264,2006,411.1289645773921,Cheung Sha Wan,22.3354,114.1563,0,False,Very Close (<500m),True,True,True
266,2006,123.26305833356835,Sham Shui Po,22.330141,114.163247,0,False,Very Close (<500m),True,True,True
264,2006,364.0794540638481,Cheung Sha Wan,22.3354,114.1563,0,False,Very Close (<500m),True,True,True
234,2006,708.6700428444508,Mong Kok,22.321624,114.172537,0,False,Close (500-1000m),False,True,True
265,2006,398.3248181938027,Nam Cheong,22.32829,114.1538,0,False,Very Close (<500m),True,True,True
243,2006,474.9550101725003,Ho Man Tin,22.308953,114.181612,0,False,Very Close (<500m),True,True,True
624,2006,339.07294352693845,Sheung Shui,22.5012,114.128,0,False,Very Close (<500m),True,True,True
264,2006,435.75426927845285,Cheung Sha Wan,22.3354,114.1563,0,False,Very Close (<500m),True,True,True
294,2006,410.4452708335102,Ngau Tau Kok,22.3154,114.2193,0,False,Very Close (<500m),True,True,True
264,2006,338.952691645,Cheung Sha Wan,22.3354,114.1563,0,False,Very Close (<500m),True,True,True
264,2006,367.69135336051846,Cheung Sha Wan,22.3354,114.1563,0,False,Very Close (<500m),True,True,True
227,2006,376.48672890175874,Yau Ma Tei,22.3129,114.1707,0,False,Very Close (<500m),True,True,True
294,2006,954.8127393472976,Ngau Tau Kok,22.3154,114.2193,0,False,Close (500-1000m),False,True,True
222,2006,281.6487546105222,Mong Kok,22.321624,114.172537,0,False,Very Close (<500m),True,True,True
243,2006,468.94620070444876,Whampoa,22.305852,114.188799,0,False,Very Close (<500m),True,True,True
261,2006,558.4959353410298,Cheung Sha Wan,22.3354,114.1563,0,False,Close (500-1000m),True,True,True
271,2006,772.2006121151841,Kowloon Tong,22.336809,114.177245,0,False,Close (500-1000m),False,True,True
236,2006,204.2620721947171,Ho Man Tin,22.308953,114.181612,0,False,Very Close (<500m),True,True,True
350,2006,1278.943375982589,Tsing Yi,22.360206,114.107587,0,False,Moderate (1-2km),False,False,True
241,2006,507.1850067504107,To Kwa Wan,22.3172,114.1876,0,False,Close (500-1000m),True,True,True
264,2006,235.58664285535698,Cheung Sha Wan,22.3354,114.1563,0,False,Very Close (<500m),True,True,True
212,2006,23.79098549542191,Jordan,22.3049,114.1718,1,True,Very Close (<500m),True,True,True
285,2006,488.17511281197267,Sung Wong Toi,22.326139,114.190407,0,False,Very Close (<500m),True,True,True
266,2006,366.0874350600705,Sham Shui Po,22.330141,114.163247,0,False,Very Close (<500m),True,True,True
264,2006,529.8402498430555,Cheung Sha Wan,22.3354,114.1563,0,False,Close (500-1000m),True,True,True
222,2006,248.29084761946342,Prince Edward,22.3245,114.1683,0,False,Very Close (<500m),True,True,True
726,2006,534.7542041245376,Tai Wo,22.4511,114.1611,0,False,Close (500-1000m),True,True,True
266,2006,250.80703638819733,Sham Shui Po,22.330141,114.163247,0,False,Very Close (<500m),True,True,True
264,2006,284.9965376663788,Cheung Sha Wan,22.3354,114.1563,0,False,Very Close (<500m),True,True,True
222,2006,167.0780811752271,Mong Kok,22.321624,114.172537,0,False,Very Close (<500m),True,True,True
222,2006,319.1842372141138,Mong Kok East,22.3222,114.1728,0,False,Very Close (<500m),True,True,True
266,2006,477.5655438185081,Sham Shui Po,22.330141,114.163247,0,False,Very Close (<500m),True,True,True
241,2006,256.2383547620862,To Kwa Wan,22.3172,114.1876,0,False,Very Close (<500m),True,True,True
254,2006,601.4459672109386,Olympic,22.3178,114.1602,0,False,Close (500-1000m),False,True,True
211,2006,126.34727110676015,Jordan,22.3049,114.1718,0,False,Very Close (<500m),True,True,True
285,2006,255.84572499409327,Sung Wong Toi,22.326139,114.190407,0,False,Very Close (<500m),True,True,True
441,2006,1029.6218820911834,Siu Hong,22.413564,113.979115,0,False,Moderate (1-2km),False,True,True
266,2006,237.45409027460886,Sham Shui Po,22.330141,114.163247,0,False,Very Close (<500m),True,True,True
625,2006,617.4451513180101,Fanling,22.490627,114.139289,0,False,Close (500-1000m),False,True,True
271,2006,913.420188051384,Kowloon Tong,22.336809,114.177245,0,False,Close (500-1000m),False,True,True
723,2006,466.4346271430691,Tai Wo,22.4511,114.1611,0,False,Very Close (<500m),True,True,True
742,2006,14368.618159359043,Wu Kai Sha,22.4291,114.2438,0,False,Far (>2km),False,False,False
265,2006,452.32598787507976,Cheung Sha Wan,22.3354,114.1563,0,False,Very Close (<500m),True,True,True
264,2006,303.3460428321348,Cheung Sha Wan,22.3354,114.1563,0,False,Very Close (<500m),True,True,True
241,2006,135.12172102956436,To Kwa Wan,22.3172,114.1876,0,False,Very Close (<500m),True,True,True
222,2006,225.02557080125658,Mong Kok,22.321624,114.172537,0,False,Very Close (<500m),True,True,True
264,2006,389.49398101714405,Sham Shui Po,22.330141,114.163247,0,False,Very Close (<500m),True,True,True
222,2006,225.0751780356117,Prince Edward,22.3245,114.1683,0,False,Very Close (<500m),True,True,True
264,2006,180.87218554935043,Cheung Sha Wan,22.3354,114.1563,0,False,Very Close (<500m),True,True,True
221,2006,512.9568745678732,Prince Edward,22.3245,114.1683,0,False,Close (500-1000m),True,True,True
253,2006,586.2082186811328,Yau Ma Tei,22.3129,114.1707,0,False,Close (500-1000m),False,True,True
264,2006,259.6701028065644,Cheung Sha Wan,22.3354,114.1563,0,False,Very Close (<500m),True,True,True
263,2006,592.4971374650949,Sham Shui Po,22.330141,114.163247,0,False,Close (500-1000m),False,True,True
264,2006,418.6704405335727,Sham Shui Po,22.330141,114.163247,0,False,Very Close (<500m),True,True,True
227,2006,484.2309473206395,Yau Ma Tei,22.3129,114.1707,0,False,Very Close (<500m),True,True,True
227,2006,358.17142024219527,Yau Ma Tei,22.3129,114.1707,0,False,Very Close (<500m),True,True,True
241,2006,379.32846223471205,To Kwa Wan,22.3172,114.1876,0,False,Very Close (<500m),True,True,True
241,2006,147.52292144174916,To Kwa Wan,22.3172,114.1876,0,False,Very Close (<500m),True,True,True
264,2006,304.01864124319314,Cheung Sha Wan,22.3354,114.1563,0,False,Very Close (<500m),True,True,True
265,2006,368.56339538607614,Sham Shui Po,22.330141,114.163247,0,False,Very Close (<500m),True,True,True
221,2006,36.85738196699052,Prince Edward,22.3245,114.1683,0,False,Very Close (<500m),True,True,True
294,2006,491.61179655869773,Kwun Tong,22.311559,114.227765,0,False,Very Close (<500m),True,True,True
263,2006,479.3838777550325,Sham Shui Po,22.330141,114.163247,0,False,Very Close (<500m),True,True,True
222,2006,207.83461361837396,Prince Edward,22.3245,114.1683,0,False,Very Close (<500m),True,True,True
266,2006,24.401751084097604,Sham Shui Po,22.330141,114.163247,1,True,Very Close (<500m),True,True,True
264,2006,355.06729846075234,Cheung Sha Wan,22.3354,114.1563,0,False,Very Close (<500m),True,True,True
243,2006,438.8013633916671,To Kwa Wan,22.3172,114.1876,0,False,Very Close (<500m),True,True,True
295,2006,709.9820130864923,Kwun Tong,22.311559,114.227765,0,False,Close (500-1000m),False,True,True
244,2006,336.3788257119432,To Kwa Wan,22.3172,114.1876,0,False,Very Close (<500m),True,True,True
266,2006,117.75327566959324,Sham Shui Po,22.330141,114.163247,0,False,Very Close (<500m),True,True,True
281,2006,555.0996038192951,Wong Tai Sin,22.341839,114.192124,0,False,Close (500-1000m),True,True,True
266,2006,252.09583067578194,Sham Shui Po,22.330141,114.163247,0,False,Very Close (<500m),True,True,True
525,2006,612.6870492029731,Yuen Long,22.4461,114.0352,0,False,Close (500-1000m),False,True,True
261,2006,241.72675047478523,Lai Chi Kok,22.3373,114.1482,0,False,Very Close (<500m),True,True,True
221,2006,225.27180603711835,Prince Edward,22.3245,114.1683,0,False,Very Close (<500m),True,True,True
625,2006,284.096150733227,Fanling,22.490627,114.139289,0,False,Very Close (<500m),True,True,True
267,2006,397.66731688056683,Prince Edward,22.3245,114.1683,0,False,Very Close (<500m),True,True,True
264,2006,241.80748626209416,Cheung Sha Wan,22.3354,114.1563,0,False,Very Close (<500m),True,True,True
265,2006,446.805723761584,Nam Cheong,22.32829,114.1538,0,False,Very Close (<500m),True,True,True
267,2006,441.37962570387765,Sham Shui Po,22.330141,114.163247,0,False,Very Close (<500m),True,True,True
255,2006,387.7807510517479,Nam Cheong,22.32829,114.1538,0,False,Very Close (<500m),True,True,True
221,2006,537.6819913887424,Sham Shui Po,22.330141,114.163247,0,False,Close (500-1000m),True,True,True
271,2006,742.985330538216,Kowloon Tong,22.336809,114.177245,0,False,Close (500-1000m),False,True,True
290,2006,802.5715266998127,Yau Tong,22.2979,114.2371,0,False,Close (500-1000m),False,True,True
285,2006,397.44890410955463,Sung Wong Toi,22.326139,114.190407,0,False,Very Close (<500m),True,True,True
298,2006,518.9573812066025,Yau Tong,22.2979,114.2371,0,False,Close (500-1000m),True,True,True
285,2006,399.54227907195303,Sung Wong Toi,22.326139,114.190407,0,False,Very Close (<500m),True,True,True
227,2006,400.5134560538787,Yau Ma Tei,22.3129,114.1707,0,False,Very Close (<500m),True,True,True
221,2006,517.9604246274348,Sham Shui Po,22.330141,114.163247,0,False,Close (500-1000m),True,True,True
225,2006,316.5898799911492,Austin,22.304236,114.166601,0,False,Very Close (<500m),True,True,True
271,2006,472.18411712277737,Kowloon Tong,22.336809,114.177245,0,False,Very Close (<500m),True,True,True
261,2006,321.6198369586681,Lai Chi Kok,22.3373,114.1482,0,False,Very Close (<500m),True,True,True
285,2006,451.54290371399975,Sung Wong Toi,22.326139,114.190407,0,False,Very Close (<500m),True,True,True
225,2006,450.74200241983675,Yau Ma Tei,22.3129,114.1707,0,False,Very Close (<500m),True,True,True
221,2006,243.6402124864431,Prince Edward,22.3245,114.1683,0,False,Very Close (<500m),True,True,True
211,2006,150.37959002165547,Tsim Sha Tsui,22.2973,114.1722,0,False,Very Close (<500m),True,True,True
214,2006,310.86877465958315,Tsim Sha Tsui,22.2973,114.1722,0,False,Very Close (<500m),True,True,True
221,2006,536.0349279664057,Prince Edward,22.3245,114.1683,0,False,Close (500-1000m),True,True,True
243,2006,412.3663419391386,Ho Man Tin,22.308953,114.181612,0,False,Very Close (<500m),True,True,True
266,2006,419.3843839296242,Sham Shui Po,22.330141,114.163247,0,False,Very Close (<500m),True,True,True
266,2006,234.61579989075022,Sham Shui Po,22.330141,114.163247,0,False,Very Close (<500m),True,True,True
261,2006,282.7053476531467,Lai Chi Kok,22.3373,114.1482,0,False,Very Close (<500m),True,True,True
222,2006,139.0611343582988,Prince Edward,22.3245,114.1683,0,False,Very Close (<500m),True,True,True
221,2006,359.3615022380594,Prince Edward,22.3245,114.1683,0,False,Very Close (<500m),True,True,True
255,2006,513.0575507984314,Nam Cheong,22.32829,114.1538,0,False,Close (500-1000m),True,True,True
281,2006,494.85420105550725,Wong Tai Sin,22.341839,114.192124,0,False,Very Close (<500m),True,True,True
267,2006,372.7604664109818,Prince Edward,22.3245,114.1683,0,False,Very Close (<500m),True,True,True
271,2006,829.8784843746497,Kowloon Tong,22.336809,114.177245,0,False,Close (500-1000m),False,True,True
726,2006,606.2747950711009,Tai Wo,22.4511,114.1611,0,False,Close (500-1000m),False,True,True
324,2006,256.67819933730055,Tsuen Wan West,22.36755,114.11098,0,False,Very Close (<500m),True,True,True
294,2006,315.361603420212,Ngau Tau Kok,22.3154,114.2193,0,False,Very Close (<500m),True,True,True
268,2006,436.7214236310792,Shek Kip Mei,22.332,114.1687,0,False,Very Close (<500m),True,True,True
423,2006,673.2746981868934,Tuen Mun,22.394156,113.973948,0,False,Close (500-1000m),False,True,True
265,2006,500.2771371848182,Sham Shui Po,22.330141,114.163247,0,False,Close (500-1000m),True,True,True
246,2006,184.71625880116824,Sung Wong Toi,22.326139,114.190407,0,False,Very Close (<500m),True,True,True
284,2006,504.59347703073365,Kai Tak,22.3304,114.1994,0,False,Close (500-1000m),True,True,True
264,2006,462.98802717395614,Sham Shui Po,22.330141,114.163247,0,False,Very Close (<500m),True,True,True
625,2006,473.180688286672,Fanling,22.490627,114.139289,0,False,Very Close (<500m),True,True,True
225,2006,109.9482093762524,Yau Ma Tei,22.3129,114.1707,0,False,Very Close (<500m),True,True,True
221,2006,346.57203992508244,Prince Edward,22.3245,114.1683,0,False,Very Close (<500m),True,True,True
285,2006,310.95027759354844,Sung Wong Toi,22.326139,114.190407,0,False,Very Close (<500m),True,True,True
221,2006,125.1801295122532,Prince Edward,22.3245,114.1683,0,False,Very Close (<500m),True,True,True
265,2006,357.64610564873345,Sham Shui Po,22.330141,114.163247,0,False,Very Close (<500m),True,True,True
227,2006,348.11903465739516,Yau Ma Tei,22.3129,114.1707,0,False,Very Close (<500m),True,True,True
242,2006,160.15015064447644,To Kwa Wan,22.3172,114.1876,0,False,Very Close (<500m),True,True,True
221,2006,589.8041795240052,Olympic,22.3178,114.1602,0,False,Close (500-1000m),False,True,True
232,2006,429.5938573727662,Mong Kok East,22.3222,114.1728,0,False,Very Close (<500m),True,True,True
261,2006,225.0473289087436,Lai Chi Kok,22.3373,114.1482,0,False,Very Close (<500m),True,True,True
222,2006,342.6335829250806,Mong Kok,22.321624,114.172537,0,False,Very Close (<500m),True,True,True
625,2006,1095.506788451204,Fanling,22.490627,114.139289,0,False,Moderate (1-2km),False,False,True
281,2006,530.415387842072,Wong Tai Sin,22.341839,114.192124,0,False,Close (500-1000m),True,True,True
624,2006,361.8865665808415,Sheung Shui,22.5012,114.128,0,False,Very Close (<500m),True,True,True
294,2006,633.1035918911431,Kwun Tong,22.311559,114.227765,0,False,Close (500-1000m),False,True,True
255,2006,241.12677986817232,Nam Cheong,22.32829,114.1538,0,False,Very Close (<500m),True,True,True
423,2006,788.1187209949394,Tuen Mun,22.394156,113.973948,0,False,Close (500-1000m),False,True,True
261,2006,398.47741838674796,Lai Chi Kok,22.3373,114.1482,0,False,Very Close (<500m),True,True,True
281,2006,851.5070686666635,Diamond Hill,22.339189,114.202382,0,False,Close (500-1000m),False,True,True
214,2006,282.6566102872405,East Tsim Sha Tsui,22.295195,114.174446,0,False,Very Close (<500m),True,True,True
328,2006,624.7624474650187,Lai King,22.3484,114.1261,0,False,Close (500-1000m),False,True,True
242,2006,362.2276794963018,To Kwa Wan,22.3172,114.1876,0,False,Very Close (<500m),True,True,True
212,2006,154.7488120506625,Tsim Sha Tsui,22.2973,114.1722,0,False,Very Close (<500m),True,True,True
742,2006,10840.429213817531,Wu Kai Sha,22.4291,114.2438,0,False,Far (>2km),False,False,False
268,2006,502.73613550007155,Shek Kip Mei,22.332,114.1687,0,False,Close (500-1000m),True,True,True
723,2006,612.8529759866317,Tai Po Market,22.4446,114.1706,0,False,Close (500-1000m),False,True,True
267,2006,293.10920025765614,Prince Edward,22.3245,114.1683,0,False,Very Close (<500m),True,True,True
235,2006,554.5014334683189,Yau Ma Tei,22.3129,114.1707,0,False,Close (500-1000m),False,True,True
284,2006,705.9443816043648,Kai Tak,22.3304,114.1994,0,False,Close (500-1000m),False,True,True
222,2006,319.40660105042446,Prince Edward,22.3245,114.1683,0,False,Very Close (<500m),True,True,True
245,2006,272.67176088526145,Whampoa,22.305852,114.188799,0,False,Very Close (<500m),True,True,True
242,2006,200.78406563074466,To Kwa Wan,22.3172,114.1876,0,False,Very Close (<500m),True,True,True
261,2006,149.5338011813741,Lai Chi Kok,22.3373,114.1482,0,False,Very Close (<500m),True,True,True
231,2006,811.068989160213,Sung Wong Toi,22.326139,114.190407,0,False,Close (500-1000m),False,True,True
512,2006,773.0615607813306,Tin Shui Wai,22.446803,114.003028,0,False,Close (500-1000m),False,True,True
241,2006,529.1630961378908,To Kwa Wan,22.3172,114.1876,0,False,Close (500-1000m),True,True,True
211,2006,89.33507605034885,Tsim Sha Tsui,22.2973,114.1722,0,False,Very Close (<500m),True,True,True
212,2006,478.81280095921,Tsim Sha Tsui,22.2973,114.1722,0,False,Very Close (<500m),True,True,True
281,2006,176.0429307483761,Diamond Hill,22.339189,114.202382,0,False,Very Close (<500m),True,True,True
241,2006,372.49654132728057,To Kwa Wan,22.3172,114.1876,0,False,Very Close (<500m),True,True,True
261,2006,522.6572110413807,Lai Chi Kok,22.3373,114.1482,0,False,Close (500-1000m),True,True,True
221,2006,385.66986977653335,Olympic,22.3178,114.1602,0,False,Very Close (<500m),True,True,True
264,2006,201.69789347910972,Lai Chi Kok,22.3373,114.1482,0,False,Very Close (<500m),True,True,True
271,2006,969.3980912544606,Mong Kok East,22.3222,114.1728,0,False,Close (500-1000m),False,True,True
423,2006,586.9175321067905,Tuen Mun,22.394156,113.973948,0,False,Close (500-1000m),False,True,True
652,2006,8431.425487410936,Fanling,22.490627,114.139289,0,False,Far (>2km),False,False,False
264,2006,160.16016857506685,Lai Chi Kok,22.3373,114.1482,0,False,Very Close (<500m),True,True,True
243,2006,312.2988752235046,Ho Man Tin,22.308953,114.181612,0,False,Very Close (<500m),True,True,True
742,2006,10383.689105628262,Wu Kai Sha,22.4291,114.2438,0,False,Far (>2km),False,False,False
266,2006,276.96342707748454,Sham Shui Po,22.330141,114.163247,0,False,Very Close (<500m),True,True,True
285,2006,348.9445730367248,Sung Wong Toi,22.326139,114.190407,0,False,Very Close (<500m),True,True,True
284,2006,601.1273115506006,Kai Tak,22.3304,114.1994,0,False,Close (500-1000m),False,True,True
284,2006,527.2372885725222,Kai Tak,22.3304,114.1994,0,False,Close (500-1000m),True,True,True
261,2006,209.81022833156004,Lai Chi Kok,22.3373,114.1482,0,False,Very Close (<500m),True,True,True
266,2006,325.03636185343663,Sham Shui Po,22.330141,114.163247,0,False,Very Close (<500m),True,True,True
242,2006,485.6723303060302,To Kwa Wan,22.3172,114.1876,0,False,Very Close (<500m),True,True,True
221,2006,155.698385491368,Prince Edward,22.3245,114.1683,0,False,Very Close (<500m),True,True,True
424,2006,525.069378007129,Tuen Mun,22.394156,113.973948,0,False,Close (500-1000m),True,True,True
222,2006,151.1075324631755,Prince Edward,22.3245,114.1683,0,False,Very Close (<500m),True,True,True
264,2006,106.85756120671577,Lai Chi Kok,22.3373,114.1482,0,False,Very Close (<500m),True,True,True
625,2006,332.38589071715995,Fanling,22.490627,114.139289,0,False,Very Close (<500m),True,True,True
297,2006,236.32746626068038,Lam Tin,22.305367,114.234261,0,False,Very Close (<500m),True,True,True
261,2006,285.79139280580495,Lai Chi Kok,22.3373,114.1482,0,False,Very Close (<500m),True,True,True
255,2006,287.34676872978827,Nam Cheong,22.32829,114.1538,0,False,Very Close (<500m),True,True,True
284,2006,376.3852478786414,Diamond Hill,22.339189,114.202382,0,False,Very Close (<500m),True,True,True
653,2006,13697.836478322151,Wu Kai Sha,22.4291,114.2438,0,False,Far (>2km),False,False,False
285,2006,404.48662205284927,Sung Wong Toi,22.326139,114.190407,0,False,Very Close (<500m),True,True,True
211,2006,241.81896084046403,Tsim Sha Tsui,22.2973,114.1722,0,False,Very Close (<500m),True,True,True
271,2006,654.0624007431633,Kowloon Tong,22.336809,114.177245,0,False,Close (500-1000m),False,True,True
264,2006,164.21347993705325,Lai Chi Kok,22.3373,114.1482,0,False,Very Close (<500m),True,True,True
283,2006,727.02484162923,Lok Fu,22.338,114.1871,0,False,Close (500-1000m),False,True,True
324,2006,429.6092267668669,Tsuen Wan West,22.36755,114.11098,0,False,Very Close (<500m),True,True,True
268,2006,572.1462641039979,Shek Kip Mei,22.332,114.1687,0,False,Close (500-1000m),False,True,True
214,2006,144.18212292594848,Tsim Sha Tsui,22.2973,114.1722,0,False,Very Close (<500m),True,True,True
254,2006,671.3958712554429,Nam Cheong,22.32829,114.1538,0,False,Close (500-1000m),False,True,True
264,2006,53.99980312839573,Lai Chi Kok,22.3373,114.1482,1,True,Very Close (<500m),True,True,True
294,2006,922.070356577289,Kwun Tong,22.311559,114.227765,0,False,Close (500-1000m),False,True,True
424,2006,736.8372790656431,Tuen Mun,22.394156,113.973948,0,False,Close (500-1000m),False,True,True
243,2006,186.97094618141833,Ho Man Tin,22.308953,114.181612,0,False,Very Close (<500m),True,True,True
245,2006,335.0602475113853,Whampoa,22.305852,114.188799,0,False,Very Close (<500m),True,True,True
214,2006,149.3826554894376,East Tsim Sha Tsui,22.295195,114.174446,0,False,Very Close (<500m),True,True,True
742,2006,12539.483296667604,Wu Kai Sha,22.4291,114.2438,0,False,Far (>2km),False,False,False
229,2006,551.497506857776,Yau Ma Tei,22.3129,114.1707,0,False,Close (500-1000m),True,True,True
242,2006,238.42336405096287,To Kwa Wan,22.3172,114.1876,0,False,Very Close (<500m),True,True,True
253,2006,579.9604024810559,Yau Ma Tei,22.3129,114.1707,0,False,Close (500-1000m),False,True,True
285,2006,441.6567250639443,Sung Wong Toi,22.326139,114.190407,0,False,Very Close (<500m),True,True,True
324,2006,509.9133482698068,Tsuen Wan,22.3736,114.1178,0,False,Close (500-1000m),True,True,True
252,2006,421.27299028220745,Austin station,22.306294,114.164522,0,False,Very Close (<500m),True,True,True
243,2006,528.193252648935,Whampoa,22.305852,114.188799,0,False,Close (500-1000m),True,True,True
234,2006,709.5190216899164,Mong Kok East,22.3222,114.1728,0,False,Close (500-1000m),False,True,True
229,2006,637.4566533266759,Yau Ma Tei,22.3129,114.1707,0,False,Close (500-1000m),False,True,True
423,2006,441.41767420503237,Tuen Mun,22.394156,113.973948,0,False,Very Close (<500m),True,True,True
294,2006,309.90395492711855,Kowloon Bay,22.3235,114.2141,0,False,Very Close (<500m),True,True,True
285,2006,409.50270009036956,Sung Wong Toi,22.326139,114.190407,0,False,Very Close (<500m),True,True,True
241,2006,175.50103070246513,To Kwa Wan,22.3172,114.1876,0,False,Very Close (<500m),True,True,True
222,2006,238.04088169417165,Prince Edward,22.3245,114.1683,0,False,Very Close (<500m),True,True,True
221,2006,649.5594967046018,Olympic,22.3178,114.1602,0,False,Close (500-1000m),False,True,True
242,2006,257.9350195776261,To Kwa Wan,22.3172,114.1876,0,False,Very Close (<500m),True,True,True
285,2006,439.98484292121,Sung Wong Toi,22.326139,114.190407,0,False,Very Close (<500m),True,True,True
285,2006,427.5316182781114,Sung Wong Toi,22.326139,114.190407,0,False,Very Close (<500m),True,True,True
327,2006,604.262865942655,Kwai Hing,22.3632,114.1312,0,False,Close (500-1000m),False,True,True
212,2006,571.2571713345707,Jordan,22.3049,114.1718,0,False,Close (500-1000m),True,True,True
285,2006,280.45101093661657,Sung Wong Toi,22.326139,114.190407,0,False,Very Close (<500m),True,True,True
625,2006,649.7857864807248,Fanling,22.490627,114.139289,0,False,Close (500-1000m),False,True,True
221,2006,325.67811664653664,Olympic,22.3178,114.1602,0,False,Very Close (<500m),True,True,True
294,2006,244.13881804223158,Kwun Tong,22.311559,114.227765,0,False,Very Close (<500m),True,True,True
723,2006,424.60356463440115,Tai Wo,22.4511,114.1611,0,False,Very Close (<500m),True,True,True
723,2006,637.5026815328239,Tai Po Market,22.4446,114.1706,0,False,Close (500-1000m),False,True,True
624,2006,402.48885611934486,Sheung Shui,22.5012,114.128,0,False,Very Close (<500m),True,True,True
235,2006,350.08225967307084,Mong Kok,22.321624,114.172537,0,False,Very Close (<500m),True,True,True
285,2006,393.8066972890707,Sung Wong Toi,22.326139,114.190407,0,False,Very Close (<500m),True,True,True
261,2006,381.5113484788908,Lai Chi Kok,22.3373,114.1482,0,False,Very Close (<500m),True,True,True
253,2006,525.3313402305054,Yau Ma Tei,22.3129,114.1707,0,False,Close (500-1000m),True,True,True
265,2006,441.8464046870517,Cheung Sha Wan,22.3354,114.1563,0,False,Very Close (<500m),True,True,True
268,2006,695.8679054577341,Kowloon Tong,22.336809,114.177245,0,False,Close (500-1000m),False,True,True
625,2006,536.2281375520034,Fanling,22.490627,114.139289,0,False,Close (500-1000m),True,True,True
247,2006,572.2630884791265,To Kwa Wan,22.3172,114.1876,0,False,Close (500-1000m),False,True,True
284,2006,537.0425677875959,Diamond Hill,22.339189,114.202382,0,False,Close (500-1000m),True,True,True
243,2006,476.3208913167338,Ho Man Tin,22.308953,114.181612,0,False,Very Close (<500m),True,True,True
242,2006,328.9030097511494,To Kwa Wan,22.3172,114.1876,0,False,Very Close (<500m),True,True,True
271,2006,533.8840612298684,Kowloon Tong,22.336809,114.177245,0,False,Close (500-1000m),True,True,True
285,2006,518.2278992419116,Sung Wong Toi,22.326139,114.190407,0,False,Close (500-1000m),True,True,True
295,2006,657.48596903545,Kwun Tong,22.311559,114.227765,0,False,Close (500-1000m),False,True,True
285,2006,482.68156544410056,Sung Wong Toi,22.326139,114.190407,0,False,Very Close (<500m),True,True,True
221,2006,362.8183953720238,Prince Edward,22.3245,114.1683,0,False,Very Close (<500m),True,True,True
282,2006,330.34687173317656,Wong Tai Sin,22.341839,114.192124,0,False,Very Close (<500m),True,True,True
624,2006,226.55638897675834,Sheung Shui,22.5012,114.128,0,False,Very Close (<500m),True,True,True
434,2006,6389.236578910864,AsiaWorld–Expo,22.321988,113.942221,0,False,Far (>2km),False,False,False
295,2006,728.3560982827953,Kwun Tong,22.311559,114.227765,0,False,Close (500-1000m),False,True,True
268,2006,382.35120132255,Shek Kip Mei,22.332,114.1687,0,False,Very Close (<500m),True,True,True
212,2006,434.5206765572241,Tsim Sha Tsui,22.2973,114.1722,0,False,Very Close (<500m),True,True,True
624,2006,277.3827105642191,Sheung Shui,22.5012,114.128,0,False,Very Close (<500m),True,True,True
211,2006,33.14369599747768,Tsim Sha Tsui,22.2973,114.1722,0,False,Very Close (<500m),True,True,True
225,2006,308.33252574737685,Austin,22.304236,114.166601,0,False,Very Close (<500m),True,True,True
326,2006,393.7193013634889,Tai Wo Hau,22.371129,114.126303,0,False,Very Close (<500m),True,True,True
261,2006,459.2027219115885,Lai Chi Kok,22.3373,114.1482,0,False,Very Close (<500m),True,True,True
241,2006,276.32140086832277,To Kwa Wan,22.3172,114.1876,0,False,Very Close (<500m),True,True,True
227,2006,477.82400563045917,Yau Ma Tei,22.3129,114.1707,0,False,Very Close (<500m),True,True,True
625,2006,688.7196397528306,Fanling,22.490627,114.139289,0,False,Close (500-1000m),False,True,True
726,2006,267.2555396388387,Tai Wo,22.4511,114.1611,0,False,Very Close (<500m),True,True,True
271,2006,280.6412192382802,Kowloon Tong,22.336809,114.177245,0,False,Very Close (<500m),True,True,True
288,2006,717.0781227659994,Diamond Hill,22.339189,114.202382,0,False,Close (500-1000m),False,True,True
424,2006,498.0529360678334,Tuen Mun,22.394156,113.973948,0,False,Very Close (<500m),True,True,True
285,2006,417.45947219941615,Sung Wong Toi,22.326139,114.190407,0,False,Very Close (<500m),True,True,True
266,2006,154.8391033467524,Sham Shui Po,22.330141,114.163247,0,False,Very Close (<500m),True,True,True
726,2006,899.4546258091331,Tai Po Market,22.4446,114.1706,0,False,Close (500-1000m),False,True,True
222,2006,420.40676143514554,Mong Kok East,22.3222,114.1728,0,False,Very Close (<500m),True,True,True
242,2006,182.79528556663806,To Kwa Wan,22.3172,114.1876,0,False,Very Close (<500m),True,True,True
246,2006,145.45828375152635,Sung Wong Toi,22.326139,114.190407,0,False,Very Close (<500m),True,True,True
212,2006,454.2471395370108,Jordan,22.3049,114.1718,0,False,Very Close (<500m),True,True,True
726,2006,602.9069695563726,Tai Wo,22.4511,114.1611,0,False,Close (500-1000m),False,True,True
221,2006,448.6412963907272,Prince Edward,22.3245,114.1683,0,False,Very Close (<500m),True,True,True
214,2006,21.277660256200395,East Tsim Sha Tsui,22.295195,114.174446,1,True,Very Close (<500m),True,True,True
212,2006,226.2533914952941,Jordan,22.3049,114.1718,0,False,Very Close (<500m),True,True,True
243,2006,207.33030740261714,Whampoa,22.305852,114.188799,0,False,Very Close (<500m),True,True,True
290,2006,749.2171883091056,Lam Tin,22.305367,114.234261,0,False,Close (500-1000m),False,True,True
271,2006,967.4972000058282,Sung Wong Toi,22.326139,114.190407,0,False,Close (500-1000m),False,True,True
268,2006,481.7849278432582,Shek Kip Mei,22.332,114.1687,0,False,Very Close (<500m),True,True,True
271,2006,784.4763035919801,Sung Wong Toi,22.326139,114.190407,0,False,Close (500-1000m),False,True,True
284,2006,236.6924530170923,Diamond Hill,22.339189,114.202382,0,False,Very Close (<500m),True,True,True
284,2006,412.5342526000906,Diamond Hill,22.339189,114.202382,0,False,Very Close (<500m),True,True,True
212,2006,300.2407874018629,Jordan,22.3049,114.1718,0,False,Very Close (<500m),True,True,True
229,2006,452.84164654438933,Yau Ma Tei,22.3129,114.1707,0,False,Very Close (<500m),True,True,True
285,2006,599.9267136117245,Sung Wong Toi,22.326139,114.190407,0,False,Close (500-1000m),True,True,True
253,2006,601.6194515399886,Olympic,22.3178,114.1602,0,False,Close (500-1000m),False,True,True
268,2006,380.41903230643425,Shek Kip Mei,22.332,114.1687,0,False,Very Close (<500m),True,True,True
723,2006,563.4823489238698,Tai Po Market,22.4446,114.1706,0,False,Close (500-1000m),True,True,True
267,2006,335.8050229985015,Sham Shui Po,22.330141,114.163247,0,False,Very Close (<500m),True,True,True
227,2006,351.45109404378417,Mong Kok,22.321624,114.172537,0,False,Very Close (<500m),True,True,True
326,2006,364.71678927916054,Tai Wo Hau,22.371129,114.126303,0,False,Very Close (<500m),True,True,True
291,2006,444.7733070541496,Kowloon Bay,22.3235,114.2141,0,False,Very Close (<500m),True,True,True
235,2006,563.9164092485445,Yau Ma Tei,22.3129,114.1707,0,False,Close (500-1000m),False,True,True
423,2006,328.11843934715216,Tuen Mun,22.394156,113.973948,0,False,Very Close (<500m),True,True,True
268,2006,644.3777241021597,Shek Kip Mei,22.332,114.1687,0,False,Close (500-1000m),False,True,True
271,2006,198.32416286828305,Kowloon Tong,22.336809,114.177245,0,False,Very Close (<500m),True,True,True
212,2006,312.59433204778645,Tsim Sha Tsui,22.2973,114.1722,0,False,Very Close (<500m),True,True,True
268,2006,570.6705637280444,Shek Kip Mei,22.332,114.1687,0,False,Close (500-1000m),True,True,True
211,2006,238.268237164366,Tsim Sha Tsui,22.2973,114.1722,0,False,Very Close (<500m),True,True,True
335,2006,4905.502818319914,Sunny Bay,22.33285,114.028222,0,False,Far (>2km),False,False,False
521,2006,713.5721254434625,Kam Sheung Road,22.4348,114.0634,0,False,Close (500-1000m),False,True,True
241,2006,352.3854931719467,Sung Wong Toi,22.326139,114.190407,0,False,Very Close (<500m),True,True,True
284,2006,577.6973316578035,Kai Tak,22.3304,114.1994,0,False,Close (500-1000m),True,True,True
265,2006,331.3048075794443,Cheung Sha Wan,22.3354,114.1563,0,False,Very Close (<500m),True,True,True
423,2006,474.65890463741306,Tuen Mun,22.394156,113.973948,0,False,Very Close (<500m),True,True,True
221,2006,449.0289745611382,Prince Edward,22.3245,114.1683,0,False,Very Close (<500m),True,True,True
423,2006,419.349959886549,Tuen Mun,22.394156,113.973948,0,False,Very Close (<500m),True,True,True
723,2006,673.316876957933,Tai Po Market,22.4446,114.1706,0,False,Close (500-1000m),False,True,True
517,2006,1505.109203003249,Tin Shui Wai,22.446803,114.003028,0,False,Moderate (1-2km),False,False,True
251,2006,219.6936923022964,Austin,22.304236,114.166601,0,False,Very Close (<500m),True,True,True
271,2006,860.0255160468731,Kowloon Tong,22.336809,114.177245,0,False,Close (500-1000m),False,True,True
212,2006,222.98013748300397,Tsim Sha Tsui,22.2973,114.1722,0,False,Very Close (<500m),True,True,True
281,2006,556.0899185913805,Wong Tai Sin,22.341839,114.192124,0,False,Close (500-1000m),True,True,True
222,2006,59.39006265681116,Prince Edward,22.3245,114.1683,1,True,Very Close (<500m),True,True,True
624,2006,588.1332942231323,Sheung Shui,22.5012,114.128,0,False,Close (500-1000m),True,True,True
241,2006,381.576600889064,To Kwa Wan,22.3172,114.1876,0,False,Very Close (<500m),True,True,True
253,2006,445.4253301873176,Olympic,22.3178,114.1602,0,False,Very Close (<500m),True,True,True
423,2006,394.95082522392295,Tuen Mun,22.394156,113.973948,0,False,Very Close (<500m),True,True,True
423,2006,255.8454077252134,Tuen Mun,22.394156,113.973948,0,False,Very Close (<500m),True,True,True
291,2006,284.0241550970931,Choi Hung,22.334161,114.210289,0,False,Very Close (<500m),True,True,True
524,2006,927.5852965952683,Long Ping,22.449302,114.027269,0,False,Close (500-1000m),False,True,True
722,2006,2094.4616083634473,Tai Po Market,22.4446,114.1706,0,False,Far (>2km),False,False,True
253,2006,494.6570827472283,Olympic,22.3178,114.1602,0,False,Very Close (<500m),True,True,True
241,2006,260.5247367568234,To Kwa Wan,22.3172,114.1876,0,False,Very Close (<500m),True,True,True
212,2006,326.41804603426334,Tsim Sha Tsui,22.2973,114.1722,0,False,Very Close (<500m),True,True,True
726,2006,446.0580772707281,Tai Wo,22.4511,114.1611,0,False,Very Close (<500m),True,True,True
225,2006,291.163562809994,Yau Ma Tei,22.3129,114.1707,0,False,Very Close (<500m),True,True,True
423,2006,490.5089192619209,Tuen Mun,22.394156,113.973948,0,False,Very Close (<500m),True,True,True
241,2006,509.4165676461915,To Kwa Wan,22.3172,114.1876,0,False,Close (500-1000m),True,True,True
295,2006,208.36010225577627,Ngau Tau Kok,22.3154,114.2193,0,False,Very Close (<500m),True,True,True
251,2006,302.58129907565234,Austin,22.304236,114.166601,0,False,Very Close (<500m),True,True,True
251,2006,391.4164637716989,Austin,22.304236,114.166601,0,False,Very Close (<500m),True,True,True
264,2006,457.57329348793616,Lai Chi Kok,22.3373,114.1482,0,False,Very Close (<500m),True,True,True
221,2006,521.4240381253928,Olympic,22.3178,114.1602,0,False,Close (500-1000m),True,True,True
283,2006,532.5864435910352,Wong Tai Sin,22.341839,114.192124,0,False,Close (500-1000m),True,True,True
214,2006,103.46376325416517,East Tsim Sha Tsui,22.295195,114.174446,0,False,Very Close (<500m),True,True,True
245,2006,240.44268407793152,Whampoa,22.305852,114.188799,0,False,Very Close (<500m),True,True,True
527,2006,1078.4704236592763,Long Ping,22.449302,114.027269,0,False,Moderate (1-2km),False,True,True
243,2006,422.59736854450824,Ho Man Tin,22.308953,114.181612,0,False,Very Close (<500m),True,True,True
423,2006,326.79651777944184,Tuen Mun,22.394156,113.973948,0,False,Very Close (<500m),True,True,True
226,2006,389.14349121725274,Yau Ma Tei,22.3129,114.1707,0,False,Very Close (<500m),True,True,True
246,2006,361.3396571661869,Sung Wong Toi,22.326139,114.190407,0,False,Very Close (<500m),True,True,True
272,2006,680.4347944243178,Lok Fu,22.338,114.1871,0,False,Close (500-1000m),False,True,True
234,2006,674.97269066128,Mong Kok East,22.3222,114.1728,0,False,Close (500-1000m),False,True,True
263,2006,437.518825450812,Sham Shui Po,22.330141,114.163247,0,False,Very Close (<500m),True,True,True
263,2006,892.1332602480113,Cheung Sha Wan,22.3354,114.1563,0,False,Close (500-1000m),False,True,True
280,2006,879.0553984944431,Kowloon Bay,22.3235,114.2141,0,False,Close (500-1000m),False,True,True
225,2006,284.9740962764683,Yau Ma Tei,22.3129,114.1707,0,False,Very Close (<500m),True,True,True
625,2006,1044.2838187180207,Sheung Shui,22.5012,114.128,0,False,Moderate (1-2km),False,True,True
271,2006,873.3109465568562,Sung Wong Toi,22.326139,114.190407,0,False,Close (500-1000m),False,True,True
271,2006,221.74015177497915,Kowloon Tong,22.336809,114.177245,0,False,Very Close (<500m),True,True,True
221,2006,379.37401638815686,Olympic,22.3178,114.1602,0,False,Very Close (<500m),True,True,True
271,2006,738.817824313713,Mong Kok East,22.3222,114.1728,0,False,Close (500-1000m),False,True,True
324,2006,360.5135922627063,Tsuen Wan West,22.36755,114.11098,0,False,Very Close (<500m),True,True,True
295,2006,392.9600409833011,Ngau Tau Kok,22.3154,114.2193,0,False,Very Close (<500m),True,True,True
221,2006,471.77252857758276,Sham Shui Po,22.330141,114.163247,0,False,Very Close (<500m),True,True,True
244,2006,623.2355449164841,Whampoa,22.305852,114.188799,0,False,Close (500-1000m),False,True,True
281,2006,459.13867402490774,Wong Tai Sin,22.341839,114.192124,0,False,Very Close (<500m),True,True,True
425,2006,2002.590305922787,Tuen Mun,22.394156,113.973948,0,False,Far (>2km),False,False,True
271,2006,476.20571324532153,Kowloon Tong,22.336809,114.177245,0,False,Very Close (<500m),True,True,True
233,2006,594.7551423199847,Mong Kok East,22.3222,114.1728,0,False,Close (500-1000m),False,True,True
324,2006,638.0898000708247,Tsuen Wan station,22.373698,114.117726,0,False,Close (500-1000m),False,True,True
527,2006,235.06112495832875,Long Ping,22.449302,114.027269,0,False,Very Close (<500m),True,True,True
212,2006,376.1297516717415,Jordan,22.3049,114.1718,0,False,Very Close (<500m),True,True,True
254,2006,108.47506903791796,Olympic,22.3178,114.1602,0,False,Very Close (<500m),True,True,True
237,2006,538.4061886227277,To Kwa Wan,22.3172,114.1876,0,False,Close (500-1000m),True,True,True
245,2006,229.07828829285455,Whampoa,22.305852,114.188799,0,False,Very Close (<500m),True,True,True
294,2006,310.1976320199521,Ngau Tau Kok,22.3154,114.2193,0,False,Very Close (<500m),True,True,True
441,2006,862.4332153754311,Siu Hong,22.413564,113.979115,0,False,Close (500-1000m),False,True,True
521,2006,859.7638715365864,Kam Sheung Road,22.4348,114.0634,0,False,Close (500-1000m),False,True,True
246,2006,40.804408809490475,Sung Wong Toi,22.326139,114.190407,0,False,Very Close (<500m),True,True,True
234,2006,671.03376660887,To Kwa Wan,22.3172,114.1876,0,False,Close (500-1000m),False,True,True
280,2006,583.0025990898815,Kowloon Bay,22.3235,114.2141,0,False,Close (500-1000m),True,True,True
235,2006,631.189959194196,Yau Ma Tei,22.3129,114.1707,0,False,Close (500-1000m),False,True,True
294,2006,792.6114092392389,Kwun Tong,22.311559,114.227765,0,False,Close (500-1000m),False,True,True
264,2006,96.9326161250681,Cheung Sha Wan,22.3354,114.1563,0,False,Very Close (<500m),True,True,True
268,2006,631.0687605837836,Shek Kip Mei,22.332,114.1687,0,False,Close (500-1000m),False,True,True
288,2006,803.2945124464884,Choi Hung,22.334161,114.210289,0,False,Close (500-1000m),False,True,True
268,2006,242.1785202186252,Shek Kip Mei,22.332,114.1687,0,False,Very Close (<500m),True,True,True
423,2006,1190.5911880669491,Tuen Mun,22.394156,113.973948,0,False,Moderate (1-2km),False,False,True
423,2006,752.9032550292584,Tuen Mun,22.394156,113.973948,0,False,Close (500-1000m),False,True,True
235,2006,284.768098070453,Mong Kok,22.321624,114.172537,0,False,Very Close (<500m),True,True,True
294,2006,363.93060779447825,Ngau Tau Kok,22.3154,114.2193,0,False,Very Close (<500m),True,True,True
624,2006,443.8697007961843,Sheung Shui,22.5012,114.128,0,False,Very Close (<500m),True,True,True
268,2006,703.8744708743269,Kowloon Tong,22.336809,114.177245,0,False,Close (500-1000m),False,True,True
221,2006,285.6212977296144,Prince Edward,22.3245,114.1683,0,False,Very Close (<500m),True,True,True
323,2006,1188.0270624935433,Tsuen Wan West,22.36755,114.11098,0,False,Moderate (1-2km),False,False,True
423,2006,527.5368288015725,Tuen Mun,22.394156,113.973948,0,False,Close (500-1000m),True,True,True
324,2006,269.7056699211937,Tsuen Wan West,22.36755,114.11098,0,False,Very Close (<500m),True,True,True
243,2006,341.5834747572085,Ho Man Tin,22.308953,114.181612,0,False,Very Close (<500m),True,True,True
515,2006,1206.679283306869,Tin Shui Wai,22.446803,114.003028,0,False,Moderate (1-2km),False,False,True
232,2006,282.97860734597015,Mong Kok,22.321624,114.172537,0,False,Very Close (<500m),True,True,True
265,2006,212.0763965733407,Cheung Sha Wan,22.3354,114.1563,0,False,Very Close (<500m),True,True,True
625,2006,536.4792841349432,Fanling,22.490627,114.139289,0,False,Close (500-1000m),True,True,True
290,2006,760.4697907473222,Lam Tin,22.305367,114.234261,0,False,Close (500-1000m),False,True,True
261,2006,257.9117867937446,Lai Chi Kok,22.3373,114.1482,0,False,Very Close (<500m),True,True,True
625,2006,1083.6238562921235,Fanling,22.490627,114.139289,0,False,Moderate (1-2km),False,True,True
531,2006,1562.5034302767133,Kam Sheung Road,22.4348,114.0634,0,False,Moderate (1-2km),False,False,True
726,2006,425.7671892864831,Tai Wo,22.4511,114.1611,0,False,Very Close (<500m),True,True,True
221,2006,391.15914218819296,Prince Edward,22.3245,114.1683,0,False,Very Close (<500m),True,True,True
284,2006,428.3943938172009,Diamond Hill,22.339189,114.202382,0,False,Very Close (<500m),True,True,True
723,2006,472.7400079342143,Tai Po Market,22.4446,114.1706,0,False,Very Close (<500m),True,True,True
442,2006,587.3844505675027,Siu Hong,22.413564,113.979115,0,False,Close (500-1000m),True,True,True
295,2006,702.75330653026,Ngau Tau Kok,22.3154,114.2193,0,False,Close (500-1000m),False,True,True
624,2006,308.345818991963,Sheung Shui,22.5012,114.128,0,False,Very Close (<500m),True,True,True
351,2006,1618.7032737246689,Tsing Yi,22.360206,114.107587,0,False,Moderate (1-2km),False,False,True
251,2006,214.94818155856885,Austin,22.304236,114.166601,0,False,Very Close (<500m),True,True,True
294,2006,374.13272298726673,Kowloon Bay,22.3235,114.2141,0,False,Very Close (<500m),True,True,True
272,2006,666.6565865658935,Lok Fu,22.338,114.1871,0,False,Close (500-1000m),False,True,True
251,2006,451.2545273801735,Airport,22.304925,114.1616,0,False,Very Close (<500m),True,True,True
350,2006,1365.942030286752,Tsing Yi,22.360206,114.107587,0,False,Moderate (1-2km),False,False,True
267,2006,395.72288445483065,Shek Kip Mei,22.332,114.1687,0,False,Very Close (<500m),True,True,True
424,2006,713.7003735963499,Tuen Mun,22.394156,113.973948,0,False,Close (500-1000m),False,True,True
323,2006,1422.0303588659467,Tsuen Wan West,22.36755,114.11098,0,False,Moderate (1-2km),False,False,True
294,2006,622.3944596255601,Kowloon Bay,22.3235,114.2141,0,False,Close (500-1000m),False,True,True
323,2006,1503.8638946202593,Tsuen Wan West,22.36755,114.11098,0,False,Moderate (1-2km),False,False,True
226,2006,501.46006271369043,Yau Ma Tei,22.3129,114.1707,0,False,Close (500-1000m),True,True,True
288,2006,707.2991467932229,Choi Hung,22.334161,114.210289,0,False,Close (500-1000m),False,True,True
625,2006,1272.0783888682472,Fanling,22.490627,114.139289,0,False,Moderate (1-2km),False,False,True
271,2006,738.7956377976889,Kowloon Tong,22.336809,114.177245,0,False,Close (500-1000m),False,True,True
741,2006,3036.519572307202,Wu Kai Sha,22.4291,114.2438,0,False,Far (>2km),False,False,False
280,2006,304.67851276513426,Kowloon Bay,22.3235,114.2141,0,False,Very Close (<500m),True,True,True
211,2006,282.18588000074027,Tsim Sha Tsui,22.2973,114.1722,0,False,Very Close (<500m),True,True,True
284,2006,524.7065969719577,Diamond Hill,22.339189,114.202382,0,False,Close (500-1000m),True,True,True
263,2006,170.8783347063555,Shek Kip Mei,22.332,114.1687,0,False,Very Close (<500m),True,True,True
441,2006,971.6888957900981,Siu Hong,22.413564,113.979115,0,False,Close (500-1000m),False,True,True
527,2006,638.1883923153812,Long Ping,22.449302,114.027269,0,False,Close (500-1000m),False,True,True
241,2006,122.98176755180705,To Kwa Wan,22.3172,114.1876,0,False,Very Close (<500m),True,True,True
221,2006,473.21107793396743,Olympic,22.3178,114.1602,0,False,Very Close (<500m),True,True,True
236,2006,325.6475899385155,Ho Man Tin,22.308953,114.181612,0,False,Very Close (<500m),True,True,True
211,2006,307.7120683864947,Austin,22.304236,114.166601,0,False,Very Close (<500m),True,True,True
211,2006,316.67294626289504,Tsim Sha Tsui,22.2973,114.1722,0,False,Very Close (<500m),True,True,True
297,2006,1140.204500186053,Lam Tin,22.305367,114.234261,0,False,Moderate (1-2km),False,False,True
425,2006,2074.813740169867,Tuen Mun,22.394156,113.973948,0,False,Far (>2km),False,False,True
232,2006,323.71692156828584,Mong Kok East,22.3222,114.1728,0,False,Very Close (<500m),True,True,True
291,2006,324.4219708114425,Choi Hung,22.334161,114.210289,0,False,Very Close (<500m),True,True,True
626,2006,474.128633092578,Sheung Shui,22.5012,114.128,0,False,Very Close (<500m),True,True,True
324,2006,711.5712379371756,Tsuen Wan West,22.36755,114.11098,0,False,Close (500-1000m),False,True,True
227,2006,365.93440480084007,Mong Kok,22.321624,114.172537,0,False,Very Close (<500m),True,True,True
251,2006,442.18290114526934,Airport,22.304925,114.1616,0,False,Very Close (<500m),True,True,True
271,2006,624.2939729440775,Kowloon Tong,22.336809,114.177245,0,False,Close (500-1000m),True,True,True
264,2006,239.44093724556208,Cheung Sha Wan,22.3354,114.1563,0,False,Very Close (<500m),True,True,True
323,2006,1142.4483931977518,Tsuen Wan West,22.36755,114.11098,0,False,Moderate (1-2km),False,False,True
228,2006,352.063677026894,Yau Ma Tei,22.3129,114.1707,0,False,Very Close (<500m),True,True,True
625,2006,616.9456789353658,Fanling,22.490627,114.139289,0,False,Close (500-1000m),False,True,True
524,2006,110.82566414444696,Long Ping,22.449302,114.027269,0,False,Very Close (<500m),True,True,True
271,2006,589.7468965044542,Kowloon Tong,22.336809,114.177245,0,False,Close (500-1000m),True,True,True
298,2006,422.04648436137325,Yau Tong,22.2979,114.2371,0,False,Very Close (<500m),True,True,True
284,2006,519.8997123516522,Diamond Hill,22.339189,114.202382,0,False,Close (500-1000m),True,True,True
328,2006,109.89354709728845,Lai King,22.3484,114.1261,0,False,Very Close (<500m),True,True,True
625,2006,915.7842200243726,Fanling,22.490627,114.139289,0,False,Close (500-1000m),False,True,True
225,2006,367.4637110219823,Yau Ma Tei,22.3129,114.1707,0,False,Very Close (<500m),True,True,True
246,2006,243.71581199341392,Sung Wong Toi,22.326139,114.190407,0,False,Very Close (<500m),True,True,True
246,2006,395.43783880025467,Sung Wong Toi,22.326139,114.190407,0,False,Very Close (<500m),True,True,True
297,2006,84.13557236694241,Lam Tin,22.305367,114.234261,0,False,Very Close (<500m),True,True,True
726,2006,942.4121534417592,Tai Po Market,22.4446,114.1706,0,False,Close (500-1000m),False,True,True
324,2006,475.2555709178584,Tsuen Wan,22.3736,114.1178,0,False,Very Close (<500m),True,True,True
350,2006,372.1397253432068,Tsing Yi,22.360206,114.107587,0,False,Very Close (<500m),True,True,True
521,2006,507.30331213410795,Kam Sheung Road,22.4348,114.0634,0,False,Close (500-1000m),True,True,True
283,2006,377.8974214681079,Wong Tai Sin,22.341839,114.192124,0,False,Very Close (<500m),True,True,True
234,2006,804.727241763405,To Kwa Wan,22.3172,114.1876,0,False,Close (500-1000m),False,True,True
423,2006,559.8112896204269,Tuen Mun,22.394156,113.973948,0,False,Close (500-1000m),True,True,True
271,2006,587.449741851268,Kowloon Tong,22.336809,114.177245,0,False,Close (500-1000m),True,True,True
231,2006,450.8670929605122,Mong Kok East,22.3222,114.1728,0,False,Very Close (<500m),True,True,True
515,2006,458.74640973112173,Tin Shui Wai,22.446803,114.003028,0,False,Very Close (<500m),True,True,True
254,2006,561.8671462426105,Nam Cheong,22.32829,114.1538,0,False,Close (500-1000m),True,True,True
281,2006,854.5537019472383,Diamond Hill,22.339189,114.202382,0,False,Close (500-1000m),False,True,True
324,2006,157.75695851719647,Tsuen Wan,22.3736,114.1178,0,False,Very Close (<500m),True,True,True
290,2006,319.09213923901484,Yau Tong,22.2979,114.2371,0,False,Very Close (<500m),True,True,True
226,2006,271.45743728220197,Jordan,22.3049,114.1718,0,False,Very Close (<500m),True,True,True
264,2006,101.80347738800559,Cheung Sha Wan,22.3354,114.1563,0,False,Very Close (<500m),True,True,True
625,2006,587.060404987195,Fanling,22.490627,114.139289,0,False,Close (500-1000m),True,True,True
214,2006,130.2512638976492,Tsim Sha Tsui,22.2973,114.1722,0,False,Very Close (<500m),True,True,True
295,2006,733.4232504494768,Kwun Tong,22.311559,114.227765,0,False,Close (500-1000m),False,True,True
283,2006,315.3798662830571,Lok Fu,22.338,114.1871,0,False,Very Close (<500m),True,True,True
423,2006,653.8563360248687,Tuen Mun,22.394156,113.973948,0,False,Close (500-1000m),False,True,True
280,2006,880.2281085445953,Kai Tak,22.3304,114.1994,0,False,Close (500-1000m),False,True,True
264,2006,119.24204152953683,Cheung Sha Wan,22.3354,114.1563,0,False,Very Close (<500m),True,True,True
524,2006,868.7803847758303,Long Ping,22.449302,114.027269,0,False,Close (500-1000m),False,True,True
281,2006,835.2562029868093,Diamond Hill,22.339189,114.202382,0,False,Close (500-1000m),False,True,True
233,2006,855.7700503453757,Mong Kok East,22.3222,114.1728,0,False,Close (500-1000m),False,True,True
298,2006,379.5387862949291,Yau Tong,22.2979,114.2371,0,False,Very Close (<500m),True,True,True
211,2006,175.4227490884811,Tsim Sha Tsui,22.2973,114.1722,0,False,Very Close (<500m),True,True,True
264,2006,345.5718572998611,Cheung Sha Wan,22.3354,114.1563,0,False,Very Close (<500m),True,True,True
625,2006,567.3086584616484,Fanling,22.490627,114.139289,0,False,Close (500-1000m),True,True,True
424,2006,180.36689940125294,Tuen Mun,22.394156,113.973948,0,False,Very Close (<500m),True,True,True
323,2006,1371.10240279573,Tsuen Wan station,22.373698,114.117726,0,False,Moderate (1-2km),False,False,True
242,2006,483.73723140714026,To Kwa Wan,22.3172,114.1876,0,False,Very Close (<500m),True,True,True
324,2006,202.00523279765315,Tsuen Wan station,22.373698,114.117726,0,False,Very Close (<500m),True,True,True
295,2006,603.3857970135039,Kwun Tong,22.311559,114.227765,0,False,Close (500-1000m),False,True,True
625,2006,421.4203854932682,Fanling,22.490627,114.139289,0,False,Very Close (<500m),True,True,True
242,2006,304.76949623607044,To Kwa Wan,22.3172,114.1876,0,False,Very Close (<500m),True,True,True
524,2006,463.30444608184735,Long Ping,22.449302,114.027269,0,False,Very Close (<500m),True,True,True
247,2006,621.9788387946954,To Kwa Wan,22.3172,114.1876,0,False,Close (500-1000m),False,True,True
726,2006,304.89113622236727,Tai Wo,22.4511,114.1611,0,False,Very Close (<500m),True,True,True
280,2006,411.95495285551345,Kowloon Bay,22.3235,114.2141,0,False,Very Close (<500m),True,True,True
351,2006,929.855996861839,Tsing Yi,22.360206,114.107587,0,False,Close (500-1000m),False,True,True
533,2006,4503.964264512277,Kam Sheung Road,22.4348,114.0634,0,False,Far (>2km),False,False,False
245,2006,141.45421358221319,Whampoa,22.305852,114.188799,0,False,Very Close (<500m),True,True,True
288,2006,674.7511850831726,Choi Hung,22.334161,114.210289,0,False,Close (500-1000m),False,True,True
254,2006,469.80983666698444,Nam Cheong,22.32829,114.1538,0,False,Very Close (<500m),True,True,True
221,2006,485.9939773337197,Olympic,22.3178,114.1602,0,False,Very Close (<500m),True,True,True
297,2006,425.99752987911353,Kwun Tong,22.311559,114.227765,0,False,Very Close (<500m),True,True,True
425,2006,738.9141782007304,Tuen Mun,22.394156,113.973948,0,False,Close (500-1000m),False,True,True
542,2006,2113.567371258785,Lok Ma Chau,22.5144,114.0657,0,False,Far (>2km),False,False,False
524,2006,411.417863660146,Long Ping,22.449302,114.027269,0,False,Very Close (<500m),True,True,True
324,2006,445.33870734038817,Tsuen Wan,22.3736,114.1178,0,False,Very Close (<500m),True,True,True
242,2006,312.5729209358764,Sung Wong Toi,22.326139,114.190407,0,False,Very Close (<500m),True,True,True
294,2006,115.747733148339,Ngau Tau Kok,22.3154,114.2193,0,False,Very Close (<500m),True,True,True
298,2006,557.7900786823965,Yau Tong,22.2979,114.2371,0,False,Close (500-1000m),True,True,True
726,2006,948.4985034021663,Tai Po Market,22.4446,114.1706,0,False,Close (500-1000m),False,True,True
324,2006,150.93175754345336,Tsuen Wan West,22.36755,114.11098,0,False,Very Close (<500m),True,True,True
264,2006,468.789570579857,Cheung Sha Wan,22.3354,114.1563,0,False,Very Close (<500m),True,True,True
264,2006,204.60475682974374,Lai Chi Kok,22.3373,114.1482,0,False,Very Close (<500m),True,True,True
280,2006,739.8431280010916,Kai Tak,22.3304,114.1994,0,False,Close (500-1000m),False,True,True
221,2006,290.9186695937152,Olympic,22.3178,114.1602,0,False,Very Close (<500m),True,True,True
350,2006,591.883520692229,Tsing Yi,22.360206,114.107587,0,False,Close (500-1000m),False,True,True
282,2006,254.34849945442224,Lok Fu,22.338,114.1871,0,False,Very Close (<500m),True,True,True
262,2006,647.2846551951358,Cheung Sha Wan,22.3354,114.1563,0,False,Close (500-1000m),False,True,True
723,2006,306.5410204751593,Tai Po Market,22.4446,114.1706,0,False,Very Close (<500m),True,True,True
245,2006,374.5461750969178,Whampoa,22.305852,114.188799,0,False,Very Close (<500m),True,True,True
271,2006,563.4359125865519,Sung Wong Toi,22.326139,114.190407,0,False,Close (500-1000m),True,True,True
524,2006,618.4337276190961,Long Ping,22.449302,114.027269,0,False,Close (500-1000m),False,True,True
324,2006,563.932771232489,Tsuen Wan,22.3736,114.1178,0,False,Close (500-1000m),True,True,True
213,2006,411.21087227392405,Whampoa,22.305852,114.188799,0,False,Very Close (<500m),True,True,True
271,2006,268.37327489868045,Kowloon Tong,22.336809,114.177245,0,False,Very Close (<500m),True,True,True
298,2006,668.9491860649518,Yau Tong,22.2979,114.2371,0,False,Close (500-1000m),False,True,True
722,2006,1109.2403256793943,Tai Wo,22.4511,114.1611,0,False,Moderate (1-2km),False,False,True
263,2006,331.51684627299505,Shek Kip Mei,22.332,114.1687,0,False,Very Close (<500m),True,True,True
284,2006,445.1582391682689,Kai Tak,22.3304,114.1994,0,False,Very Close (<500m),True,True,True
231,2006,824.573992006006,Mong Kok East,22.3222,114.1728,0,False,Close (500-1000m),False,True,True
281,2006,206.3148970795969,Wong Tai Sin,22.341839,114.192124,0,False,Very Close (<500m),True,True,True
326,2006,136.7080729386824,Kwai Fong,22.3569,114.1279,0,False,Very Close (<500m),True,True,True
294,2006,924.0286411653105,Ngau Tau Kok,22.3154,114.2193,0,False,Close (500-1000m),False,True,True
280,2006,713.3096766870193,Choi Hung,22.334161,114.210289,0,False,Close (500-1000m),False,True,True
441,2006,862.1495708614466,Siu Hong,22.413564,113.979115,0,False,Close (500-1000m),False,True,True
726,2006,1029.1270034760291,Tai Po Market,22.4446,114.1706,0,False,Moderate (1-2km),False,True,True
726,2006,722.5988452147445,Tai Wo,22.4511,114.1611,0,False,Close (500-1000m),False,True,True
280,2006,739.6678759475693,Kowloon Bay,22.3235,114.2141,0,False,Close (500-1000m),False,True,True
351,2006,2513.4059394275955,Tsing Yi,22.360206,114.107587,0,False,Far (>2km),False,False,False
324,2006,610.2106643705827,Tsuen Wan,22.3736,114.1178,0,False,Close (500-1000m),True,True,True
268,2006,314.7942650619466,Shek Kip Mei,22.332,114.1687,0,False,Very Close (<500m),True,True,True
519,2006,1384.0536385001722,Tin Shui Wai,22.446803,114.003028,0,False,Moderate (1-2km),False,False,True
624,2006,135.45836450392954,Sheung Shui,22.5012,114.128,0,False,Very Close (<500m),True,True,True
323,2006,443.7682987421616,Tsuen Wan station,22.373698,114.117726,0,False,Very Close (<500m),True,True,True
297,2006,431.40665576468484,Lam Tin,22.305367,114.234261,0,False,Very Close (<500m),True,True,True
625,2006,798.152861143678,Fanling,22.490627,114.139289,0,False,Close (500-1000m),False,True,True
425,2006,530.5689669907035,Siu Hong,22.413564,113.979115,0,False,Close (500-1000m),True,True,True
280,2006,785.9590714315451,Kowloon Bay,22.3235,114.2141,0,False,Close (500-1000m),False,True,True
264,2006,327.67502838232906,Lai Chi Kok,22.3373,114.1482,0,False,Very Close (<500m),True,True,True
246,2006,389.9741705670558,To Kwa Wan,22.3172,114.1876,0,False,Very Close (<500m),True,True,True
722,2006,4015.065506286656,Tai Po Market,22.4446,114.1706,0,False,Far (>2km),False,False,False
625,2006,601.5789518713673,Fanling,22.490627,114.139289,0,False,Close (500-1000m),False,True,True
283,2006,165.72925140605253,Wong Tai Sin,22.341839,114.192124,0,False,Very Close (<500m),True,True,True
234,2006,867.5635697751217,To Kwa Wan,22.3172,114.1876,0,False,Close (500-1000m),False,True,True
246,2006,459.09768799297933,Sung Wong Toi,22.326139,114.190407,0,False,Very Close (<500m),True,True,True
254,2006,481.2539784658676,Olympic,22.3178,114.1602,0,False,Very Close (<500m),True,True,True
294,2006,280.66539529944043,Kwun Tong,22.311559,114.227765,0,False,Very Close (<500m),True,True,True
288,2006,828.8912928816991,Choi Hung,22.334161,114.210289,0,False,Close (500-1000m),False,True,True
294,2006,459.70626063354746,Kwun Tong,22.311559,114.227765,0,False,Very Close (<500m),True,True,True
245,2006,100.31157787544264,Whampoa,22.305852,114.188799,0,False,Very Close (<500m),True,True,True
283,2006,599.4325785126538,Lok Fu,22.338,114.1871,0,False,Close (500-1000m),False,True,True
212,2006,431.62626471756664,Tsim Sha Tsui,22.2973,114.1722,0,False,Very Close (<500m),True,True,True
245,2006,81.83284474233443,Whampoa,22.305852,114.188799,1,True,Very Close (<500m),True,True,True
324,2006,396.0367165129234,Tsuen Wan West,22.36755,114.11098,0,False,Very Close (<500m),True,True,True
350,2006,718.0967526958021,Tsing Yi,22.360206,114.107587,0,False,Close (500-1000m),False,True,True
271,2006,594.6579411210087,Sung Wong Toi,22.326139,114.190407,0,False,Close (500-1000m),True,True,True
254,2006,574.0161327790687,Olympic,22.3178,114.1602,0,False,Close (500-1000m),True,True,True
247,2006,478.341587425792,To Kwa Wan,22.3172,114.1876,0,False,Very Close (<500m),True,True,True
271,2006,614.9630203653281,Lok Fu,22.338,114.1871,0,False,Close (500-1000m),False,True,True
631,2006,1654.6699313348647,Tai Wo,22.4511,114.1611,0,False,Moderate (1-2km),False,False,True
246,2006,581.8258453485959,Sung Wong Toi,22.326139,114.190407,0,False,Close (500-1000m),True,True,True
282,2006,303.6990254323276,Wong Tai Sin,22.341839,114.192124,0,False,Very Close (<500m),True,True,True
524,2006,695.2028439129023,Yuen Long,22.4461,114.0352,0,False,Close (500-1000m),False,True,True
350,2006,1023.7787918199657,Tsing Yi,22.360206,114.107587,0,False,Moderate (1-2km),False,True,True
264,2006,213.6691360300873,Lai Chi Kok,22.3373,114.1482,0,False,Very Close (<500m),True,True,True
335,2006,4456.554831711801,Tsing Yi,22.360206,114.107587,0,False,Far (>2km),False,False,False
283,2006,611.5130516087725,Kai Tak,22.3304,114.1994,0,False,Close (500-1000m),True,True,True
527,2006,648.8517931518228,Long Ping,22.449302,114.027269,0,False,Close (500-1000m),False,True,True
624,2006,825.2036001325909,Sheung Shui,22.5012,114.128,0,False,Close (500-1000m),False,True,True
283,2006,220.9966464912711,Wong Tai Sin,22.341839,114.192124,0,False,Very Close (<500m),True,True,True
424,2006,699.8643875199278,Tuen Mun,22.394156,113.973948,0,False,Close (500-1000m),False,True,True
514,2006,2056.251269058208,Tin Shui Wai,22.446803,114.003028,0,False,Far (>2km),False,False,True
255,2006,423.0565075886639,Lai Chi Kok,22.3373,114.1482,0,False,Very Close (<500m),True,True,True
524,2006,603.2586695298139,Yuen Long,22.4461,114.0352,0,False,Close (500-1000m),True,True,True
288,2006,773.1915738303205,Diamond Hill,22.339189,114.202382,0,False,Close (500-1000m),False,True,True
263,2006,96.61686141801545,Shek Kip Mei,22.332,114.1687,0,False,Very Close (<500m),True,True,True
625,2006,828.884936806346,Fanling,22.490627,114.139289,0,False,Close (500-1000m),False,True,True
212,2006,99.8219303586956,Jordan,22.3049,114.1718,0,False,Very Close (<500m),True,True,True
271,2006,586.8569780017074,Kowloon Tong,22.336809,114.177245,0,False,Close (500-1000m),True,True,True
235,2006,631.6179942125984,Yau Ma Tei,22.3129,114.1707,0,False,Close (500-1000m),False,True,True
510,2006,893.9891506229103,Tin Shui Wai,22.446803,114.003028,0,False,Close (500-1000m),False,True,True
282,2006,193.0751313134529,Lok Fu,22.338,114.1871,0,False,Very Close (<500m),True,True,True
324,2006,489.456159266023,Tsuen Wan West,22.36755,114.11098,0,False,Very Close (<500m),True,True,True
327,2006,1180.4868379148556,Kwai Hing,22.3632,114.1312,0,False,Moderate (1-2km),False,False,True
294,2006,509.8491452374304,Ngau Tau Kok,22.3154,114.2193,0,False,Close (500-1000m),True,True,True
251,2006,381.3628567352858,Airport,22.304925,114.1616,0,False,Very Close (<500m),True,True,True
212,2006,379.9359354560096,Tsim Sha Tsui,22.2973,114.1722,0,False,Very Close (<500m),True,True,True
212,2006,482.87659566842257,Jordan,22.3049,114.1718,0,False,Very Close (<500m),True,True,True
625,2006,727.3135407099409,Fanling,22.490627,114.139289,0,False,Close (500-1000m),False,True,True
262,2006,603.3723076847593,Cheung Sha Wan,22.3354,114.1563,0,False,Close (500-1000m),True,True,True
728,2006,4893.51752478636,Wu Kai Sha,22.4291,114.2438,0,False,Far (>2km),False,False,False
423,2006,711.6796161577072,Tuen Mun,22.394156,113.973948,0,False,Close (500-1000m),False,True,True
723,2006,794.1213184995612,Tai Po Market,22.4446,114.1706,0,False,Close (500-1000m),False,True,True
235,2006,389.92940902584996,Mong Kok,22.321624,114.172537,0,False,Very Close (<500m),True,True,True
350,2006,768.292707939604,Tsing Yi,22.360206,114.107587,0,False,Close (500-1000m),False,True,True
425,2006,1739.8480870930518,Tuen Mun,22.394156,113.973948,0,False,Moderate (1-2km),False,False,True
524,2006,395.3339425451839,Long Ping,22.449302,114.027269,0,False,Very Close (<500m),True,True,True
531,2006,1958.5220339843327,Kam Sheung Road,22.4348,114.0634,0,False,Moderate (1-2km),False,False,True
271,2006,749.1360339828901,Kowloon Tong,22.336809,114.177245,0,False,Close (500-1000m),False,True,True
252,2006,485.48282470179544,Austin station,22.306294,114.164522,0,False,Very Close (<500m),True,True,True
294,2006,187.50490924314693,Kwun Tong,22.311559,114.227765,0,False,Very Close (<500m),True,True,True
272,2006,571.6534547741923,Kowloon Tong,22.336809,114.177245,0,False,Close (500-1000m),True,True,True
510,2006,2004.9826962082361,Tin Shui Wai,22.446803,114.003028,0,False,Far (>2km),False,False,True
245,2006,302.3621146510641,Whampoa,22.305852,114.188799,0,False,Very Close (<500m),True,True,True
261,2006,267.9394074152521,Lai Chi Kok,22.3373,114.1482,0,False,Very Close (<500m),True,True,True
328,2006,339.561380398862,Kwai Fong,22.3569,114.1279,0,False,Very Close (<500m),True,True,True
290,2006,640.6962338470232,Lam Tin,22.305367,114.234261,0,False,Close (500-1000m),False,True,True
255,2006,538.4063582317672,Lai Chi Kok,22.3373,114.1482,0,False,Close (500-1000m),True,True,True
242,2006,338.0763657691102,To Kwa Wan,22.3172,114.1876,0,False,Very Close (<500m),True,True,True
245,2006,132.04976142692414,Whampoa,22.305852,114.188799,0,False,Very Close (<500m),True,True,True
295,2006,231.6414065130384,Ngau Tau Kok,22.3154,114.2193,0,False,Very Close (<500m),True,True,True
262,2006,526.8856200825296,Cheung Sha Wan,22.3354,114.1563,0,False,Close (500-1000m),True,True,True
652,2006,8103.7458029892005,Fanling,22.490627,114.139289,0,False,Far (>2km),False,False,False
283,2006,255.14282863677215,Wong Tai Sin,22.341839,114.192124,0,False,Very Close (<500m),True,True,True
324,2006,669.8757812519827,Tsuen Wan,22.3736,114.1178,0,False,Close (500-1000m),False,True,True
280,2006,785.6387418861866,Kowloon Bay,22.3235,114.2141,0,False,Close (500-1000m),False,True,True
288,2006,938.3317042351433,Choi Hung,22.334161,114.210289,0,False,Close (500-1000m),False,True,True
271,2006,940.4977919932594,Kowloon Tong,22.336809,114.177245,0,False,Close (500-1000m),False,True,True
286,2006,881.7461194896846,Ngau Tau Kok,22.3154,114.2193,0,False,Close (500-1000m),False,True,True
524,2006,300.95907885600826,Yuen Long,22.4461,114.0352,0,False,Very Close (<500m),True,True,True
288,2006,701.7879011046015,Choi Hung,22.334161,114.210289,0,False,Close (500-1000m),False,True,True
251,2006,316.96866498888056,Austin,22.304236,114.166601,0,False,Very Close (<500m),True,True,True
213,2006,379.2193488844322,Hung Hom,22.3029,114.1816,0,False,Very Close (<500m),True,True,True
211,2006,474.4732873373484,Austin,22.304236,114.166601,0,False,Very Close (<500m),True,True,True
625,2006,406.4786199245408,Fanling,22.490627,114.139289,0,False,Very Close (<500m),True,True,True
624,2006,544.4018482195407,Sheung Shui,22.5012,114.128,0,False,Close (500-1000m),True,True,True
282,2006,222.9318410515718,Lok Fu,22.338,114.1871,0,False,Very Close (<500m),True,True,True
350,2006,562.6294010182572,Tsing Yi,22.360206,114.107587,0,False,Close (500-1000m),True,True,True
288,2006,191.64542002004163,Choi Hung,22.334161,114.210289,0,False,Very Close (<500m),True,True,True
625,2006,872.7910393813128,Sheung Shui,22.5012,114.128,0,False,Close (500-1000m),False,True,True
511,2006,1146.1146963214564,Tin Shui Wai,22.446803,114.003028,0,False,Moderate (1-2km),False,True,True
521,2006,337.1905136363265,Kam Sheung Road,22.4348,114.0634,0,False,Very Close (<500m),True,True,True
294,2006,502.1000341115883,Ngau Tau Kok,22.3154,114.2193,0,False,Close (500-1000m),True,True,True
514,2006,2469.218881044642,Tin Shui Wai,22.446803,114.003028,0,False,Far (>2km),False,False,False
425,2006,406.544139569389,Siu Hong,22.413564,113.979115,0,False,Very Close (<500m),True,True,True
324,2006,505.5888526340638,Tsuen Wan West,22.36755,114.11098,0,False,Close (500-1000m),True,True,True
426,2006,4034.5646366452543,Tuen Mun,22.394156,113.973948,0,False,Far (>2km),False,False,False
524,2006,289.2017340806608,Long Ping,22.449302,114.027269,0,False,Very Close (<500m),True,True,True
294,2006,404.1844008076325,Kwun Tong,22.311559,114.227765,0,False,Very Close (<500m),True,True,True
255,2006,517.8654130166377,Lai Chi Kok,22.3373,114.1482,0,False,Close (500-1000m),True,True,True
628,2006,726.7936885121313,Sheung Shui,22.5012,114.128,0,False,Close (500-1000m),False,True,True
425,2006,496.23838944777395,Tuen Mun,22.394156,113.973948,0,False,Very Close (<500m),True,True,True
265,2006,375.2633117891337,Sham Shui Po,22.330141,114.163247,0,False,Very Close (<500m),True,True,True
263,2006,184.13722350772844,Shek Kip Mei,22.332,114.1687,0,False,Very Close (<500m),True,True,True
524,2006,614.8895025380118,Long Ping,22.449302,114.027269,0,False,Close (500-1000m),False,True,True
521,2006,745.9481634437458,Kam Sheung Road,22.4348,114.0634,0,False,Close (500-1000m),False,True,True
271,2006,301.1329460373565,Kowloon Tong,22.336809,114.177245,0,False,Very Close (<500m),True,True,True
294,2006,232.2926231551834,Ngau Tau Kok,22.3154,114.2193,0,False,Very Close (<500m),True,True,True
283,2006,550.4848501704731,Kai Tak,22.3304,114.1994,0,False,Close (500-1000m),True,True,True
653,2006,13865.782873121212,Wu Kai Sha,22.4291,114.2438,0,False,Far (>2km),False,False,False
211,2006,174.5690599476441,Austin,22.304236,114.166601,0,False,Very Close (<500m),True,True,True
610,2006,4530.76353449767,Fanling,22.490627,114.139289,0,False,Far (>2km),False,False,False
251,2006,237.6977983326956,Airport,22.304925,114.1616,0,False,Very Close (<500m),True,True,True
260,2006,644.4186688861995,Mei Foo,22.336907,114.140573,0,False,Close (500-1000m),False,True,True
282,2006,238.2974098370835,Lok Fu,22.338,114.1871,0,False,Very Close (<500m),True,True,True
264,2006,276.7234736770814,Cheung Sha Wan,22.3354,114.1563,0,False,Very Close (<500m),True,True,True
723,2006,1065.8920721985362,Tai Po Market,22.4446,114.1706,0,False,Moderate (1-2km),False,True,True
280,2006,457.24657454579057,Kowloon Bay,22.3235,114.2141,0,False,Very Close (<500m),True,True,True
272,2006,387.06430428984424,Kowloon Tong,22.336809,114.177245,0,False,Very Close (<500m),True,True,True
625,2006,211.68023982266553,Fanling,22.490627,114.139289,0,False,Very Close (<500m),True,True,True
252,2006,195.907876153726,Austin station,22.306294,114.164522,0,False,Very Close (<500m),True,True,True
527,2006,929.1414223776483,Long Ping,22.449302,114.027269,0,False,Close (500-1000m),False,True,True
324,2006,212.01862925967842,Tsuen Wan station,22.373698,114.117726,0,False,Very Close (<500m),True,True,True
624,2006,343.722685500246,Sheung Shui,22.5012,114.128,0,False,Very Close (<500m),True,True,True
294,2006,494.53972796866395,Kwun Tong,22.311559,114.227765,0,False,Very Close (<500m),True,True,True
272,2006,469.7050942264699,Lok Fu,22.338,114.1871,0,False,Very Close (<500m),True,True,True
423,2006,1015.2757078311539,Tuen Mun,22.394156,113.973948,0,False,Moderate (1-2km),False,True,True
280,2006,759.5157560889169,Kai Tak,22.3304,114.1994,0,False,Close (500-1000m),False,True,True
245,2006,243.4952903761006,Whampoa,22.305852,114.188799,0,False,Very Close (<500m),True,True,True
425,2006,1618.3655808180542,Tuen Mun,22.394156,113.973948,0,False,Moderate (1-2km),False,False,True
726,2006,539.5581339566689,Tai Wo,22.4511,114.1611,0,False,Close (500-1000m),True,True,True
280,2006,711.214123603509,Kowloon Bay,22.3235,114.2141,0,False,Close (500-1000m),False,True,True
722,2006,1618.183552427664,Tai Po Market,22.4446,114.1706,0,False,Moderate (1-2km),False,False,True
728,2006,4545.593262747824,Wu Kai Sha,22.4291,114.2438,0,False,Far (>2km),False,False,False
271,2006,80.45092081309878,Kowloon Tong,22.336809,114.177245,0,False,Very Close (<500m),True,True,True
628,2006,862.2378126480681,Fanling,22.490627,114.139289,0,False,Close (500-1000m),False,True,True
211,2006,638.74026506749,Tsim Sha Tsui,22.2973,114.1722,0,False,Close (500-1000m),True,True,True
425,2006,446.77720490505124,Siu Hong,22.413564,113.979115,0,False,Very Close (<500m),True,True,True
271,2006,250.24251466888984,Kowloon Tong,22.336809,114.177245,0,False,Very Close (<500m),True,True,True
263,2006,115.7563522834252,Shek Kip Mei,22.332,114.1687,1,True,Very Close (<500m),True,True,True
542,2006,1678.862030801672,Lok Ma Chau,22.5144,114.0657,0,False,Moderate (1-2km),False,False,True
512,2006,1020.6049517045034,Tin Shui Wai,22.446803,114.003028,0,False,Moderate (1-2km),False,True,True
524,2006,476.5412970404224,Yuen Long,22.4461,114.0352,0,False,Very Close (<500m),True,True,True
532,2006,3382.647387779396,Kam Sheung Road,22.4348,114.0634,0,False,Far (>2km),False,False,False
297,2006,230.34048527652794,Lam Tin,22.305367,114.234261,0,False,Very Close (<500m),True,True,True
213,2006,354.7700748297218,Hung Hom,22.3029,114.1816,0,False,Very Close (<500m),True,True,True
625,2006,1351.7994772440784,Fanling,22.490627,114.139289,0,False,Moderate (1-2km),False,False,True
294,2006,388.9821340033226,Kwun Tong,22.311559,114.227765,0,False,Very Close (<500m),True,True,True
524,2006,274.63588075066116,Long Ping,22.449302,114.027269,0,False,Very Close (<500m),True,True,True
442,2006,1041.458184734456,Siu Hong,22.413564,113.979115,0,False,Moderate (1-2km),False,True,True
295,2006,111.02675444383046,Ngau Tau Kok,22.3154,114.2193,0,False,Very Close (<500m),True,True,True
422,2006,3214.539411239073,Tuen Mun,22.394156,113.973948,0,False,Far (>2km),False,False,False
261,2006,59.26037525808106,Lai Chi Kok,22.3373,114.1482,0,False,Very Close (<500m),True,True,True
529,2006,1056.4281242077527,Long Ping,22.449302,114.027269,0,False,Moderate (1-2km),False,True,True
295,2006,322.87439314640574,Ngau Tau Kok,22.3154,114.2193,0,False,Very Close (<500m),True,True,True
281,2006,960.4977155755282,Wong Tai Sin,22.341839,114.192124,0,False,Close (500-1000m),False,True,True
653,2006,13840.38821551539,Wu Kai Sha,22.4291,114.2438,0,False,Far (>2km),False,False,False
328,2006,676.8381199439164,Lai King,22.3484,114.1261,0,False,Close (500-1000m),False,True,True
542,2006,1761.8931677504015,Lok Ma Chau,22.5144,114.0657,0,False,Moderate (1-2km),False,False,True
516,2006,1757.1150473575992,Long Ping,22.449302,114.027269,0,False,Moderate (1-2km),False,False,True
243,2006,350.32759236267253,Whampoa,22.305852,114.188799,0,False,Very Close (<500m),True,True,True
216,2006,109.50673293836692,East Tsim Sha Tsui,22.295195,114.174446,0,False,Very Close (<500m),True,True,True
213,2006,405.71667780789767,Whampoa,22.305852,114.188799,0,False,Very Close (<500m),True,True,True
720,2006,1390.0870429043052,Tai Wo,22.4511,114.1611,0,False,Moderate (1-2km),False,False,True
290,2006,417.1292595523188,Kwun Tong,22.311559,114.227765,0,False,Very Close (<500m),True,True,True
521,2006,723.8437881881748,Kam Sheung Road,22.4348,114.0634,0,False,Close (500-1000m),False,True,True
423,2006,932.8908778210194,Tuen Mun,22.394156,113.973948,0,False,Close (500-1000m),False,True,True
327,2006,986.5183311385372,Kwai Hing,22.3632,114.1312,0,False,Close (500-1000m),False,True,True
625,2006,333.81514297081156,Fanling,22.490627,114.139289,0,False,Very Close (<500m),True,True,True
326,2006,567.8574797239922,Tai Wo Hau,22.371129,114.126303,0,False,Close (500-1000m),True,True,True
226,2006,229.7479211118336,Ho Man Tin,22.308953,114.181612,0,False,Very Close (<500m),True,True,True
288,2006,556.4742301958236,Choi Hung,22.334161,114.210289,0,False,Close (500-1000m),True,True,True
326,2006,533.2381855284358,Kwai Fong,22.3569,114.1279,0,False,Close (500-1000m),True,True,True
723,2006,522.2017108438146,Tai Po Market,22.4446,114.1706,0,False,Close (500-1000m),True,True,True
235,2006,655.3334928107622,Mong Kok,22.321624,114.172537,0,False,Close (500-1000m),True,True,True
323,2006,1006.213447266052,Tsuen Wan station,22.373698,114.117726,0,False,Moderate (1-2km),False,True,True
252,2006,359.83081125757184,Austin station,22.306294,114.164522,0,False,Very Close (<500m),True,True,True
510,2006,824.4421503045752,Tin Shui Wai,22.446803,114.003028,0,False,Close (500-1000m),False,True,True
321,2006,718.340855168809,Tsuen Wan station,22.373698,114.117726,0,False,Close (500-1000m),False,True,True
532,2006,3373.8293322000122,Kam Sheung Road,22.4348,114.0634,0,False,Far (>2km),False,False,False
628,2006,181.42057226504315,Fanling,22.490627,114.139289,1,True,Very Close (<500m),True,True,True
723,2006,567.6624254830575,Tai Po Market,22.4446,114.1706,0,False,Close (500-1000m),True,True,True
729,2006,884.0017983975273,Tai Po Market,22.4446,114.1706,0,False,Close (500-1000m),False,True,True
327,2006,1418.910275101093,Tai Wo Hau,22.371129,114.126303,0,False,Moderate (1-2km),False,False,True
290,2006,225.4741337827051,Lam Tin,22.305367,114.234261,0,False,Very Close (<500m),True,True,True
323,2006,958.6143649223307,Tsuen Wan West,22.36755,114.11098,0,False,Close (500-1000m),False,True,True
723,2006,567.2892179002691,Tai Wo,22.4511,114.1611,0,False,Close (500-1000m),True,True,True
729,2006,745.0469180309568,Tai Po Market,22.4446,114.1706,0,False,Close (500-1000m),False,True,True
625,2006,1051.763949736627,Fanling,22.490627,114.139289,0,False,Moderate (1-2km),False,True,True
265,2006,369.04296790724584,Nam Cheong,22.32829,114.1538,0,False,Very Close (<500m),True,True,True
512,2006,1417.3242232521698,Tin Shui Wai,22.446803,114.003028,0,False,Moderate (1-2km),False,False,True
527,2006,741.4718192758689,Long Ping,22.449302,114.027269,0,False,Close (500-1000m),False,True,True
422,2006,1647.3680317922533,Tuen Mun,22.394156,113.973948,0,False,Moderate (1-2km),False,False,True
351,2006,239.27034442802346,Tsing Yi,22.360206,114.107587,0,False,Very Close (<500m),True,True,True
529,2006,869.3591471545251,Yuen Long,22.4461,114.0352,0,False,Close (500-1000m),False,True,True
426,2006,3067.497166029699,Tuen Mun,22.394156,113.973948,0,False,Far (>2km),False,False,False
541,2006,2071.1146438332726,Yuen Long,22.4461,114.0352,0,False,Far (>2km),False,False,True
350,2006,2467.9593566868903,Lai King,22.3484,114.1261,0,False,Far (>2km),False,False,False
288,2006,292.4167454756735,Choi Hung,22.334161,114.210289,0,False,Very Close (<500m),True,True,True
729,2006,2081.9222629906744,University,22.413808,114.209437,0,False,Far (>2km),False,False,True
515,2006,361.6275844787903,Tin Shui Wai,22.446803,114.003028,0,False,Very Close (<500m),True,True,True
423,2006,791.8927059654019,Tuen Mun,22.394156,113.973948,0,False,Close (500-1000m),False,True,True
525,2006,615.5451482875961,Long Ping,22.449302,114.027269,0,False,Close (500-1000m),True,True,True
727,2006,1884.5783275675296,Tai Po Market,22.4446,114.1706,0,False,Moderate (1-2km),False,False,True
236,2006,500.54265247605264,Ho Man Tin,22.308953,114.181612,0,False,Close (500-1000m),True,True,True
528,2006,1708.9241356095329,Long Ping,22.449302,114.027269,0,False,Moderate (1-2km),False,False,True
425,2006,491.25348594625746,Siu Hong,22.413564,113.979115,0,False,Very Close (<500m),True,True,True
516,2006,1632.0141916654852,Long Ping,22.449302,114.027269,0,False,Moderate (1-2km),False,False,True
324,2006,451.1115198594403,Tsuen Wan West,22.36755,114.11098,0,False,Very Close (<500m),True,True,True
526,2006,1027.5465499230672,Kam Sheung Road,22.4348,114.0634,0,False,Moderate (1-2km),False,True,True
294,2006,508.7007627725403,Kwun Tong,22.311559,114.227765,0,False,Close (500-1000m),True,True,True
246,2006,594.3999827267683,To Kwa Wan,22.3172,114.1876,0,False,Close (500-1000m),True,True,True
264,2006,201.39689783689664,Cheung Sha Wan,22.3354,114.1563,1,True,Very Close (<500m),True,True,True
423,2006,829.346643912345,Tuen Mun,22.394156,113.973948,0,False,Close (500-1000m),False,True,True
622,2006,585.3552756225126,Kwu Tung,22.50752,114.09962,0,False,Close (500-1000m),True,True,True
329,2006,692.827401726819,Tsing Yi,22.360206,114.107587,0,False,Close (500-1000m),True,True,True
327,2006,921.834132922804,Lai King,22.3484,114.1261,0,False,Close (500-1000m),False,True,True
723,2006,326.19052123161595,Tai Wo,22.4511,114.1611,0,False,Very Close (<500m),True,True,True
236,2006,799.9670122837227,Ho Man Tin,22.308953,114.181612,0,False,Close (500-1000m),False,True,True
424,2006,1256.7318495431625,Tuen Mun,22.394156,113.973948,0,False,Moderate (1-2km),False,False,True
515,2006,502.1351670342504,Tin Shui Wai,22.446803,114.003028,0,False,Close (500-1000m),True,True,True
624,2006,749.3816622901828,Sheung Shui,22.5012,114.128,0,False,Close (500-1000m),False,True,True
510,2006,2463.103368327237,Tin Shui Wai,22.446803,114.003028,0,False,Far (>2km),False,False,False
515,2006,797.7502836408814,Tin Shui Wai,22.446803,114.003028,0,False,Close (500-1000m),False,True,True
727,2006,2288.55998905482,Tai Po Market,22.4446,114.1706,0,False,Far (>2km),False,False,False
652,2006,10655.553375857726,Fanling,22.490627,114.139289,0,False,Far (>2km),False,False,False
434,2006,5946.016071223105,AsiaWorld–Expo,22.321988,113.942221,0,False,Far (>2km),False,False,False
544,2006,4161.393169656506,Kam Sheung Road,22.4348,114.0634,0,False,Far (>2km),False,False,False
512,2006,1510.2542484512194,Tin Shui Wai,22.446803,114.003028,0,False,Moderate (1-2km),False,False,True
328,2006,170.743302785357,Kwai Hing,22.3632,114.1312,0,False,Very Close (<500m),True,True,True
336,2006,3922.5451158005735,Sunny Bay,22.33285,114.028222,0,False,Far (>2km),False,False,False
298,2006,342.2319994837352,Yau Tong,22.2979,114.2371,0,False,Very Close (<500m),True,True,True
726,2006,888.3062665312924,Tai Po Market,22.4446,114.1706,0,False,Close (500-1000m),False,True,True
351,2006,2702.094043207695,Tsing Yi,22.360206,114.107587,0,False,Far (>2km),False,False,False
652,2006,10041.484746974367,Fanling,22.490627,114.139289,0,False,Far (>2km),False,False,False
326,2006,307.94106120233295,Tai Wo Hau,22.371129,114.126303,0,False,Very Close (<500m),True,True,True
425,2006,1462.9960075148638,Tuen Mun,22.394156,113.973948,0,False,Moderate (1-2km),False,False,True
426,2006,3800.6301661659204,Tuen Mun,22.394156,113.973948,0,False,Far (>2km),False,False,False
325,2006,184.79345326022874,Tai Wo Hau,22.371129,114.126303,0,False,Very Close (<500m),True,True,True
652,2006,7920.711590366154,Fanling,22.490627,114.139289,0,False,Far (>2km),False,False,False
425,2006,602.7601832372326,Siu Hong,22.413564,113.979115,0,False,Close (500-1000m),True,True,True
334,2006,3334.750054571737,Tsing Yi,22.360206,114.107587,0,False,Far (>2km),False,False,False
421,2006,5521.183274390823,AsiaWorld–Expo,22.321988,113.942221,0,False,Far (>2km),False,False,False
521,2006,1481.8222343535178,Kam Sheung Road,22.4348,114.0634,0,False,Moderate (1-2km),False,False,True
427,2006,4404.411602268846,Tuen Mun,22.394156,113.973948,0,False,Far (>2km),False,False,False
326,2006,1016.7864430007876,Kwai Fong,22.3569,114.1279,0,False,Moderate (1-2km),False,True,True
728,2006,5293.447872847589,Wu Kai Sha,22.4291,114.2438,0,False,Far (>2km),False,False,False
328,2006,548.1612169574252,Mei Foo,22.336907,114.140573,0,False,Close (500-1000m),True,True,True
511,2006,1132.525335386942,Tin Shui Wai,22.446803,114.003028,0,False,Moderate (1-2km),False,True,True
424,2006,1181.1898093426703,Tuen Mun,22.394156,113.973948,0,False,Moderate (1-2km),False,True,True
426,2006,2385.9343459869024,Tuen Mun,22.394156,113.973948,0,False,Far (>2km),False,False,False
281,2006,496.78393088436934,Wong Tai Sin,22.341839,114.192124,0,False,Very Close (<500m),True,True,True
426,2006,3408.2486422086995,Tuen Mun,22.394156,113.973948,0,False,Far (>2km),False,False,False
423,2006,1594.5726463564833,Tuen Mun,22.394156,113.973948,0,False,Moderate (1-2km),False,False,True
627,2006,434.08685308712325,Sheung Shui,22.5012,114.128,0,False,Very Close (<500m),True,True,True
327,2006,997.4447650483229,Mei Foo,22.336907,114.140573,0,False,Close (500-1000m),False,True,True
242,2006,491.10219764348943,Sung Wong Toi,22.326139,114.190407,0,False,Very Close (<500m),True,True,True
625,2006,875.0509770088394,Sheung Shui,22.5012,114.128,0,False,Close (500-1000m),False,True,True
628,2006,1223.254625191013,Fanling,22.490627,114.139289,0,False,Moderate (1-2km),False,True,True
324,2006,791.2505009570746,Tsuen Wan West,22.36755,114.11098,0,False,Close (500-1000m),False,True,True
253,2006,556.2941100308494,Olympic,22.3178,114.1602,0,False,Close (500-1000m),True,True,True
743,2006,23650.278402104206,Wu Kai Sha,22.4291,114.2438,0,False,Far (>2km),False,False,False
510,2006,1530.4350371123433,Tin Shui Wai,22.446803,114.003028,0,False,Moderate (1-2km),False,False,True
525,2006,1105.761682028454,Yuen Long,22.4461,114.0352,0,False,Moderate (1-2km),False,True,True
522,2006,2422.760852700852,Yuen Long,22.4461,114.0352,0,False,Far (>2km),False,False,False
728,2006,5049.356935159407,Tai Po Market,22.4446,114.1706,0,False,Far (>2km),False,False,False
510,2006,1968.644796391424,Tin Shui Wai,22.446803,114.003028,0,False,Moderate (1-2km),False,False,True
513,2006,2940.395195746321,Tin Shui Wai,22.446803,114.003028,0,False,Far (>2km),False,False,False
515,2006,945.9472840461816,Tin Shui Wai,22.446803,114.003028,0,False,Close (500-1000m),False,True,True
280,2006,894.2141380694324,Kowloon Bay,22.3235,114.2141,0,False,Close (500-1000m),False,True,True
351,2006,1238.9506884642453,Tsing Yi,22.360206,114.107587,0,False,Moderate (1-2km),False,True,True
424,2006,320.236175888947,Tuen Mun,22.394156,113.973948,0,False,Very Close (<500m),True,True,True
521,2006,675.998972123063,Kam Sheung Road,22.4348,114.0634,0,False,Close (500-1000m),False,True,True
524,2006,702.5057964832513,Yuen Long,22.4461,114.0352,0,False,Close (500-1000m),False,True,True
323,2006,1193.7097879543396,Tsuen Wan West,22.36755,114.11098,0,False,Moderate (1-2km),False,True,True
727,2006,1631.2391460090957,Tai Po Market,22.4446,114.1706,0,False,Moderate (1-2km),False,False,True
527,2006,1003.7906682055448,Long Ping,22.449302,114.027269,0,False,Moderate (1-2km),False,True,True
244,2006,632.1678862010997,Whampoa,22.305852,114.188799,0,False,Close (500-1000m),True,True,True
283,2006,765.1214235782774,Lok Fu,22.338,114.1871,0,False,Close (500-1000m),False,True,True
324,2006,600.0424143843659,Tsuen Wan West,22.36755,114.11098,0,False,Close (500-1000m),True,True,True
292,2006,1631.7083536275618,Kowloon Bay,22.3235,114.2141,0,False,Moderate (1-2km),False,False,True
510,2006,2174.244002846939,Tin Shui Wai,22.446803,114.003028,0,False,Far (>2km),False,False,True
293,2006,1596.556730702946,Kwun Tong,22.311559,114.227765,0,False,Moderate (1-2km),False,False,True
515,2006,1142.4160965458163,Tin Shui Wai,22.446803,114.003028,0,False,Moderate (1-2km),False,True,True
532,2006,3619.502288595674,Kam Sheung Road,22.4348,114.0634,0,False,Far (>2km),False,False,False
211,2006,408.74296140434353,Tsim Sha Tsui,22.2973,114.1722,0,False,Very Close (<500m),True,True,True
425,2006,1214.2519182775864,Tuen Mun,22.394156,113.973948,0,False,Moderate (1-2km),False,True,True
542,2006,3799.2472759862167,Lok Ma Chau,22.5144,114.0657,0,False,Far (>2km),False,False,False
286,2006,880.4713518477706,Kai Tak,22.3304,114.1994,0,False,Close (500-1000m),False,True,True
251,2006,166.66684479854382,Austin,22.304236,114.166601,1,True,Very Close (<500m),True,True,True
652,2006,8442.671327531334,Fanling,22.490627,114.139289,0,False,Far (>2km),False,False,False
251,2006,356.34528501704466,Airport,22.304925,114.1616,0,False,Very Close (<500m),True,True,True
424,2006,1122.9739256213893,Tuen Mun,22.394156,113.973948,0,False,Moderate (1-2km),False,True,True
325,2006,199.14689450965957,Tai Wo Hau,22.371129,114.126303,1,True,Very Close (<500m),True,True,True
423,2006,710.6769941488701,Tuen Mun,22.394156,113.973948,0,False,Close (500-1000m),True,True,True
326,2006,982.4311400853867,Kwai Fong,22.3569,114.1279,0,False,Close (500-1000m),False,True,True
510,2006,1489.7505990572645,Tin Shui Wai,22.446803,114.003028,0,False,Moderate (1-2km),False,False,True
262,2006,717.110709932441,Cheung Sha Wan,22.3354,114.1563,0,False,Close (500-1000m),False,True,True
283,2006,466.610888119661,Lok Fu,22.338,114.1871,0,False,Very Close (<500m),True,True,True
741,2006,2652.975564568198,Wu Kai Sha,22.4291,114.2438,0,False,Far (>2km),False,False,False
423,2006,1073.704793368612,Tuen Mun,22.394156,113.973948,0,False,Moderate (1-2km),False,True,True
426,2006,2909.465849808858,Tuen Mun,22.394156,113.973948,0,False,Far (>2km),False,False,False
624,2006,439.78660838729326,Sheung Shui,22.5012,114.128,0,False,Very Close (<500m),True,True,True
323,2006,2065.868924641344,Tsuen Wan West,22.36755,114.11098,0,False,Far (>2km),False,False,True
522,2006,3636.401008427567,Yuen Long,22.4461,114.0352,0,False,Far (>2km),False,False,False
526,2006,2220.387892471354,Kam Sheung Road,22.4348,114.0634,0,False,Far (>2km),False,False,False
260,2006,134.74511350741324,Mei Foo,22.336907,114.140573,0,False,Very Close (<500m),True,True,True
544,2006,4007.25646166092,Yuen Long,22.4461,114.0352,0,False,Far (>2km),False,False,False
261,2006,549.7924593225607,Lai Chi Kok,22.3373,114.1482,0,False,Close (500-1000m),True,True,True
335,2006,4755.780293240492,Tsing Yi,22.360206,114.107587,0,False,Far (>2km),False,False,False
720,2006,1398.6308610666845,Tai Wo,22.4511,114.1611,0,False,Moderate (1-2km),False,False,True
252,2006,527.7224385345163,Austin station,22.306294,114.164522,0,False,Close (500-1000m),True,True,True
323,2006,1315.1394889314856,Tsuen Wan West,22.36755,114.11098,0,False,Moderate (1-2km),False,False,True
426,2006,2742.738264392076,Tuen Mun,22.394156,113.973948,0,False,Far (>2km),False,False,False
426,2006,3845.0713203032387,Sunny Bay,22.33285,114.028222,0,False,Far (>2km),False,False,False
422,2006,4008.979383426556,Tuen Mun,22.394156,113.973948,0,False,Far (>2km),False,False,False
255,2006,299.02434131467095,Lai Chi Kok,22.3373,114.1482,0,False,Very Close (<500m),True,True,True
542,2006,1945.1518358025653,Lok Ma Chau,22.5144,114.0657,0,False,Moderate (1-2km),False,False,True
281,2006,117.93713945033018,Wong Tai Sin,22.341839,114.192124,1,True,Very Close (<500m),True,True,True
723,2006,417.28045084791887,Tai Po Market,22.4446,114.1706,0,False,Very Close (<500m),True,True,True
351,2006,687.8852456590157,Tsing Yi,22.360206,114.107587,0,False,Close (500-1000m),True,True,True
323,2006,1329.938275815593,Tsuen Wan West,22.36755,114.11098,0,False,Moderate (1-2km),False,False,True
723,2006,358.1798495961693,Tai Po Market,22.4446,114.1706,0,False,Very Close (<500m),True,True,True
510,2006,1813.8932413656753,Tin Shui Wai,22.446803,114.003028,0,False,Moderate (1-2km),False,False,True
260,2006,199.89502550923885,Mei Foo,22.336907,114.140573,0,False,Very Close (<500m),True,True,True
234,2006,567.0878191750971,Mong Kok,22.321624,114.172537,0,False,Close (500-1000m),True,True,True
425,2006,749.9461865585369,Siu Hong,22.413564,113.979115,0,False,Close (500-1000m),False,True,True
281,2006,980.4296181242105,Diamond Hill,22.339189,114.202382,0,False,Close (500-1000m),False,True,True
350,2006,981.6642476029864,Tsing Yi,22.360206,114.107587,0,False,Close (500-1000m),False,True,True
282,2006,591.6565080366238,Wong Tai Sin,22.341839,114.192124,0,False,Close (500-1000m),True,True,True
527,2006,547.8190432324254,Long Ping,22.449302,114.027269,0,False,Close (500-1000m),True,True,True
634,2006,1682.5902685807964,Fanling,22.490627,114.139289,0,False,Moderate (1-2km),False,False,True
280,2006,554.7990691831063,Choi Hung,22.334161,114.210289,0,False,Close (500-1000m),True,True,True
528,2006,1266.4875587053132,Long Ping,22.449302,114.027269,0,False,Moderate (1-2km),False,True,True
728,2006,5953.757462955358,Wu Kai Sha,22.4291,114.2438,0,False,Far (>2km),False,False,False
271,2006,736.6853519034562,Kowloon Tong,22.336809,114.177245,0,False,Close (500-1000m),False,True,True
524,2006,67.91643227876807,Yuen Long,22.4461,114.0352,1,True,Very Close (<500m),True,True,True
326,2006,145.42391135929682,Kwai Hing,22.3632,114.1312,1,True,Very Close (<500m),True,True,True
271,2006,581.6551750349669,Kowloon Tong,22.336809,114.177245,0,False,Close (500-1000m),True,True,True
625,2006,923.3979888403617,Fanling,22.490627,114.139289,0,False,Close (500-1000m),False,True,True
294,2006,333.88591884106404,Ngau Tau Kok,22.3154,114.2193,0,False,Very Close (<500m),True,True,True
262,2006,643.6183066604509,Cheung Sha Wan,22.3354,114.1563,0,False,Close (500-1000m),True,True,True
294,2006,340.36693109641914,Ngau Tau Kok,22.3154,114.2193,0,False,Very Close (<500m),True,True,True
236,2006,211.85723984257984,Ho Man Tin,22.308953,114.181612,0,False,Very Close (<500m),True,True,True
425,2006,528.8212477378241,Siu Hong,22.413564,113.979115,0,False,Close (500-1000m),True,True,True
231,2006,647.2248802263678,Mong Kok East,22.3222,114.1728,0,False,Close (500-1000m),False,True,True
321,2006,945.480300959381,Tai Wo Hau,22.371129,114.126303,0,False,Close (500-1000m),False,True,True
510,2006,1620.8941693782392,Tin Shui Wai,22.446803,114.003028,0,False,Moderate (1-2km),False,False,True
510,2006,2559.474473251466,Tin Shui Wai,22.446803,114.003028,0,False,Far (>2km),False,False,False
298,2006,377.67865241263314,Yau Tong,22.2979,114.2371,0,False,Very Close (<500m),True,True,True
729,2006,646.3591314481919,Tai Po Market,22.4446,114.1706,0,False,Close (500-1000m),True,True,True
532,2006,1415.240159325963,Kam Sheung Road,22.4348,114.0634,0,False,Moderate (1-2km),False,False,True
522,2006,2146.5638505138554,Yuen Long,22.4461,114.0352,0,False,Far (>2km),False,False,True
268,2006,233.60379213953846,Shek Kip Mei,22.332,114.1687,0,False,Very Close (<500m),True,True,True
327,2006,1462.9288020398033,Tai Wo Hau,22.371129,114.126303,0,False,Moderate (1-2km),False,False,True
323,2006,1450.315486423145,Tsuen Wan station,22.373698,114.117726,0,False,Moderate (1-2km),False,False,True
722,2006,480.16738277348867,Tai Wo,22.4511,114.1611,0,False,Very Close (<500m),True,True,True
216,2006,420.39885664276375,Tsim Sha Tsui,22.2973,114.1722,0,False,Very Close (<500m),True,True,True
226,2006,445.75039124062897,Ho Man Tin,22.308953,114.181612,0,False,Very Close (<500m),True,True,True
262,2006,498.65231066928254,Cheung Sha Wan,22.3354,114.1563,0,False,Very Close (<500m),True,True,True
323,2006,1061.3348819089517,Tsuen Wan West,22.36755,114.11098,0,False,Moderate (1-2km),False,True,True
351,2006,1603.8135158353318,Tsing Yi,22.360206,114.107587,0,False,Moderate (1-2km),False,False,True
729,2006,1888.2664166374598,Tai Po Market,22.4446,114.1706,0,False,Moderate (1-2km),False,False,True
260,2006,414.0552548119226,Lai Chi Kok,22.3373,114.1482,0,False,Very Close (<500m),True,True,True
232,2006,122.36192971650725,Mong Kok East,22.3222,114.1728,0,False,Very Close (<500m),True,True,True
642,2006,4009.76022453954,Lo Wu,22.5283,114.1134,0,False,Far (>2km),False,False,False
281,2006,524.5806050333105,Wong Tai Sin,22.341839,114.192124,0,False,Close (500-1000m),True,True,True
529,2006,767.5823770698198,Yuen Long,22.4461,114.0352,0,False,Close (500-1000m),False,True,True
351,2006,1085.429015325924,Tsing Yi,22.360206,114.107587,0,False,Moderate (1-2km),False,True,True
424,2006,290.7579005877634,Tuen Mun,22.394156,113.973948,0,False,Very Close (<500m),True,True,True
213,2006,241.49300012737282,Hung Hom,22.3029,114.1816,0,False,Very Close (<500m),True,True,True
282,2006,53.7626179783744,Lok Fu,22.338,114.1871,1,True,Very Close (<500m),True,True,True
723,2006,876.4001894674453,Tai Po Market,22.4446,114.1706,0,False,Close (500-1000m),False,True,True
323,2006,959.5706563311687,Tsuen Wan station,22.373698,114.117726,0,False,Close (500-1000m),False,True,True
255,2006,135.58557509871562,Nam Cheong,22.32829,114.1538,0,False,Very Close (<500m),True,True,True
543,2006,3691.4279808803158,Lok Ma Chau,22.5144,114.0657,0,False,Far (>2km),False,False,False
634,2006,4719.898512293938,Fanling,22.490627,114.139289,0,False,Far (>2km),False,False,False
511,2006,1447.6973967157044,Tin Shui Wai,22.446803,114.003028,0,False,Moderate (1-2km),False,False,True
423,2006,751.2146066875086,Tuen Mun,22.394156,113.973948,0,False,Close (500-1000m),False,True,True
252,2006,357.3407703385569,Austin station,22.306294,114.164522,0,False,Very Close (<500m),True,True,True
628,2006,889.6655159376633,Fanling,22.490627,114.139289,0,False,Close (500-1000m),False,True,True
424,2006,905.9427981700775,Tuen Mun,22.394156,113.973948,0,False,Close (500-1000m),False,True,True
288,2006,506.58870711600815,Diamond Hill,22.339189,114.202382,0,False,Close (500-1000m),True,True,True
532,2006,3811.820703703972,Kam Sheung Road,22.4348,114.0634,0,False,Far (>2km),False,False,False
728,2006,4387.43734824931,Tai Po Market,22.4446,114.1706,0,False,Far (>2km),False,False,False
634,2006,1583.2832061533222,Fanling,22.490627,114.139289,0,False,Moderate (1-2km),False,False,True
268,2006,354.394948227472,Shek Kip Mei,22.332,114.1687,0,False,Very Close (<500m),True,True,True
625,2006,1143.5505927677175,Fanling,22.490627,114.139289,0,False,Moderate (1-2km),False,True,True
425,2006,1062.9037451440327,Tuen Mun,22.394156,113.973948,0,False,Moderate (1-2km),False,True,True
328,2006,422.5302811345611,Kwai Fong,22.3569,114.1279,0,False,Very Close (<500m),True,True,True
265,2006,317.89328468011746,Cheung Sha Wan,22.3354,114.1563,0,False,Very Close (<500m),True,True,True
422,2006,2045.1917503877228,Tuen Mun,22.394156,113.973948,0,False,Far (>2km),False,False,True
532,2006,1528.9984098948853,Kam Sheung Road,22.4348,114.0634,0,False,Moderate (1-2km),False,False,True
350,2006,2809.0113883200734,Lai King,22.3484,114.1261,0,False,Far (>2km),False,False,False
518,2006,2021.2608627972606,Tin Shui Wai,22.446803,114.003028,0,False,Far (>2km),False,False,True
511,2006,1112.9545077885496,Tin Shui Wai,22.446803,114.003028,0,False,Moderate (1-2km),False,True,True
237,2006,640.7274524391553,To Kwa Wan,22.3172,114.1876,0,False,Close (500-1000m),True,True,True
328,2006,480.57095520517146,Lai King,22.3484,114.1261,0,False,Very Close (<500m),True,True,True
522,2006,2096.28921940403,Yuen Long,22.4461,114.0352,0,False,Far (>2km),False,False,True
634,2006,1418.0303278896488,Fanling,22.490627,114.139289,0,False,Moderate (1-2km),False,False,True
533,2006,2678.1675376623944,Kam Sheung Road,22.4348,114.0634,0,False,Far (>2km),False,False,False
291,2006,273.67459304367253,Kowloon Bay,22.3235,114.2141,0,False,Very Close (<500m),True,True,True
518,2006,1851.9771246700543,Long Ping,22.449302,114.027269,0,False,Moderate (1-2km),False,False,True
511,2006,1274.332313053464,Tin Shui Wai,22.446803,114.003028,0,False,Moderate (1-2km),False,False,True
288,2006,337.97682170805274,Choi Hung,22.334161,114.210289,0,False,Very Close (<500m),True,True,True
282,2006,644.1780954821164,Wong Tai Sin,22.341839,114.192124,0,False,Close (500-1000m),True,True,True
281,2006,858.9422904611502,Wong Tai Sin,22.341839,114.192124,0,False,Close (500-1000m),False,True,True
727,2006,2364.8224525455093,Tai Po Market,22.4446,114.1706,0,False,Far (>2km),False,False,False
351,2006,463.50432025922225,Tsing Yi,22.360206,114.107587,0,False,Very Close (<500m),True,True,True
426,2006,3495.6716587836054,Tuen Mun,22.394156,113.973948,0,False,Far (>2km),False,False,False
723,2006,345.6072765518364,Tai Wo,22.4511,114.1611,0,False,Very Close (<500m),True,True,True
627,2006,816.8934238599068,Sheung Shui,22.5012,114.128,0,False,Close (500-1000m),False,True,True
510,2006,2238.009920677346,Tin Shui Wai,22.446803,114.003028,0,False,Far (>2km),False,False,False
328,2006,571.9898265531334,Lai King,22.3484,114.1261,0,False,Close (500-1000m),True,True,True
351,2006,974.1782477967586,Tsing Yi,22.360206,114.107587,0,False,Close (500-1000m),False,True,True
545,2006,238.4720315741835,Kwu Tung,22.50752,114.09962,0,False,Very Close (<500m),True,True,True
521,2006,504.64461399653754,Kam Sheung Road,22.4348,114.0634,0,False,Close (500-1000m),True,True,True
422,2006,2594.179822371539,Tuen Mun,22.394156,113.973948,0,False,Far (>2km),False,False,False
724,2006,2475.643849282883,Tai Wo,22.4511,114.1611,0,False,Far (>2km),False,False,False
326,2006,343.6646792844572,Kwai Fong,22.3569,114.1279,0,False,Very Close (<500m),True,True,True
320,2006,419.99811596981107,Lai King,22.3484,114.1261,0,False,Very Close (<500m),True,True,True
350,2006,2029.143964373553,Tsing Yi,22.360206,114.107587,0,False,Far (>2km),False,False,True
351,2006,1598.1158903265964,Tsing Yi,22.360206,114.107587,0,False,Moderate (1-2km),False,False,True
510,2006,1038.46903247913,Tin Shui Wai,22.446803,114.003028,0,False,Moderate (1-2km),False,True,True
634,2006,1449.0927550841277,Fanling,22.490627,114.139289,0,False,Moderate (1-2km),False,False,True
281,2006,391.1424082898055,Diamond Hill,22.339189,114.202382,0,False,Very Close (<500m),True,True,True
628,2006,707.816415562223,Sheung Shui,22.5012,114.128,0,False,Close (500-1000m),False,True,True
213,2006,497.1190525010787,Whampoa,22.305852,114.188799,0,False,Very Close (<500m),True,True,True
261,2006,755.4931849353461,Cheung Sha Wan,22.3354,114.1563,0,False,Close (500-1000m),False,True,True
294,2006,775.252238495107,Ngau Tau Kok,22.3154,114.2193,0,False,Close (500-1000m),False,True,True
268,2006,654.1251063668799,Mong Kok East,22.3222,114.1728,0,False,Close (500-1000m),True,True,True
510,2006,2252.7568965050423,Tin Shui Wai,22.446803,114.003028,0,False,Far (>2km),False,False,False
335,2006,4474.942304936363,Sunny Bay,22.33285,114.028222,0,False,Far (>2km),False,False,False
280,2006,581.0946831373107,Kowloon Bay,22.3235,114.2141,0,False,Close (500-1000m),True,True,True
728,2006,4694.906406610301,Tai Po Market,22.4446,114.1706,0,False,Far (>2km),False,False,False
524,2006,529.5961657266992,Yuen Long,22.4461,114.0352,0,False,Close (500-1000m),True,True,True
628,2006,712.8090050664684,Fanling,22.490627,114.139289,0,False,Close (500-1000m),False,True,True
510,2006,1392.589721000767,Tin Shui Wai,22.446803,114.003028,0,False,Moderate (1-2km),False,False,True
624,2006,1722.3598159477976,Lo Wu,22.5283,114.1134,0,False,Moderate (1-2km),False,False,True
326,2006,124.56912191598471,Kwai Fong,22.3569,114.1279,0,False,Very Close (<500m),True,True,True
324,2006,185.1140804655196,Tsuen Wan West,22.36755,114.11098,1,True,Very Close (<500m),True,True,True
524,2006,301.49352302594065,Yuen Long,22.4461,114.0352,0,False,Very Close (<500m),True,True,True
652,2006,10927.125073841986,Fanling,22.490627,114.139289,0,False,Far (>2km),False,False,False
292,2006,1466.7227506218717,Kowloon Bay,22.3235,114.2141,0,False,Moderate (1-2km),False,False,True
426,2006,3211.133441495994,Tuen Mun,22.394156,113.973948,0,False,Far (>2km),False,False,False
335,2006,4767.352741423013,Tsing Yi,22.360206,114.107587,0,False,Far (>2km),False,False,False
523,2006,852.5994767161719,Yuen Long,22.4461,114.0352,0,False,Close (500-1000m),False,True,True
624,2006,778.6782149520777,Sheung Shui,22.5012,114.128,0,False,Close (500-1000m),False,True,True
350,2006,1515.0288381025414,Tsing Yi,22.360206,114.107587,0,False,Moderate (1-2km),False,False,True
521,2006,952.0480522352415,Kam Sheung Road,22.4348,114.0634,0,False,Close (500-1000m),False,True,True
528,2006,2053.8419501066137,Long Ping,22.449302,114.027269,0,False,Far (>2km),False,False,True
237,2006,554.9995860716936,To Kwa Wan,22.3172,114.1876,0,False,Close (500-1000m),True,True,True
255,2006,403.57840334545995,Nam Cheong,22.32829,114.1538,0,False,Very Close (<500m),True,True,True
426,2006,3971.5860138206585,Tuen Mun,22.394156,113.973948,0,False,Far (>2km),False,False,False
531,2006,1233.781248219563,Kam Sheung Road,22.4348,114.0634,0,False,Moderate (1-2km),False,False,True
422,2006,1469.56922141961,Tuen Mun,22.394156,113.973948,0,False,Moderate (1-2km),False,False,True
254,2006,245.41154194545956,Olympic,22.3178,114.1602,0,False,Very Close (<500m),True,True,True
334,2006,2816.367450602767,Tsing Yi,22.360206,114.107587,0,False,Far (>2km),False,False,False
271,2006,501.9714802992416,Kowloon Tong,22.336809,114.177245,0,False,Close (500-1000m),True,True,True
511,2006,2181.31963508709,Tin Shui Wai,22.446803,114.003028,0,False,Far (>2km),False,False,False
441,2006,2164.3650328208346,Tin Shui Wai,22.446803,114.003028,0,False,Far (>2km),False,False,True
422,2006,2116.546013203289,Tuen Mun,22.394156,113.973948,0,False,Far (>2km),False,False,True
244,2006,447.2673408357999,Whampoa,22.305852,114.188799,0,False,Very Close (<500m),True,True,True
543,2006,2500.1166627685598,Lok Ma Chau,22.5144,114.0657,0,False,Far (>2km),False,False,False
727,2006,2639.0516713745897,Tai Po Market,22.4446,114.1706,0,False,Far (>2km),False,False,False
260,2006,481.81851693369487,Mei Foo,22.336907,114.140573,0,False,Very Close (<500m),True,True,True
328,2006,707.131245636567,Mei Foo,22.336907,114.140573,0,False,Close (500-1000m),False,True,True
510,2006,1820.7815610997382,Tin Shui Wai,22.446803,114.003028,0,False,Moderate (1-2km),False,False,True
442,2006,823.0044933514798,Siu Hong,22.413564,113.979115,0,False,Close (500-1000m),True,True,True
423,2006,985.50090587677,Siu Hong,22.413564,113.979115,0,False,Close (500-1000m),False,True,True
527,2006,820.135283825874,Long Ping,22.449302,114.027269,0,False,Close (500-1000m),False,True,True
426,2006,3323.7408827649756,Tuen Mun,22.394156,113.973948,0,False,Far (>2km),False,False,False
350,2006,798.2001053467293,Tsing Yi,22.360206,114.107587,0,False,Close (500-1000m),False,True,True
272,2006,529.8987134174794,Kowloon Tong,22.336809,114.177245,0,False,Close (500-1000m),True,True,True
234,2006,662.3679571002293,To Kwa Wan,22.3172,114.1876,0,False,Close (500-1000m),False,True,True
625,2006,1025.1385353486032,Fanling,22.490627,114.139289,0,False,Moderate (1-2km),False,True,True
295,2006,435.17931498163745,Ngau Tau Kok,22.3154,114.2193,0,False,Very Close (<500m),True,True,True
421,2006,5788.3284389171195,Tuen Mun,22.394156,113.973948,0,False,Far (>2km),False,False,False
727,2006,1925.7739908988208,Tai Po Market,22.4446,114.1706,0,False,Moderate (1-2km),False,False,True
260,2006,221.68636127031,Mei Foo,22.336907,114.140573,0,False,Very Close (<500m),True,True,True
272,2006,463.95682959835557,Lok Fu,22.338,114.1871,0,False,Very Close (<500m),True,True,True
653,2006,10996.76242755294,Wu Kai Sha,22.4291,114.2438,0,False,Far (>2km),False,False,False
426,2006,3633.4275432539025,Tuen Mun,22.394156,113.973948,0,False,Far (>2km),False,False,False
324,2006,328.80510145926337,Tsuen Wan,22.3736,114.1178,0,False,Very Close (<500m),True,True,True
297,2006,647.6585304785523,Lam Tin,22.305367,114.234261,0,False,Close (500-1000m),False,True,True
522,2006,3397.6311972876174,Yuen Long,22.4461,114.0352,0,False,Far (>2km),False,False,False
323,2006,1145.088474298639,Tsuen Wan West,22.36755,114.11098,0,False,Moderate (1-2km),False,True,True
350,2006,1403.9333206440333,Tsing Yi,22.360206,114.107587,0,False,Moderate (1-2km),False,False,True
264,2006,410.43467536651383,Cheung Sha Wan,22.3354,114.1563,0,False,Very Close (<500m),True,True,True
510,2006,1199.2490117525626,Tin Shui Wai,22.446803,114.003028,0,False,Moderate (1-2km),False,False,True
281,2006,226.9008615506038,Diamond Hill,22.339189,114.202382,0,False,Very Close (<500m),True,True,True
527,2006,1373.105744320542,Long Ping,22.449302,114.027269,0,False,Moderate (1-2km),False,False,True
268,2006,434.3437496927554,Kowloon Tong,22.336809,114.177245,0,False,Very Close (<500m),True,True,True
628,2006,772.8982557901946,Fanling,22.490627,114.139289,0,False,Close (500-1000m),False,True,True
351,2006,48.586393436561444,Tsing Yi,22.360206,114.107587,1,True,Very Close (<500m),True,True,True
422,2006,3667.3666812265546,Tuen Mun,22.394156,113.973948,0,False,Far (>2km),False,False,False
351,2006,306.56585335951286,Tsing Yi,22.360206,114.107587,0,False,Very Close (<500m),True,True,True
527,2006,1272.852922702765,Long Ping,22.449302,114.027269,0,False,Moderate (1-2km),False,False,True
350,2006,2594.5327929947416,Lai King,22.3484,114.1261,0,False,Far (>2km),False,False,False
652,2006,8393.564893369643,Fanling,22.490627,114.139289,0,False,Far (>2km),False,False,False
543,2006,3736.392793141373,Lok Ma Chau,22.5144,114.0657,0,False,Far (>2km),False,False,False
741,2006,1918.380573532662,Wu Kai Sha,22.4291,114.2438,0,False,Moderate (1-2km),False,False,True
320,2006,915.1364086370658,Lai King,22.3484,114.1261,0,False,Close (500-1000m),False,True,True
434,2006,6600.664012690636,AsiaWorld–Expo,22.321988,113.942221,0,False,Far (>2km),False,False,False
281,2006,442.99414132836927,Diamond Hill,22.339189,114.202382,0,False,Very Close (<500m),True,True,True
742,2006,12841.640479061898,Wu Kai Sha,22.4291,114.2438,0,False,Far (>2km),False,False,False
320,2006,439.2466085109422,Lai King,22.3484,114.1261,0,False,Very Close (<500m),True,True,True
333,2006,4242.19823097492,Tsuen Wan West,22.36755,114.11098,0,False,Far (>2km),False,False,False
522,2006,2852.0036918931514,Kam Sheung Road,22.4348,114.0634,0,False,Far (>2km),False,False,True
518,2006,1793.641232335527,Tin Shui Wai,22.446803,114.003028,0,False,Moderate (1-2km),False,False,True
254,2006,451.20148787024175,Olympic,22.3178,114.1602,0,False,Very Close (<500m),True,True,True
423,2006,1144.4884924380397,Tuen Mun,22.394156,113.973948,0,False,Moderate (1-2km),False,True,True
624,2006,841.6974207126613,Sheung Shui,22.5012,114.128,0,False,Close (500-1000m),False,True,True
280,2006,686.9470973883713,Kowloon Bay,22.3235,114.2141,0,False,Close (500-1000m),False,True,True
288,2006,631.4855452956423,Choi Hung,22.334161,114.210289,0,False,Close (500-1000m),True,True,True
282,2006,448.12945073583,Wong Tai Sin,22.341839,114.192124,0,False,Very Close (<500m),True,True,True
271,2006,927.7840144560085,Mong Kok East,22.3222,114.1728,0,False,Close (500-1000m),False,True,True
271,2006,349.26694242710283,Kowloon Tong,22.336809,114.177245,0,False,Very Close (<500m),True,True,True
628,2006,788.9586957476577,Sheung Shui,22.5012,114.128,0,False,Close (500-1000m),False,True,True
326,2006,566.787284010856,Kwai Hing,22.3632,114.1312,0,False,Close (500-1000m),True,True,True
726,2006,847.9169635687986,Tai Po Market,22.4446,114.1706,0,False,Close (500-1000m),False,True,True
245,2006,314.88000436616784,Whampoa,22.305852,114.188799,0,False,Very Close (<500m),True,True,True
284,2006,311.43700120178784,Diamond Hill,22.339189,114.202382,0,False,Very Close (<500m),True,True,True
280,2006,385.8190301009142,Kowloon Bay,22.3235,114.2141,0,False,Very Close (<500m),True,True,True
350,2006,666.5233656622304,Tsing Yi,22.360206,114.107587,0,False,Close (500-1000m),False,True,True
625,2006,169.49185742583091,Fanling,22.490627,114.139289,0,False,Very Close (<500m),True,True,True
625,2006,770.4266150174191,Fanling,22.490627,114.139289,0,False,Close (500-1000m),False,True,True
350,2006,1223.6329932213566,Tsing Yi,22.360206,114.107587,0,False,Moderate (1-2km),False,False,True
295,2006,455.7245182995741,Ngau Tau Kok,22.3154,114.2193,0,False,Very Close (<500m),True,True,True
297,2006,209.8961949315492,Lam Tin,22.305367,114.234261,0,False,Very Close (<500m),True,True,True
232,2006,539.8108217344557,Mong Kok East,22.3222,114.1728,0,False,Close (500-1000m),True,True,True
283,2006,549.4678203627589,Kai Tak,22.3304,114.1994,0,False,Close (500-1000m),True,True,True
625,2006,511.22844351264416,Fanling,22.490627,114.139289,0,False,Close (500-1000m),True,True,True
423,2006,550.6022742211896,Tuen Mun,22.394156,113.973948,0,False,Close (500-1000m),True,True,True
524,2006,477.38534522234534,Long Ping,22.449302,114.027269,0,False,Very Close (<500m),True,True,True
290,2006,257.2544629432624,Kwun Tong,22.311559,114.227765,0,False,Very Close (<500m),True,True,True
510,2006,1032.0160668784142,Tin Shui Wai,22.446803,114.003028,0,False,Moderate (1-2km),False,True,True
241,2006,394.7433149301209,To Kwa Wan,22.3172,114.1876,0,False,Very Close (<500m),True,True,True
324,2006,370.29442957446406,Tsuen Wan,22.3736,114.1178,0,False,Very Close (<500m),True,True,True
722,2006,2525.644662314496,Tai Po Market,22.4446,114.1706,0,False,Far (>2km),False,False,False
424,2006,408.79612509212245,Tuen Mun,22.394156,113.973948,0,False,Very Close (<500m),True,True,True
653,2006,11977.98265400158,Wu Kai Sha,22.4291,114.2438,0,False,Far (>2km),False,False,False
263,2006,376.8840313825492,Shek Kip Mei,22.332,114.1687,0,False,Very Close (<500m),True,True,True
729,2006,727.9340226956963,Tai Po Market,22.4446,114.1706,0,False,Close (500-1000m),False,True,True
264,2006,240.44173578638555,Cheung Sha Wan,22.3354,114.1563,0,False,Very Close (<500m),True,True,True
726,2006,950.4206844805251,Tai Po Market,22.4446,114.1706,0,False,Close (500-1000m),False,True,True
255,2006,341.07562355493354,Nam Cheong,22.32829,114.1538,0,False,Very Close (<500m),True,True,True
652,2006,7114.342149039597,Fanling,22.490627,114.139289,0,False,Far (>2km),False,False,False
222,2006,35.0369031421673,Mong Kok East,22.3222,114.1728,2,True,Very Close (<500m),True,True,True
213,2006,490.64246259293,Hung Hom,22.3029,114.1816,0,False,Very Close (<500m),True,True,True
723,2006,87.2238296570753,Tai Po Market,22.4446,114.1706,1,True,Very Close (<500m),True,True,True
424,2006,142.0092977278241,Tuen Mun,22.394156,113.973948,1,True,Very Close (<500m),True,True,True
290,2006,406.7427288602756,Yau Tong,22.2979,114.2371,0,False,Very Close (<500m),True,True,True
326,2006,343.44993581294216,Kwai Fong,22.3569,114.1279,0,False,Very Close (<500m),True,True,True
532,2006,3214.531698685137,Kam Sheung Road,22.4348,114.0634,0,False,Far (>2km),False,False,False
268,2006,489.9792087210408,Prince Edward,22.3245,114.1683,0,False,Very Close (<500m),True,True,True
281,2006,515.3776481573257,Wong Tai Sin,22.341839,114.192124,0,False,Close (500-1000m),True,True,True
324,2006,130.0088421876413,Tsuen Wan West,22.36755,114.11098,0,False,Very Close (<500m),True,True,True
514,2006,2592.4716980937847,Tin Shui Wai,22.446803,114.003028,0,False,Far (>2km),False,False,False
281,2006,1102.2425320762027,Wong Tai Sin,22.341839,114.192124,0,False,Moderate (1-2km),False,True,True
328,2006,936.8649425586844,Mei Foo,22.336907,114.140573,0,False,Close (500-1000m),False,True,True
327,2006,1143.8346417867783,Tai Wo Hau,22.371129,114.126303,0,False,Moderate (1-2km),False,False,True
723,2006,551.3678855243745,Tai Po Market,22.4446,114.1706,0,False,Close (500-1000m),True,True,True
728,2006,4216.731259095671,Ma On Shan,22.4247,114.2316,0,False,Far (>2km),False,False,False
284,2006,602.5307581518505,Diamond Hill,22.339189,114.202382,0,False,Close (500-1000m),True,True,True
291,2006,484.86153593978753,Kowloon Bay,22.3235,114.2141,0,False,Very Close (<500m),True,True,True
652,2006,9984.438728404779,Fanling,22.490627,114.139289,0,False,Far (>2km),False,False,False
322,2006,1422.4629510432972,Tsuen Wan station,22.373698,114.117726,0,False,Moderate (1-2km),False,False,True
519,2006,1523.3329580586435,Tin Shui Wai,22.446803,114.003028,0,False,Moderate (1-2km),False,False,True
653,2006,14416.308950713941,Wu Kai Sha,22.4291,114.2438,0,False,Far (>2km),False,False,False
281,2006,740.698563646816,Wong Tai Sin,22.341839,114.192124,0,False,Close (500-1000m),False,True,True
441,2006,947.0605618268222,Siu Hong,22.413564,113.979115,0,False,Close (500-1000m),False,True,True
510,2006,741.6880299350371,Tin Shui Wai,22.446803,114.003028,0,False,Close (500-1000m),False,True,True
255,2006,517.9680973863159,Nam Cheong,22.32829,114.1538,0,False,Close (500-1000m),True,True,True
424,2006,1053.8418199825683,Tuen Mun,22.394156,113.973948,0,False,Moderate (1-2km),False,True,True
236,2006,472.8106215506465,Ho Man Tin,22.308953,114.181612,0,False,Very Close (<500m),True,True,True
294,2006,266.4380900114282,Kwun Tong,22.311559,114.227765,0,False,Very Close (<500m),True,True,True
324,2006,438.5266699046284,Tsuen Wan station,22.373698,114.117726,0,False,Very Close (<500m),True,True,True
291,2006,107.5341111192619,Kowloon Bay,22.3235,114.2141,0,False,Very Close (<500m),True,True,True
425,2006,932.2230758732755,Tuen Mun,22.394156,113.973948,0,False,Close (500-1000m),False,True,True
297,2006,535.7228722130968,Lam Tin,22.305367,114.234261,0,False,Close (500-1000m),True,True,True
260,2006,293.21620282870913,Mei Foo,22.336907,114.140573,0,False,Very Close (<500m),True,True,True
423,2006,1261.2083433941743,Tuen Mun,22.394156,113.973948,0,False,Moderate (1-2km),False,False,True
241,2006,192.97090230330258,To Kwa Wan,22.3172,114.1876,0,False,Very Close (<500m),True,True,True
280,2006,590.5754556880236,Choi Hung,22.334161,114.210289,0,False,Close (500-1000m),False,True,True
424,2006,1144.2409383996874,Tuen Mun,22.394156,113.973948,0,False,Moderate (1-2km),False,True,True
260,2006,673.7932482606616,Mei Foo,22.336907,114.140573,0,False,Close (500-1000m),False,True,True
283,2006,625.0269141949447,Lok Fu,22.338,114.1871,0,False,Close (500-1000m),False,True,True
424,2006,435.0766111435189,Tuen Mun,22.394156,113.973948,0,False,Very Close (<500m),True,True,True
515,2006,1512.7101532128513,Tin Shui Wai,22.446803,114.003028,0,False,Moderate (1-2km),False,False,True
263,2006,798.1012120592535,Shek Kip Mei,22.332,114.1687,0,False,Close (500-1000m),False,True,True
513,2006,3048.1965757089692,Tin Shui Wai,22.446803,114.003028,0,False,Far (>2km),False,False,False
320,2006,1182.1007123612499,Lai King,22.3484,114.1261,0,False,Moderate (1-2km),False,False,True
222,2006,418.180855297315,Prince Edward,22.3245,114.1683,0,False,Very Close (<500m),True,True,True
421,2006,4245.864055883759,Tuen Mun,22.394156,113.973948,0,False,Far (>2km),False,False,False
428,2006,2161.728413103845,Tuen Mun,22.394156,113.973948,0,False,Far (>2km),False,False,True
653,2006,9929.788541508386,Wu Kai Sha,22.4291,114.2438,0,False,Far (>2km),False,False,False
542,2006,1579.1602701320087,Kwu Tung,22.50752,114.09962,0,False,Moderate (1-2km),False,False,True
531,2006,1780.3945754292572,Kam Sheung Road,22.4348,114.0634,0,False,Moderate (1-2km),False,True,True
741,2006,1473.0719092024922,Wu Kai Sha,22.4291,114.2438,0,False,Moderate (1-2km),False,True,True
634,2006,3097.779146447014,Fanling,22.490627,114.139289,0,False,Far (>2km),False,False,False
742,2006,8468.020851869645,Wu Kai Sha,22.4291,114.2438,0,False,Far (>2km),False,False,False
631,2006,2191.895867721211,Fanling,22.490627,114.139289,0,False,Far (>2km),False,False,True
519,2006,1160.6762197305204,Tin Shui Wai,22.446803,114.003028,0,False,Moderate (1-2km),False,True,True
280,2006,481.4883721340841,Kowloon Bay,22.3235,114.2141,0,False,Very Close (<500m),True,True,True
423,2006,648.0205225407753,Tuen Mun,22.394156,113.973948,0,False,Close (500-1000m),False,True,True
243,2006,227.2891640150947,Whampoa,22.305852,114.188799,0,False,Very Close (<500m),True,True,True
284,2006,409.6129865013328,Kai Tak,22.3304,114.1994,0,False,Very Close (<500m),True,True,True
288,2006,792.6093746428338,Diamond Hill,22.339189,114.202382,0,False,Close (500-1000m),False,True,True
226,2006,432.8367518253986,Ho Man Tin,22.308953,114.181612,0,False,Very Close (<500m),True,True,True
511,2006,1125.925462758296,Tin Shui Wai,22.446803,114.003028,0,False,Moderate (1-2km),False,False,True
423,2006,339.8369104791664,Tuen Mun,22.394156,113.973948,0,False,Very Close (<500m),True,True,True
260,2006,330.73294602233943,Mei Foo,22.336907,114.140573,0,False,Very Close (<500m),True,True,True
247,2006,741.2186022291589,Sung Wong Toi,22.326139,114.190407,0,False,Close (500-1000m),False,True,True
246,2006,471.66759176757495,Sung Wong Toi,22.326139,114.190407,0,False,Very Close (<500m),True,True,True
281,2006,173.53063089196806,Diamond Hill,22.339189,114.202382,0,False,Very Close (<500m),True,True,True
426,2006,3241.223254034154,Tuen Mun,22.394156,113.973948,0,False,Far (>2km),False,False,False
350,2006,1066.8242397343677,Tsing Yi,22.360206,114.107587,0,False,Moderate (1-2km),False,True,True
325,2006,1062.1967288105266,Tai Wo Hau,22.371129,114.126303,0,False,Moderate (1-2km),False,True,True
326,2006,342.24480202195065,Kwai Fong,22.3569,114.1279,0,False,Very Close (<500m),True,True,True
642,2006,6093.547301124932,Lo Wu,22.5283,114.1134,0,False,Far (>2km),False,False,False
541,2006,3782.466259867242,Yuen Long,22.4461,114.0352,0,False,Far (>2km),False,False,False
744,2006,3273.3188458352774,Wu Kai Sha,22.4291,114.2438,0,False,Far (>2km),False,False,False
653,2006,13165.104543909112,Wu Kai Sha,22.4291,114.2438,0,False,Far (>2km),False,False,False
514,2006,3172.325806977093,Tin Shui Wai,22.446803,114.003028,0,False,Far (>2km),False,False,False
333,2006,4517.312049882338,Tsuen Wan West,22.36755,114.11098,0,False,Far (>2km),False,False,False
653,2006,10808.724356651779,Wu Kai Sha,22.4291,114.2438,0,False,Far (>2km),False,False,False
545,2006,1451.1355159031548,Kwu Tung,22.50752,114.09962,0,False,Moderate (1-2km),False,True,True
652,2006,5685.878384674392,Fanling,22.490627,114.139289,0,False,Far (>2km),False,False,False
742,2006,8386.609238085535,Wu Kai Sha,22.4291,114.2438,0,False,Far (>2km),False,False,False
742,2006,10363.939776964417,Wu Kai Sha,22.4291,114.2438,0,False,Far (>2km),False,False,False
653,2006,12056.716552192349,Fanling,22.490627,114.139289,0,False,Far (>2km),False,False,False
543,2006,2585.2266336393254,Kwu Tung,22.50752,114.09962,0,False,Far (>2km),False,False,True
533,2006,5402.981700025838,Kam Sheung Road,22.4348,114.0634,0,False,Far (>2km),False,False,False
269,2006,1699.5498886424232,Nam Cheong,22.32829,114.1538,0,False,Moderate (1-2km),False,True,True
293,2006,1308.6633883694417,Kwun Tong,22.311559,114.227765,0,False,Moderate (1-2km),False,False,True
282,2006,314.35486208107636,Lok Fu,22.338,114.1871,0,False,Very Close (<500m),True,True,True
280,2006,597.2790124496362,Kowloon Bay,22.3235,114.2141,0,False,Close (500-1000m),True,True,True
625,2006,1177.5296812942856,Fanling,22.490627,114.139289,0,False,Moderate (1-2km),False,False,True
291,2006,282.752170170465,Kowloon Bay,22.3235,114.2141,0,False,Very Close (<500m),True,True,True
280,2006,459.44703388819516,Kowloon Bay,22.3235,114.2141,0,False,Very Close (<500m),True,True,True
226,2006,495.43463769204317,Jordan,22.3049,114.1718,0,False,Very Close (<500m),True,True,True
625,2006,944.4243864867441,Fanling,22.490627,114.139289,0,False,Close (500-1000m),False,True,True
653,2006,13827.27143856529,Wu Kai Sha,22.4291,114.2438,0,False,Far (>2km),False,False,False
255,2006,285.4724616972968,Nam Cheong,22.32829,114.1538,0,False,Very Close (<500m),True,True,True
532,2006,2390.964647614815,Kam Sheung Road,22.4348,114.0634,0,False,Far (>2km),False,False,False
625,2006,468.7646570404627,Fanling,22.490627,114.139289,0,False,Very Close (<500m),True,True,True
234,2006,779.0983156656807,To Kwa Wan,22.3172,114.1876,0,False,Close (500-1000m),False,True,True
351,2006,706.2273336472075,Tsing Yi,22.360206,114.107587,0,False,Close (500-1000m),False,True,True
529,2006,729.7270927875993,Yuen Long,22.4461,114.0352,0,False,Close (500-1000m),False,True,True
280,2006,675.6069334904006,Kowloon Bay,22.3235,114.2141,0,False,Close (500-1000m),False,True,True
325,2006,1148.5921589353786,Tai Wo Hau,22.371129,114.126303,0,False,Moderate (1-2km),False,True,True
265,2006,475.7726264739646,Sham Shui Po,22.330141,114.163247,0,False,Very Close (<500m),True,True,True
432,2006,5476.269774529875,Tuen Mun,22.394156,113.973948,0,False,Far (>2km),False,False,False
350,2006,1186.8585864449385,Tsing Yi,22.360206,114.107587,0,False,Moderate (1-2km),False,True,True
729,2006,2192.998957465828,Tai Po Market,22.4446,114.1706,0,False,Far (>2km),False,False,False
324,2006,429.14962751043174,Tsuen Wan station,22.373698,114.117726,0,False,Very Close (<500m),True,True,True
252,2006,496.9475907515493,Yau Ma Tei,22.3129,114.1707,0,False,Very Close (<500m),True,True,True
295,2006,402.22151501020693,Ngau Tau Kok,22.3154,114.2193,0,False,Very Close (<500m),True,True,True
251,2006,323.0047838838642,Airport,22.304925,114.1616,0,False,Very Close (<500m),True,True,True
531,2006,1259.1655634002577,Kam Sheung Road,22.4348,114.0634,0,False,Moderate (1-2km),False,False,True
213,2006,332.7795237686734,Hung Hom,22.3029,114.1816,0,False,Very Close (<500m),True,True,True
351,2006,2080.941832721302,Tsing Yi,22.360206,114.107587,0,False,Far (>2km),False,False,True
261,2006,791.5032902585514,Lai Chi Kok,22.3373,114.1482,0,False,Close (500-1000m),False,True,True
298,2006,138.13830882312,Yau Tong,22.2979,114.2371,0,False,Very Close (<500m),True,True,True
423,2006,701.5227984336084,Tuen Mun,22.394156,113.973948,0,False,Close (500-1000m),True,True,True
529,2006,1146.9148258167713,Yuen Long,22.4461,114.0352,0,False,Moderate (1-2km),False,False,True
728,2006,1888.2261382926222,Ma On Shan,22.4247,114.2316,0,False,Moderate (1-2km),False,False,True
271,2006,657.8551620395933,Sung Wong Toi,22.326139,114.190407,0,False,Close (500-1000m),False,True,True
236,2006,712.5529062364758,Ho Man Tin,22.308953,114.181612,0,False,Close (500-1000m),False,True,True
243,2006,291.4414277670475,Whampoa,22.305852,114.188799,0,False,Very Close (<500m),True,True,True
726,2006,766.8239152444205,Tai Po Market,22.4446,114.1706,0,False,Close (500-1000m),False,True,True
723,2006,922.8842588911192,Tai Po Market,22.4446,114.1706,0,False,Close (500-1000m),False,True,True
524,2006,490.77579886225067,Yuen Long,22.4461,114.0352,0,False,Very Close (<500m),True,True,True
295,2006,247.61603626739188,Ngau Tau Kok,22.3154,114.2193,0,False,Very Close (<500m),True,True,True
441,2006,2033.4190364193794,Siu Hong,22.413564,113.979115,0,False,Far (>2km),False,False,True
294,2006,833.5685607757947,Kwun Tong,22.311559,114.227765,0,False,Close (500-1000m),False,True,True
323,2006,1688.4988190290874,Tsing Yi,22.360206,114.107587,0,False,Moderate (1-2km),False,False,True
298,2006,492.0573820983025,Yau Tong,22.2979,114.2371,0,False,Very Close (<500m),True,True,True
423,2006,1506.05354624171,Siu Hong,22.413564,113.979115,0,False,Moderate (1-2km),False,False,True
515,2006,136.39801225670334,Tin Shui Wai,22.446803,114.003028,0,False,Very Close (<500m),True,True,True
424,2006,1039.650641300972,Tuen Mun,22.394156,113.973948,0,False,Moderate (1-2km),False,True,True
295,2006,442.1015280320128,Kwun Tong,22.311559,114.227765,0,False,Very Close (<500m),True,True,True
424,2006,1416.433354190035,Tuen Mun,22.394156,113.973948,0,False,Moderate (1-2km),False,False,True
723,2006,759.3515033812025,Tai Po Market,22.4446,114.1706,0,False,Close (500-1000m),False,True,True
253,2006,447.7815528224591,Yau Ma Tei,22.3129,114.1707,0,False,Very Close (<500m),True,True,True
527,2006,972.4840110860345,Long Ping,22.449302,114.027269,0,False,Close (500-1000m),False,True,True
522,2006,2769.915120702728,Yuen Long,22.4461,114.0352,0,False,Far (>2km),False,False,False
282,2006,203.22744210905682,Lok Fu,22.338,114.1871,0,False,Very Close (<500m),True,True,True
425,2006,1005.1384506219865,Siu Hong,22.413564,113.979115,0,False,Moderate (1-2km),False,True,True
523,2006,857.4299573821311,Yuen Long,22.4461,114.0352,0,False,Close (500-1000m),False,True,True
288,2006,113.76317010678407,Choi Hung,22.334161,114.210289,0,False,Very Close (<500m),True,True,True
295,2006,508.31292158773726,Ngau Tau Kok,22.3154,114.2193,0,False,Close (500-1000m),True,True,True
327,2006,581.8386434539789,Kwai Hing,22.3632,114.1312,0,False,Close (500-1000m),True,True,True
286,2006,689.546924166124,Kai Tak,22.3304,114.1994,0,False,Close (500-1000m),False,True,True
425,2006,1333.2585047766704,Tuen Mun,22.394156,113.973948,0,False,Moderate (1-2km),False,False,True
280,2006,683.7494673260233,Kowloon Bay,22.3235,114.2141,0,False,Close (500-1000m),False,True,True
728,2006,3852.608324907718,Tai Po Market,22.4446,114.1706,0,False,Far (>2km),False,False,False
350,2006,3457.7542221009344,Tsing Yi,22.360206,114.107587,0,False,Far (>2km),False,False,False
295,2006,566.0172911619846,Kwun Tong,22.311559,114.227765,0,False,Close (500-1000m),False,True,True
722,2006,854.4386896167525,Tai Wo,22.4511,114.1611,0,False,Close (500-1000m),False,True,True
524,2006,799.1365703280725,Long Ping,22.449302,114.027269,0,False,Close (500-1000m),False,True,True
268,2006,310.5368831963135,Shek Kip Mei,22.332,114.1687,0,False,Very Close (<500m),True,True,True
324,2006,297.5142571630846,Tsuen Wan West,22.36755,114.11098,0,False,Very Close (<500m),True,True,True
295,2006,387.0541373235412,Ngau Tau Kok,22.3154,114.2193,0,False,Very Close (<500m),True,True,True
524,2006,396.3735121236332,Yuen Long,22.4461,114.0352,0,False,Very Close (<500m),True,True,True
525,2006,793.2972628335077,Yuen Long,22.4461,114.0352,0,False,Close (500-1000m),False,True,True
294,2006,86.18733464302841,Kwun Tong,22.311559,114.227765,1,True,Very Close (<500m),True,True,True
242,2006,381.5709184059322,To Kwa Wan,22.3172,114.1876,0,False,Very Close (<500m),True,True,True
625,2006,1173.147518661897,Fanling,22.490627,114.139289,0,False,Moderate (1-2km),False,True,True
652,2006,7712.082640756054,Fanling,22.490627,114.139289,0,False,Far (>2km),False,False,False
351,2006,1405.8941271956169,Tsing Yi,22.360206,114.107587,0,False,Moderate (1-2km),False,False,True
323,2006,1043.3437206205826,Tsuen Wan West,22.36755,114.11098,0,False,Moderate (1-2km),False,True,True
290,2006,494.37912888117864,Lam Tin,22.305367,114.234261,0,False,Very Close (<500m),True,True,True
624,2006,785.5365528606749,Sheung Shui,22.5012,114.128,0,False,Close (500-1000m),False,True,True
524,2006,554.2022619393091,Yuen Long,22.4461,114.0352,0,False,Close (500-1000m),True,True,True
510,2006,394.36114835836656,Tin Shui Wai,22.446803,114.003028,0,False,Very Close (<500m),True,True,True
627,2006,388.3141376798562,Sheung Shui,22.5012,114.128,0,False,Very Close (<500m),True,True,True
723,2006,473.11197421882173,Tai Po Market,22.4446,114.1706,0,False,Very Close (<500m),True,True,True
510,2006,1325.1691734222472,Tin Shui Wai,22.446803,114.003028,0,False,Moderate (1-2km),False,False,True
254,2006,637.4364775396274,Nam Cheong,22.32829,114.1538,0,False,Close (500-1000m),False,True,True
244,2006,519.4600638424147,To Kwa Wan,22.3172,114.1876,0,False,Close (500-1000m),True,True,True
280,2006,816.9002685751002,Kowloon Bay,22.3235,114.2141,0,False,Close (500-1000m),False,True,True
424,2006,453.90606131406133,Tuen Mun,22.394156,113.973948,0,False,Very Close (<500m),True,True,True
350,2006,1788.20054329965,Tsing Yi,22.360206,114.107587,0,False,Moderate (1-2km),False,False,True
726,2006,207.90588279954804,Tai Wo,22.4511,114.1611,0,False,Very Close (<500m),True,True,True
260,2006,95.94873674871882,Mei Foo,22.336907,114.140573,1,True,Very Close (<500m),True,True,True
425,2006,1963.394729419582,Tuen Mun,22.394156,113.973948,0,False,Moderate (1-2km),False,False,True
722,2006,2075.6044466312374,Tai Po Market,22.4446,114.1706,0,False,Far (>2km),False,False,True
260,2006,256.54738074793266,Mei Foo,22.336907,114.140573,0,False,Very Close (<500m),True,True,True
295,2006,435.9695651770182,Kwun Tong,22.311559,114.227765,0,False,Very Close (<500m),True,True,True
510,2006,2151.0664838840657,Tin Shui Wai,22.446803,114.003028,0,False,Far (>2km),False,False,False
723,2006,475.0196256925481,Tai Wo,22.4511,114.1611,0,False,Very Close (<500m),True,True,True
518,2006,1915.0010716118807,Long Ping,22.449302,114.027269,0,False,Moderate (1-2km),False,False,True
425,2006,1161.786682501185,Tuen Mun,22.394156,113.973948,0,False,Moderate (1-2km),False,False,True
264,2006,382.5696010073694,Lai Chi Kok,22.3373,114.1482,0,False,Very Close (<500m),True,True,True
268,2006,383.48407318290157,Kowloon Tong,22.336809,114.177245,0,False,Very Close (<500m),True,True,True
425,2006,1495.2968415022945,Tuen Mun,22.394156,113.973948,0,False,Moderate (1-2km),False,False,True
510,2006,1254.4915962222508,Tin Shui Wai,22.446803,114.003028,0,False,Moderate (1-2km),False,False,True
524,2006,421.8641675530819,Yuen Long,22.4461,114.0352,0,False,Very Close (<500m),True,True,True
350,2006,822.4579890526531,Tsing Yi,22.360206,114.107587,0,False,Close (500-1000m),False,True,True
336,2006,3770.3681132778142,Sunny Bay,22.33285,114.028222,0,False,Far (>2km),False,False,False
512,2006,1364.7065378242273,Tin Shui Wai,22.446803,114.003028,0,False,Moderate (1-2km),False,False,True
425,2006,1882.7618962012461,Tuen Mun,22.394156,113.973948,0,False,Moderate (1-2km),False,False,True
742,2006,10548.036345790695,Wu Kai Sha,22.4291,114.2438,0,False,Far (>2km),False,False,False
722,2006,1797.7768943302792,Tai Wo,22.4511,114.1611,0,False,Moderate (1-2km),False,False,True
533,2006,4165.770092423412,Kam Sheung Road,22.4348,114.0634,0,False,Far (>2km),False,False,False
268,2006,516.4617997420642,Shek Kip Mei,22.332,114.1687,0,False,Close (500-1000m),True,True,True
323,2006,1003.238149556285,Tsuen Wan station,22.373698,114.117726,0,False,Moderate (1-2km),False,True,True
324,2006,502.13675165946245,Tai Wo Hau,22.371129,114.126303,0,False,Close (500-1000m),True,True,True
234,2006,816.4992525230891,To Kwa Wan,22.3172,114.1876,0,False,Close (500-1000m),False,True,True
226,2006,440.96044337451843,Yau Ma Tei,22.3129,114.1707,0,False,Very Close (<500m),True,True,True
722,2006,3297.7770411401107,Tai Po Market,22.4446,114.1706,0,False,Far (>2km),False,False,False
426,2006,2955.5176497812536,Tuen Mun,22.394156,113.973948,0,False,Far (>2km),False,False,False
726,2006,700.1749160837206,Tai Wo,22.4511,114.1611,0,False,Close (500-1000m),True,True,True
295,2006,286.41729616128964,Kwun Tong,22.311559,114.227765,0,False,Very Close (<500m),True,True,True
297,2006,656.0845068375065,Lam Tin,22.305367,114.234261,0,False,Close (500-1000m),False,True,True
244,2006,397.3561484032457,Whampoa,22.305852,114.188799,0,False,Very Close (<500m),True,True,True
621,2006,937.1738774155382,Sheung Shui,22.5012,114.128,0,False,Close (500-1000m),False,True,True
521,2006,790.6689538671183,Kam Sheung Road,22.4348,114.0634,0,False,Close (500-1000m),False,True,True
510,2006,467.73468948220994,Tin Shui Wai,22.446803,114.003028,0,False,Very Close (<500m),True,True,True
515,2006,1300.7458092663232,Tin Shui Wai,22.446803,114.003028,0,False,Moderate (1-2km),False,False,True
523,2006,1886.0556072228803,Yuen Long,22.4461,114.0352,0,False,Moderate (1-2km),False,False,True
628,2006,430.8349734308162,Fanling,22.490627,114.139289,0,False,Very Close (<500m),True,True,True
323,2006,668.7525579232974,Tsuen Wan station,22.373698,114.117726,0,False,Close (500-1000m),False,True,True
325,2006,911.9387057348422,Tai Wo Hau,22.371129,114.126303,0,False,Close (500-1000m),False,True,True
323,2006,1480.561046796433,Tsuen Wan West,22.36755,114.11098,0,False,Moderate (1-2km),False,False,True
426,2006,4240.994614643718,Sunny Bay,22.33285,114.028222,0,False,Far (>2km),False,False,False
426,2006,4060.4943267266476,Sunny Bay,22.33285,114.028222,0,False,Far (>2km),False,False,False
423,2006,444.28351121917257,Siu Hong,22.413564,113.979115,0,False,Very Close (<500m),True,True,True
653,2006,13026.745954383456,Wu Kai Sha,22.4291,114.2438,0,False,Far (>2km),False,False,False
350,2006,2952.495200279808,Lai King,22.3484,114.1261,0,False,Far (>2km),False,False,False
422,2006,2735.341836639332,Tuen Mun,22.394156,113.973948,0,False,Far (>2km),False,False,False
323,2006,934.5782008321231,Tsuen Wan West,22.36755,114.11098,0,False,Close (500-1000m),False,True,True
653,2006,15293.469059813471,Wu Kai Sha,22.4291,114.2438,0,False,Far (>2km),False,False,False
720,2006,400.84089342377644,Tai Wo,22.4511,114.1611,0,False,Very Close (<500m),True,True,True
324,2006,758.4763890456082,Tsuen Wan,22.3736,114.1178,0,False,Close (500-1000m),False,True,True
325,2006,641.1220537540091,Tai Wo Hau,22.371129,114.126303,0,False,Close (500-1000m),True,True,True
281,2006,324.7629094614754,Diamond Hill,22.339189,114.202382,0,False,Very Close (<500m),True,True,True
423,2006,609.3097278280467,Tuen Mun,22.394156,113.973948,0,False,Close (500-1000m),False,True,True
424,2006,1291.3346476662662,Tuen Mun,22.394156,113.973948,0,False,Moderate (1-2km),False,False,True
266,2006,460.70198177857833,Nam Cheong,22.32829,114.1538,0,False,Very Close (<500m),True,True,True
324,2006,259.85347686878333,Tsuen Wan,22.3736,114.1178,0,False,Very Close (<500m),True,True,True
441,2006,1093.5697500120316,Siu Hong,22.413564,113.979115,0,False,Moderate (1-2km),False,True,True
510,2006,876.7462745840282,Tin Shui Wai,22.446803,114.003028,0,False,Close (500-1000m),False,True,True
541,2006,1005.3107197028605,Yuen Long,22.4461,114.0352,0,False,Moderate (1-2km),False,True,True
328,2006,912.9999167459455,Mei Foo,22.336907,114.140573,0,False,Close (500-1000m),False,True,True
625,2006,1183.432450051551,Fanling,22.490627,114.139289,0,False,Moderate (1-2km),False,False,True
423,2006,651.0635914129308,Tuen Mun,22.394156,113.973948,0,False,Close (500-1000m),False,True,True
294,2006,208.64291915512325,Ngau Tau Kok,22.3154,114.2193,0,False,Very Close (<500m),True,True,True
326,2006,451.7210291419105,Kwai Hing,22.3632,114.1312,0,False,Very Close (<500m),True,True,True
624,2006,439.9084209165604,Sheung Shui,22.5012,114.128,0,False,Very Close (<500m),True,True,True
280,2006,678.1890385377851,Kowloon Bay,22.3235,114.2141,0,False,Close (500-1000m),False,True,True
253,2006,531.8337957452143,Olympic,22.3178,114.1602,0,False,Close (500-1000m),True,True,True
295,2006,274.27298597833794,Kwun Tong,22.311559,114.227765,0,False,Very Close (<500m),True,True,True
423,2006,433.8107434461384,Tuen Mun,22.394156,113.973948,0,False,Very Close (<500m),True,True,True
722,2006,300.0393197194061,Tai Wo,22.4511,114.1611,0,False,Very Close (<500m),True,True,True
272,2006,480.658196154356,Kowloon Tong,22.336809,114.177245,0,False,Very Close (<500m),True,True,True
234,2006,485.75936918330706,To Kwa Wan,22.3172,114.1876,0,False,Very Close (<500m),True,True,True
323,2006,1202.8479832542246,Tsuen Wan West,22.36755,114.11098,0,False,Moderate (1-2km),False,False,True
544,2006,3607.7586368533935,Yuen Long,22.4461,114.0352,0,False,Far (>2km),False,False,False
532,2006,1968.6290241025183,Kam Sheung Road,22.4348,114.0634,0,False,Moderate (1-2km),False,False,True
625,2006,849.9999259323242,Fanling,22.490627,114.139289,0,False,Close (500-1000m),False,True,True
625,2006,1508.3096819888785,Fanling,22.490627,114.139289,0,False,Moderate (1-2km),False,False,True
283,2006,442.9781299951691,Wong Tai Sin,22.341839,114.192124,0,False,Very Close (<500m),True,True,True
268,2006,340.60254119270553,Prince Edward,22.3245,114.1683,0,False,Very Close (<500m),True,True,True
350,2006,477.1309234323408,Tsing Yi,22.360206,114.107587,0,False,Very Close (<500m),True,True,True
236,2006,30.44044373257889,Ho Man Tin,22.308953,114.181612,1,True,Very Close (<500m),True,True,True
527,2006,1064.81851872492,Long Ping,22.449302,114.027269,0,False,Moderate (1-2km),False,True,True
424,2006,558.6606573993495,Tuen Mun,22.394156,113.973948,0,False,Close (500-1000m),True,True,True
624,2006,166.4488518421613,Sheung Shui,22.5012,114.128,0,False,Very Close (<500m),True,True,True
242,2006,555.6621489348258,To Kwa Wan,22.3172,114.1876,0,False,Close (500-1000m),True,True,True
281,2006,676.7368133540535,Wong Tai Sin,22.341839,114.192124,0,False,Close (500-1000m),False,True,True
288,2006,444.30069532428416,Choi Hung,22.334161,114.210289,0,False,Very Close (<500m),True,True,True
728,2006,5257.9592442347075,Wu Kai Sha,22.4291,114.2438,0,False,Far (>2km),False,False,False
621,2006,2736.5607720751027,Kwu Tung,22.50752,114.09962,0,False,Far (>2km),False,False,False
724,2006,2164.666799282218,Tai Wo,22.4511,114.1611,0,False,Far (>2km),False,False,True
724,2006,2455.7817940771197,Tai Wo,22.4511,114.1611,0,False,Far (>2km),False,False,False
728,2006,5068.370015159319,Wu Kai Sha,22.4291,114.2438,0,False,Far (>2km),False,False,False
641,2006,2462.538324991821,Lo Wu,22.5283,114.1134,0,False,Far (>2km),False,False,False
298,2006,1031.28292596902,Yau Tong,22.2979,114.2371,0,False,Moderate (1-2km),False,True,True
251,2006,41.660890759685884,Austin,22.304236,114.166601,1,True,Very Close (<500m),True,True,True
232,2006,320.58487592544816,Mong Kok East,22.3222,114.1728,0,False,Very Close (<500m),True,True,True
281,2006,922.7375341615682,Wong Tai Sin,22.341839,114.192124,0,False,Close (500-1000m),False,True,True
283,2006,221.7064579272337,Wong Tai Sin,22.341839,114.192124,0,False,Very Close (<500m),True,True,True
251,2006,561.4854606708982,Airport,22.304925,114.1616,0,False,Close (500-1000m),True,True,True
271,2006,825.6723749923583,Sung Wong Toi,22.326139,114.190407,0,False,Close (500-1000m),False,True,True
327,2006,872.98501974026,Kwai Hing,22.3632,114.1312,0,False,Close (500-1000m),False,True,True
220,2006,259.1075107981245,Yau Ma Tei,22.3129,114.1707,0,False,Very Close (<500m),True,True,True
424,2006,1163.3242051655047,Tuen Mun,22.394156,113.973948,0,False,Moderate (1-2km),False,False,True
527,2006,732.9234796614843,Long Ping,22.449302,114.027269,0,False,Close (500-1000m),False,True,True
524,2006,400.7151465922636,Long Ping,22.449302,114.027269,0,False,Very Close (<500m),True,True,True
326,2006,300.35269541651417,Kwai Hing,22.3632,114.1312,0,False,Very Close (<500m),True,True,True
