TPU_ID,YEAR,nearest_mtr_distance,nearest_mtr_station,nearest_mtr_lat,nearest_mtr_lon,mtr_stations_count,has_mtr_station,mtr_proximity_category,within_500m_buffer,within_1000m_buffer,within_2000m_buffer
111,2011,413.7363170040542,Kennedy Town,22.2812,114.1285,0,False,Very Close (<500m),True,True,True
111,2011,624.9202951927654,Kennedy Town,22.2812,114.1285,0,False,Close (500-1000m),False,True,True
111,2011,698.8794165792721,Kennedy Town,22.2812,114.1285,0,False,Close (500-1000m),False,True,True
111,2011,1116.3287898210299,Kennedy Town,22.2812,114.1285,0,False,Moderate (1-2km),False,False,True
111,2011,1182.9222081300509,Kennedy Town,22.2812,114.1285,0,False,Moderate (1-2km),False,False,True
111,2011,1223.3673788901801,Kennedy Town,22.2812,114.1285,0,False,Moderate (1-2km),False,False,True
111,2011,1272.6461460481603,Kennedy Town,22.2812,114.1285,0,False,Moderate (1-2km),False,False,True
111,2011,293.05258775101186,Kennedy Town,22.2812,114.1285,0,False,Very Close (<500m),True,True,True
131,2011,847.1877177386751,Exhibition Centre,22.281613,114.17569,0,False,Close (500-1000m),False,True,True
131,2011,868.9610261421792,Exhibition Centre,22.281613,114.17569,0,False,Close (500-1000m),False,True,True
131,2011,903.1319329236848,Exhibition Centre,22.281613,114.17569,0,False,Close (500-1000m),False,True,True
131,2011,936.6754735474123,Exhibition Centre,22.281613,114.17569,0,False,Close (500-1000m),False,True,True
131,2011,940.6609217143734,Exhibition Centre,22.281613,114.17569,0,False,Close (500-1000m),False,True,True
111,2011,331.0240552386056,Kennedy Town,22.2812,114.1285,0,False,Very Close (<500m),True,True,True
111,2011,284.9050668059733,Kennedy Town,22.2812,114.1285,0,False,Very Close (<500m),True,True,True
111,2011,277.74864838557465,Kennedy Town,22.2812,114.1285,0,False,Very Close (<500m),True,True,True
111,2011,299.23675708940914,Kennedy Town,22.2812,114.1285,0,False,Very Close (<500m),True,True,True
111,2011,269.5786839367918,Kennedy Town,22.2812,114.1285,0,False,Very Close (<500m),True,True,True
111,2011,228.80425795925328,Kennedy Town,22.2812,114.1285,0,False,Very Close (<500m),True,True,True
111,2011,192.8001439647489,Kennedy Town,22.2812,114.1285,0,False,Very Close (<500m),True,True,True
111,2011,201.86485576217294,Kennedy Town,22.2812,114.1285,0,False,Very Close (<500m),True,True,True
111,2011,247.1683786985765,Kennedy Town,22.2812,114.1285,0,False,Very Close (<500m),True,True,True
111,2011,362.61153788455596,Kennedy Town,22.2812,114.1285,0,False,Very Close (<500m),True,True,True
111,2011,450.66547988384536,Kennedy Town,22.2812,114.1285,0,False,Very Close (<500m),True,True,True
111,2011,434.59835009791993,HKU,22.2841,114.1356,0,False,Very Close (<500m),True,True,True
111,2011,377.1776230580581,HKU,22.2841,114.1356,0,False,Very Close (<500m),True,True,True
111,2011,355.0080753718859,HKU,22.2841,114.1356,0,False,Very Close (<500m),True,True,True
111,2011,271.38211597294077,HKU,22.2841,114.1356,0,False,Very Close (<500m),True,True,True
111,2011,735.7167207691816,Kennedy Town,22.2812,114.1285,0,False,Close (500-1000m),True,True,True
111,2011,524.2299608203375,Kennedy Town,22.2812,114.1285,0,False,Close (500-1000m),True,True,True
111,2011,356.26981956457234,Kennedy Town,22.2812,114.1285,0,False,Very Close (<500m),True,True,True
111,2011,205.96769423418613,Kennedy Town,22.2812,114.1285,0,False,Very Close (<500m),True,True,True
111,2011,123.14860083549907,Kennedy Town,22.2812,114.1285,0,False,Very Close (<500m),True,True,True
111,2011,132.8271520903979,Kennedy Town,22.2812,114.1285,0,False,Very Close (<500m),True,True,True
111,2011,209.39396891687298,Kennedy Town,22.2812,114.1285,0,False,Very Close (<500m),True,True,True
111,2011,328.76729794079444,Kennedy Town,22.2812,114.1285,0,False,Very Close (<500m),True,True,True
111,2011,167.1889383482343,Kennedy Town,22.2812,114.1285,0,False,Very Close (<500m),True,True,True
111,2011,149.8673641601357,Kennedy Town,22.2812,114.1285,1,True,Very Close (<500m),True,True,True
111,2011,260.1924772880346,Kennedy Town,22.2812,114.1285,0,False,Very Close (<500m),True,True,True
111,2011,328.3904652526861,Kennedy Town,22.2812,114.1285,0,False,Very Close (<500m),True,True,True
111,2011,396.0140896962883,Kennedy Town,22.2812,114.1285,0,False,Very Close (<500m),True,True,True
111,2011,330.4281216277681,Kennedy Town,22.2812,114.1285,0,False,Very Close (<500m),True,True,True
111,2011,354.7304978138383,Kennedy Town,22.2812,114.1285,0,False,Very Close (<500m),True,True,True
124,2011,288.9182607857007,Admiralty,22.278399,114.16433,0,False,Very Close (<500m),True,True,True
112,2011,332.01330563588715,HKU,22.2841,114.1356,0,False,Very Close (<500m),True,True,True
112,2011,458.5575094440954,Sai Ying Pun,22.2856,114.1427,0,False,Very Close (<500m),True,True,True
112,2011,394.9480393864654,Sai Ying Pun,22.2856,114.1427,0,False,Very Close (<500m),True,True,True
112,2011,324.7683321750299,Sai Ying Pun,22.2856,114.1427,0,False,Very Close (<500m),True,True,True
112,2011,302.27321734076554,Sai Ying Pun,22.2856,114.1427,0,False,Very Close (<500m),True,True,True
112,2011,249.87828172250835,HKU,22.2841,114.1356,0,False,Very Close (<500m),True,True,True
112,2011,361.92177698033566,HKU,22.2841,114.1356,0,False,Very Close (<500m),True,True,True
112,2011,411.6917876140251,Sai Ying Pun,22.2856,114.1427,0,False,Very Close (<500m),True,True,True
112,2011,380.8847055007933,Sai Ying Pun,22.2856,114.1427,0,False,Very Close (<500m),True,True,True
112,2011,327.09191227862397,Sai Ying Pun,22.2856,114.1427,0,False,Very Close (<500m),True,True,True
112,2011,270.39894917140884,Sai Ying Pun,22.2856,114.1427,0,False,Very Close (<500m),True,True,True
112,2011,248.69550797826804,Sai Ying Pun,22.2856,114.1427,0,False,Very Close (<500m),True,True,True
112,2011,201.8336501030265,Sai Ying Pun,22.2856,114.1427,0,False,Very Close (<500m),True,True,True
112,2011,204.17362453380625,Sai Ying Pun,22.2856,114.1427,0,False,Very Close (<500m),True,True,True
112,2011,206.12368989581745,Sai Ying Pun,22.2856,114.1427,0,False,Very Close (<500m),True,True,True
112,2011,217.56627803626807,Sai Ying Pun,22.2856,114.1427,0,False,Very Close (<500m),True,True,True
112,2011,185.09568245116,HKU,22.2841,114.1356,0,False,Very Close (<500m),True,True,True
111,2011,1027.1084065586444,Kennedy Town,22.2812,114.1285,0,False,Moderate (1-2km),False,True,True
111,2011,427.3029226099426,Kennedy Town,22.2812,114.1285,0,False,Very Close (<500m),True,True,True
111,2011,228.56363869349775,Kennedy Town,22.2812,114.1285,0,False,Very Close (<500m),True,True,True
123,2011,361.1668465605754,Central,22.281938,114.158077,0,False,Very Close (<500m),True,True,True
124,2011,386.3818745853565,Admiralty,22.278399,114.16433,0,False,Very Close (<500m),True,True,True
111,2011,1654.9854756693398,Kennedy Town,22.2812,114.1285,0,False,Moderate (1-2km),False,False,True
111,2011,1302.784937349345,Kennedy Town,22.2812,114.1285,0,False,Moderate (1-2km),False,False,True
111,2011,369.1935504006619,Kennedy Town,22.2812,114.1285,0,False,Very Close (<500m),True,True,True
111,2011,339.57931987874696,Kennedy Town,22.2812,114.1285,0,False,Very Close (<500m),True,True,True
111,2011,481.36505800910527,Kennedy Town,22.2812,114.1285,0,False,Very Close (<500m),True,True,True
111,2011,446.6147315061517,Kennedy Town,22.2812,114.1285,0,False,Very Close (<500m),True,True,True
113,2011,228.87125528814744,Sai Ying Pun,22.2856,114.1427,0,False,Very Close (<500m),True,True,True
113,2011,557.9695674953148,Sheung Wan,22.285899,114.153707,0,False,Close (500-1000m),True,True,True
113,2011,406.9999375717658,Sheung Wan,22.285899,114.153707,0,False,Very Close (<500m),True,True,True
113,2011,551.520683304057,Sai Ying Pun,22.2856,114.1427,0,False,Close (500-1000m),True,True,True
113,2011,476.28135834237094,Sheung Wan,22.285899,114.153707,0,False,Very Close (<500m),True,True,True
113,2011,339.7375383871465,Sheung Wan,22.285899,114.153707,0,False,Very Close (<500m),True,True,True
113,2011,538.4940436622305,Sai Ying Pun,22.2856,114.1427,0,False,Close (500-1000m),True,True,True
113,2011,536.6849994240822,Sheung Wan,22.285899,114.153707,0,False,Close (500-1000m),True,True,True
113,2011,536.7669861494995,Sheung Wan,22.285899,114.153707,0,False,Close (500-1000m),True,True,True
113,2011,257.41226453215927,Sai Ying Pun,22.2856,114.1427,0,False,Very Close (<500m),True,True,True
114,2011,207.83551549207013,Sheung Wan,22.285899,114.153707,0,False,Very Close (<500m),True,True,True
114,2011,111.89882578502788,Sheung Wan,22.285899,114.153707,0,False,Very Close (<500m),True,True,True
114,2011,49.39342577475094,Sheung Wan,22.285899,114.153707,0,False,Very Close (<500m),True,True,True
114,2011,92.81378273909102,Sheung Wan,22.285899,114.153707,0,False,Very Close (<500m),True,True,True
114,2011,202.61494588495256,Sheung Wan,22.285899,114.153707,0,False,Very Close (<500m),True,True,True
114,2011,222.10784664431506,Sheung Wan,22.285899,114.153707,0,False,Very Close (<500m),True,True,True
114,2011,91.31440222770414,Sheung Wan,22.285899,114.153707,1,True,Very Close (<500m),True,True,True
114,2011,162.98048954042835,Sheung Wan,22.285899,114.153707,0,False,Very Close (<500m),True,True,True
114,2011,257.56070740940555,Sheung Wan,22.285899,114.153707,0,False,Very Close (<500m),True,True,True
114,2011,218.4026863236259,Sheung Wan,22.285899,114.153707,0,False,Very Close (<500m),True,True,True
124,2011,536.0844723958891,Central,22.281938,114.158077,0,False,Close (500-1000m),True,True,True
124,2011,572.2854561043997,Central,22.281938,114.158077,0,False,Close (500-1000m),False,True,True
124,2011,95.06818578372469,Admiralty,22.278399,114.16433,1,True,Very Close (<500m),True,True,True
124,2011,346.90404410446104,Admiralty,22.278399,114.16433,0,False,Very Close (<500m),True,True,True
124,2011,120.60012671563874,Admiralty,22.278399,114.16433,0,False,Very Close (<500m),True,True,True
124,2011,203.18835039557885,Admiralty,22.278399,114.16433,0,False,Very Close (<500m),True,True,True
124,2011,499.76764445221585,Admiralty,22.278399,114.16433,0,False,Very Close (<500m),True,True,True
124,2011,392.09088987170793,Admiralty,22.278399,114.16433,0,False,Very Close (<500m),True,True,True
124,2011,582.331432635679,Exhibition Centre,22.281613,114.17569,0,False,Close (500-1000m),True,True,True
131,2011,562.7159746436944,Admiralty,22.278399,114.16433,0,False,Close (500-1000m),True,True,True
131,2011,555.8191065404384,Exhibition Centre,22.281613,114.17569,0,False,Close (500-1000m),True,True,True
131,2011,985.3582145608492,Exhibition Centre,22.281613,114.17569,0,False,Close (500-1000m),False,True,True
131,2011,932.4647052239962,Exhibition Centre,22.281613,114.17569,0,False,Close (500-1000m),False,True,True
131,2011,511.4154800747742,Admiralty,22.278399,114.16433,0,False,Close (500-1000m),True,True,True
131,2011,811.6268975475506,Admiralty,22.278399,114.16433,0,False,Close (500-1000m),False,True,True
131,2011,411.2989804819252,Admiralty,22.278399,114.16433,0,False,Very Close (<500m),True,True,True
131,2011,525.2470790888096,Admiralty,22.278399,114.16433,0,False,Close (500-1000m),True,True,True
131,2011,744.2658946046811,Exhibition Centre,22.281613,114.17569,0,False,Close (500-1000m),False,True,True
132,2011,440.80847287673055,Exhibition Centre,22.281613,114.17569,0,False,Very Close (<500m),True,True,True
132,2011,541.8978754699518,Exhibition Centre,22.281613,114.17569,0,False,Close (500-1000m),True,True,True
132,2011,499.74655412914893,Exhibition Centre,22.281613,114.17569,0,False,Very Close (<500m),True,True,True
132,2011,505.6789980211951,Exhibition Centre,22.281613,114.17569,0,False,Close (500-1000m),True,True,True
132,2011,485.62370922805127,Exhibition Centre,22.281613,114.17569,0,False,Very Close (<500m),True,True,True
132,2011,473.95519151111415,Exhibition Centre,22.281613,114.17569,0,False,Very Close (<500m),True,True,True
132,2011,465.0221442196641,Exhibition Centre,22.281613,114.17569,0,False,Very Close (<500m),True,True,True
132,2011,296.66088963848364,Causeway Bay,22.279392,114.182926,0,False,Very Close (<500m),True,True,True
132,2011,219.81978497572385,Causeway Bay,22.279392,114.182926,0,False,Very Close (<500m),True,True,True
132,2011,235.8117220478322,Causeway Bay,22.279392,114.182926,0,False,Very Close (<500m),True,True,True
132,2011,94.02338612278923,Causeway Bay,22.279392,114.182926,0,False,Very Close (<500m),True,True,True
112,2011,219.0388071093878,HKU,22.2841,114.1356,0,False,Very Close (<500m),True,True,True
112,2011,303.62101393638096,HKU,22.2841,114.1356,0,False,Very Close (<500m),True,True,True
112,2011,398.1102933690871,HKU,22.2841,114.1356,0,False,Very Close (<500m),True,True,True
112,2011,368.4373956470147,HKU,22.2841,114.1356,0,False,Very Close (<500m),True,True,True
112,2011,324.08195356658837,Sai Ying Pun,22.2856,114.1427,0,False,Very Close (<500m),True,True,True
112,2011,256.4457683244901,Sai Ying Pun,22.2856,114.1427,0,False,Very Close (<500m),True,True,True
112,2011,176.2648271332605,Sai Ying Pun,22.2856,114.1427,0,False,Very Close (<500m),True,True,True
112,2011,127.6800710754316,Sai Ying Pun,22.2856,114.1427,0,False,Very Close (<500m),True,True,True
112,2011,249.15918974992607,Sai Ying Pun,22.2856,114.1427,0,False,Very Close (<500m),True,True,True
112,2011,149.7052827157702,Sai Ying Pun,22.2856,114.1427,0,False,Very Close (<500m),True,True,True
112,2011,86.03521733795546,Sai Ying Pun,22.2856,114.1427,0,False,Very Close (<500m),True,True,True
112,2011,329.4336179509482,Sai Ying Pun,22.2856,114.1427,0,False,Very Close (<500m),True,True,True
112,2011,244.28522386564018,Sai Ying Pun,22.2856,114.1427,0,False,Very Close (<500m),True,True,True
112,2011,130.4353095081413,Sai Ying Pun,22.2856,114.1427,0,False,Very Close (<500m),True,True,True
112,2011,41.73431980415681,Sai Ying Pun,22.2856,114.1427,0,False,Very Close (<500m),True,True,True
112,2011,296.5291114047484,Sai Ying Pun,22.2856,114.1427,0,False,Very Close (<500m),True,True,True
112,2011,128.44390227313957,Sai Ying Pun,22.2856,114.1427,0,False,Very Close (<500m),True,True,True
112,2011,32.620286569898745,Sai Ying Pun,22.2856,114.1427,1,True,Very Close (<500m),True,True,True
112,2011,126.27234391853649,HKU,22.2841,114.1356,0,False,Very Close (<500m),True,True,True
112,2011,88.44470109426855,HKU,22.2841,114.1356,0,False,Very Close (<500m),True,True,True
112,2011,296.02363283989393,HKU,22.2841,114.1356,0,False,Very Close (<500m),True,True,True
112,2011,308.6758429382031,Sai Ying Pun,22.2856,114.1427,0,False,Very Close (<500m),True,True,True
112,2011,159.36782433480465,Sai Ying Pun,22.2856,114.1427,0,False,Very Close (<500m),True,True,True
112,2011,94.61957419530572,Sai Ying Pun,22.2856,114.1427,0,False,Very Close (<500m),True,True,True
131,2011,916.6050634104542,Exhibition Centre,22.281613,114.17569,0,False,Close (500-1000m),False,True,True
112,2011,103.09825670006384,HKU,22.2841,114.1356,0,False,Very Close (<500m),True,True,True
112,2011,473.46262973043684,HKU,22.2841,114.1356,0,False,Very Close (<500m),True,True,True
112,2011,223.5824528961192,Sai Ying Pun,22.2856,114.1427,0,False,Very Close (<500m),True,True,True
112,2011,221.5943806629271,Sai Ying Pun,22.2856,114.1427,0,False,Very Close (<500m),True,True,True
112,2011,455.3330941079266,HKU,22.2841,114.1356,0,False,Very Close (<500m),True,True,True
112,2011,590.7822286741864,HKU,22.2841,114.1356,0,False,Close (500-1000m),True,True,True
112,2011,457.65583636320076,Sai Ying Pun,22.2856,114.1427,0,False,Very Close (<500m),True,True,True
113,2011,420.5061582900973,Sai Ying Pun,22.2856,114.1427,0,False,Very Close (<500m),True,True,True
113,2011,470.499368574822,Sheung Wan,22.285899,114.153707,0,False,Very Close (<500m),True,True,True
113,2011,314.6191097001576,Sheung Wan,22.285899,114.153707,0,False,Very Close (<500m),True,True,True
113,2011,382.38167310523573,Sai Ying Pun,22.2856,114.1427,0,False,Very Close (<500m),True,True,True
113,2011,541.6054240667318,Sai Ying Pun,22.2856,114.1427,0,False,Close (500-1000m),False,True,True
113,2011,548.6554030968832,Sheung Wan,22.285899,114.153707,0,False,Close (500-1000m),True,True,True
113,2011,305.5943521159778,Sheung Wan,22.285899,114.153707,0,False,Very Close (<500m),True,True,True
113,2011,296.378045080237,Sai Ying Pun,22.2856,114.1427,0,False,Very Close (<500m),True,True,True
113,2011,440.8387916047729,Sai Ying Pun,22.2856,114.1427,0,False,Very Close (<500m),True,True,True
113,2011,529.8174930025945,Sai Ying Pun,22.2856,114.1427,0,False,Close (500-1000m),True,True,True
113,2011,543.0256019016324,Sheung Wan,22.285899,114.153707,0,False,Close (500-1000m),True,True,True
113,2011,423.0181431672006,Sheung Wan,22.285899,114.153707,0,False,Very Close (<500m),True,True,True
113,2011,323.43247357796156,Sheung Wan,22.285899,114.153707,0,False,Very Close (<500m),True,True,True
113,2011,512.1568934824218,Sheung Wan,22.285899,114.153707,0,False,Close (500-1000m),True,True,True
113,2011,472.5419750548418,Sheung Wan,22.285899,114.153707,0,False,Very Close (<500m),True,True,True
113,2011,359.4455744516426,Sheung Wan,22.285899,114.153707,0,False,Very Close (<500m),True,True,True
116,2011,339.890374303405,HKU,22.2841,114.1356,0,False,Very Close (<500m),True,True,True
116,2011,267.28882995373596,HKU,22.2841,114.1356,0,False,Very Close (<500m),True,True,True
116,2011,217.449147899368,HKU,22.2841,114.1356,0,False,Very Close (<500m),True,True,True
116,2011,116.96273548322246,HKU,22.2841,114.1356,1,True,Very Close (<500m),True,True,True
116,2011,541.2940866203593,HKU,22.2841,114.1356,0,False,Close (500-1000m),False,True,True
116,2011,471.92428944430134,HKU,22.2841,114.1356,0,False,Very Close (<500m),True,True,True
121,2011,185.04010533091306,Railway stations in Hong Kong,22.284721,114.157986,0,False,Very Close (<500m),True,True,True
121,2011,158.73762264790778,Railway stations in Hong Kong,22.284721,114.157986,0,False,Very Close (<500m),True,True,True
121,2011,160.4387269104912,Railway stations in Hong Kong,22.284721,114.157986,0,False,Very Close (<500m),True,True,True
121,2011,271.0448509848647,Sheung Wan,22.285899,114.153707,0,False,Very Close (<500m),True,True,True
121,2011,260.8269233684917,Railway stations in Hong Kong,22.284721,114.157986,0,False,Very Close (<500m),True,True,True
121,2011,253.5014947211005,Railway stations in Hong Kong,22.284721,114.157986,0,False,Very Close (<500m),True,True,True
121,2011,250.31760343492078,Central,22.281938,114.158077,0,False,Very Close (<500m),True,True,True
121,2011,214.572360341546,Central,22.281938,114.158077,0,False,Very Close (<500m),True,True,True
121,2011,180.6164566377815,Central,22.281938,114.158077,0,False,Very Close (<500m),True,True,True
121,2011,142.10534598536177,Central,22.281938,114.158077,0,False,Very Close (<500m),True,True,True
121,2011,98.24801407167413,Central,22.281938,114.158077,0,False,Very Close (<500m),True,True,True
121,2011,232.62003163748693,Central,22.281938,114.158077,0,False,Very Close (<500m),True,True,True
121,2011,256.625459472602,Central,22.281938,114.158077,0,False,Very Close (<500m),True,True,True
121,2011,192.892828528758,Central,22.281938,114.158077,0,False,Very Close (<500m),True,True,True
122,2011,501.8359860677226,Sheung Wan,22.285899,114.153707,0,False,Close (500-1000m),True,True,True
122,2011,460.3087790922052,Sheung Wan,22.285899,114.153707,0,False,Very Close (<500m),True,True,True
122,2011,419.8032305974753,Sheung Wan,22.285899,114.153707,0,False,Very Close (<500m),True,True,True
122,2011,393.5353363212975,Sheung Wan,22.285899,114.153707,0,False,Very Close (<500m),True,True,True
122,2011,352.9501903945105,Sheung Wan,22.285899,114.153707,0,False,Very Close (<500m),True,True,True
122,2011,313.73476970231354,Sheung Wan,22.285899,114.153707,0,False,Very Close (<500m),True,True,True
122,2011,280.0313997506065,Sheung Wan,22.285899,114.153707,0,False,Very Close (<500m),True,True,True
122,2011,264.855636137663,Sheung Wan,22.285899,114.153707,0,False,Very Close (<500m),True,True,True
122,2011,362.27251984995513,Sheung Wan,22.285899,114.153707,0,False,Very Close (<500m),True,True,True
122,2011,349.95454477813723,Central,22.281938,114.158077,0,False,Very Close (<500m),True,True,True
122,2011,331.455803503868,Sheung Wan,22.285899,114.153707,0,False,Very Close (<500m),True,True,True
122,2011,554.1472455263645,Sheung Wan,22.285899,114.153707,0,False,Close (500-1000m),False,True,True
122,2011,521.5748443479517,Sheung Wan,22.285899,114.153707,0,False,Close (500-1000m),True,True,True
122,2011,453.03578434760414,Sheung Wan,22.285899,114.153707,0,False,Very Close (<500m),True,True,True
122,2011,385.4824976014369,Central,22.281938,114.158077,0,False,Very Close (<500m),True,True,True
122,2011,309.07387405628265,Central,22.281938,114.158077,0,False,Very Close (<500m),True,True,True
122,2011,418.53176000511144,Central,22.281938,114.158077,0,False,Very Close (<500m),True,True,True
122,2011,370.75902451337635,Central,22.281938,114.158077,0,False,Very Close (<500m),True,True,True
122,2011,471.7250570634424,Central,22.281938,114.158077,0,False,Very Close (<500m),True,True,True
122,2011,459.12226475861934,Central,22.281938,114.158077,0,False,Very Close (<500m),True,True,True
122,2011,401.4781242146219,Central,22.281938,114.158077,0,False,Very Close (<500m),True,True,True
123,2011,373.0030468522074,Railway stations in Hong Kong,22.284721,114.157986,0,False,Very Close (<500m),True,True,True
123,2011,104.29135801499358,Central,22.281938,114.158077,0,False,Very Close (<500m),True,True,True
123,2011,58.87171091348776,Central,22.281938,114.158077,1,True,Very Close (<500m),True,True,True
123,2011,132.89883629596966,Central,22.281938,114.158077,0,False,Very Close (<500m),True,True,True
123,2011,225.414295742216,Central,22.281938,114.158077,0,False,Very Close (<500m),True,True,True
123,2011,309.7420251225659,Central,22.281938,114.158077,0,False,Very Close (<500m),True,True,True
123,2011,381.11314390626364,Central,22.281938,114.158077,0,False,Very Close (<500m),True,True,True
123,2011,62.19187432401355,Central,22.281938,114.158077,0,False,Very Close (<500m),True,True,True
123,2011,134.73691390754448,Central,22.281938,114.158077,0,False,Very Close (<500m),True,True,True
123,2011,201.31363359744452,Central,22.281938,114.158077,0,False,Very Close (<500m),True,True,True
131,2011,450.54987630147286,Exhibition Centre,22.281613,114.17569,0,False,Very Close (<500m),True,True,True
131,2011,340.2574215158414,Exhibition Centre,22.281613,114.17569,0,False,Very Close (<500m),True,True,True
131,2011,541.9722962276983,Admiralty,22.278399,114.16433,0,False,Close (500-1000m),True,True,True
131,2011,594.8649439445694,Exhibition Centre,22.281613,114.17569,0,False,Close (500-1000m),False,True,True
131,2011,493.4005721298426,Exhibition Centre,22.281613,114.17569,0,False,Very Close (<500m),True,True,True
131,2011,389.5186247493972,Exhibition Centre,22.281613,114.17569,0,False,Very Close (<500m),True,True,True
131,2011,322.16394316427477,Exhibition Centre,22.281613,114.17569,0,False,Very Close (<500m),True,True,True
131,2011,529.0278423667581,Admiralty,22.278399,114.16433,0,False,Close (500-1000m),True,True,True
131,2011,635.5592024385511,Exhibition Centre,22.281613,114.17569,0,False,Close (500-1000m),False,True,True
131,2011,533.2414393070612,Exhibition Centre,22.281613,114.17569,0,False,Close (500-1000m),True,True,True
131,2011,436.72025336068094,Exhibition Centre,22.281613,114.17569,0,False,Very Close (<500m),True,True,True
131,2011,590.0648348789825,Admiralty,22.278399,114.16433,0,False,Close (500-1000m),False,True,True
131,2011,683.567063098833,Exhibition Centre,22.281613,114.17569,0,False,Close (500-1000m),False,True,True
131,2011,706.1820146377053,Exhibition Centre,22.281613,114.17569,0,False,Close (500-1000m),False,True,True
131,2011,607.2873169008408,Exhibition Centre,22.281613,114.17569,0,False,Close (500-1000m),False,True,True
131,2011,491.0265764982144,Exhibition Centre,22.281613,114.17569,0,False,Very Close (<500m),True,True,True
131,2011,435.33598421651317,Admiralty,22.278399,114.16433,0,False,Very Close (<500m),True,True,True
131,2011,513.3507631222295,Admiralty,22.278399,114.16433,0,False,Close (500-1000m),True,True,True
131,2011,572.4019408185951,Admiralty,22.278399,114.16433,0,False,Close (500-1000m),False,True,True
131,2011,642.6938297009896,Admiralty,22.278399,114.16433,0,False,Close (500-1000m),False,True,True
131,2011,696.0617608556614,Admiralty,22.278399,114.16433,0,False,Close (500-1000m),False,True,True
131,2011,747.8551635922598,Admiralty,22.278399,114.16433,0,False,Close (500-1000m),False,True,True
131,2011,768.2234025159347,Exhibition Centre,22.281613,114.17569,0,False,Close (500-1000m),False,True,True
131,2011,752.7676135840909,Exhibition Centre,22.281613,114.17569,0,False,Close (500-1000m),False,True,True
131,2011,743.0446921314197,Exhibition Centre,22.281613,114.17569,0,False,Close (500-1000m),False,True,True
131,2011,756.8296307894323,Exhibition Centre,22.281613,114.17569,0,False,Close (500-1000m),False,True,True
131,2011,804.7339466134946,Exhibition Centre,22.281613,114.17569,0,False,Close (500-1000m),False,True,True
131,2011,672.99904192783,Exhibition Centre,22.281613,114.17569,0,False,Close (500-1000m),False,True,True
131,2011,653.6961564939268,Exhibition Centre,22.281613,114.17569,0,False,Close (500-1000m),False,True,True
131,2011,635.4079237929169,Exhibition Centre,22.281613,114.17569,0,False,Close (500-1000m),False,True,True
131,2011,611.6551863368304,Exhibition Centre,22.281613,114.17569,0,False,Close (500-1000m),False,True,True
131,2011,574.8064016824095,Exhibition Centre,22.281613,114.17569,0,False,Close (500-1000m),False,True,True
131,2011,463.4552842191816,Admiralty,22.278399,114.16433,0,False,Very Close (<500m),True,True,True
131,2011,539.4713025066537,Admiralty,22.278399,114.16433,0,False,Close (500-1000m),True,True,True
131,2011,617.1175826604511,Admiralty,22.278399,114.16433,0,False,Close (500-1000m),False,True,True
131,2011,679.1315480049878,Admiralty,22.278399,114.16433,0,False,Close (500-1000m),False,True,True
131,2011,795.5917857708015,Admiralty,22.278399,114.16433,0,False,Close (500-1000m),False,True,True
131,2011,724.3848425580375,Admiralty,22.278399,114.16433,0,False,Close (500-1000m),False,True,True
131,2011,397.0830460432241,Admiralty,22.278399,114.16433,0,False,Very Close (<500m),True,True,True
131,2011,476.3204182865846,Admiralty,22.278399,114.16433,0,False,Very Close (<500m),True,True,True
131,2011,623.6660482418137,Admiralty,22.278399,114.16433,0,False,Close (500-1000m),False,True,True
131,2011,858.9269035950265,Exhibition Centre,22.281613,114.17569,0,False,Close (500-1000m),False,True,True
131,2011,851.504507349279,Exhibition Centre,22.281613,114.17569,0,False,Close (500-1000m),False,True,True
131,2011,894.2972772428856,Exhibition Centre,22.281613,114.17569,0,False,Close (500-1000m),False,True,True
131,2011,830.4860177222458,Exhibition Centre,22.281613,114.17569,0,False,Close (500-1000m),False,True,True
114,2011,163.92848662817565,Sheung Wan,22.285899,114.153707,0,False,Very Close (<500m),True,True,True
114,2011,316.29771556187114,Sheung Wan,22.285899,114.153707,0,False,Very Close (<500m),True,True,True
114,2011,221.89724398987136,Sheung Wan,22.285899,114.153707,0,False,Very Close (<500m),True,True,True
114,2011,192.13650467456375,Sheung Wan,22.285899,114.153707,0,False,Very Close (<500m),True,True,True
114,2011,181.59538387989772,Sheung Wan,22.285899,114.153707,0,False,Very Close (<500m),True,True,True
114,2011,259.6725375860291,Sheung Wan,22.285899,114.153707,0,False,Very Close (<500m),True,True,True
114,2011,224.48942769020198,Sheung Wan,22.285899,114.153707,0,False,Very Close (<500m),True,True,True
114,2011,398.0714148580507,Sheung Wan,22.285899,114.153707,0,False,Very Close (<500m),True,True,True
114,2011,334.511529378617,Sheung Wan,22.285899,114.153707,0,False,Very Close (<500m),True,True,True
114,2011,288.3429191367421,Sheung Wan,22.285899,114.153707,0,False,Very Close (<500m),True,True,True
114,2011,269.84530153731646,Sheung Wan,22.285899,114.153707,0,False,Very Close (<500m),True,True,True
114,2011,476.3011023343144,Sheung Wan,22.285899,114.153707,0,False,Very Close (<500m),True,True,True
114,2011,434.542469857376,Sheung Wan,22.285899,114.153707,0,False,Very Close (<500m),True,True,True
114,2011,355.9735940627889,Sheung Wan,22.285899,114.153707,0,False,Very Close (<500m),True,True,True
114,2011,380.3127383843696,Sheung Wan,22.285899,114.153707,0,False,Very Close (<500m),True,True,True
114,2011,328.6809418888404,Sheung Wan,22.285899,114.153707,0,False,Very Close (<500m),True,True,True
114,2011,74.42328783557896,Sheung Wan,22.285899,114.153707,0,False,Very Close (<500m),True,True,True
114,2011,89.04716115373017,Sheung Wan,22.285899,114.153707,0,False,Very Close (<500m),True,True,True
114,2011,179.29467202547514,Sheung Wan,22.285899,114.153707,0,False,Very Close (<500m),True,True,True
115,2011,340.09906394795513,Sai Ying Pun,22.2856,114.1427,0,False,Very Close (<500m),True,True,True
115,2011,402.0032201278401,Sai Ying Pun,22.2856,114.1427,0,False,Very Close (<500m),True,True,True
115,2011,486.9183623313825,Sai Ying Pun,22.2856,114.1427,0,False,Very Close (<500m),True,True,True
115,2011,575.610000490034,Sai Ying Pun,22.2856,114.1427,0,False,Close (500-1000m),False,True,True
115,2011,661.4905932989766,Sai Ying Pun,22.2856,114.1427,0,False,Close (500-1000m),False,True,True
115,2011,527.4505034894441,Sai Ying Pun,22.2856,114.1427,0,False,Close (500-1000m),True,True,True
116,2011,398.0723793238942,HKU,22.2841,114.1356,0,False,Very Close (<500m),True,True,True
116,2011,406.2593332952996,HKU,22.2841,114.1356,0,False,Very Close (<500m),True,True,True
121,2011,282.03397211706454,Central,22.281938,114.158077,0,False,Very Close (<500m),True,True,True
121,2011,300.24932110994285,Sheung Wan,22.285899,114.153707,0,False,Very Close (<500m),True,True,True
121,2011,212.0021551254034,Hong Kong,22.285,114.158,0,False,Very Close (<500m),True,True,True
121,2011,43.14579835120744,Hong Kong,22.285,114.158,2,True,Very Close (<500m),True,True,True
121,2011,149.31462990531094,Railway stations in Hong Kong,22.284721,114.157986,0,False,Very Close (<500m),True,True,True
122,2011,479.1252056872578,Sheung Wan,22.285899,114.153707,0,False,Very Close (<500m),True,True,True
122,2011,419.8996983317819,Sheung Wan,22.285899,114.153707,0,False,Very Close (<500m),True,True,True
122,2011,431.7185911552298,Sheung Wan,22.285899,114.153707,0,False,Very Close (<500m),True,True,True
135,2011,425.1888263920797,Causeway Bay,22.279392,114.182926,0,False,Very Close (<500m),True,True,True
140,2011,771.1587122756747,Admiralty,22.278399,114.16433,0,False,Close (500-1000m),True,True,True
140,2011,1024.294968952979,Exhibition Centre,22.281613,114.17569,0,False,Moderate (1-2km),False,True,True
140,2011,1284.7923376704819,Causeway Bay,22.279392,114.182926,0,False,Moderate (1-2km),False,False,True
144,2011,1526.967876281466,Causeway Bay,22.279392,114.182926,0,False,Moderate (1-2km),False,False,True
144,2011,1253.8421308148836,Causeway Bay,22.279392,114.182926,0,False,Moderate (1-2km),False,False,True
144,2011,1017.8405175836251,Causeway Bay,22.279392,114.182926,0,False,Moderate (1-2km),False,True,True
144,2011,643.7713401363335,Causeway Bay,22.279392,114.182926,0,False,Close (500-1000m),True,True,True
144,2011,1535.0001428436312,Causeway Bay,22.279392,114.182926,0,False,Moderate (1-2km),False,False,True
144,2011,2014.7701171004253,Causeway Bay,22.279392,114.182926,0,False,Far (>2km),False,False,True
144,2011,2080.5882522779243,Causeway Bay,22.279392,114.182926,0,False,Far (>2km),False,False,False
144,2011,1947.7019957913365,Causeway Bay,22.279392,114.182926,0,False,Moderate (1-2km),False,False,True
145,2011,170.13430876035747,Tin Hau,22.2827,114.1917,0,False,Very Close (<500m),True,True,True
145,2011,338.93114924139917,Tin Hau,22.2827,114.1917,0,False,Very Close (<500m),True,True,True
145,2011,341.2153550581414,Tin Hau,22.2827,114.1917,0,False,Very Close (<500m),True,True,True
145,2011,705.528855609789,Tin Hau,22.2827,114.1917,0,False,Close (500-1000m),True,True,True
145,2011,593.1315359914348,Tin Hau,22.2827,114.1917,0,False,Close (500-1000m),False,True,True
145,2011,491.95823317916324,Tin Hau,22.2827,114.1917,0,False,Very Close (<500m),True,True,True
145,2011,460.81537621758866,Tin Hau,22.2827,114.1917,0,False,Very Close (<500m),True,True,True
145,2011,440.6583515606514,Tin Hau,22.2827,114.1917,0,False,Very Close (<500m),True,True,True
145,2011,422.15606003550687,Tin Hau,22.2827,114.1917,0,False,Very Close (<500m),True,True,True
145,2011,402.76290330300174,Tin Hau,22.2827,114.1917,0,False,Very Close (<500m),True,True,True
145,2011,384.10682187927483,Tin Hau,22.2827,114.1917,0,False,Very Close (<500m),True,True,True
145,2011,488.1660658587514,Tin Hau,22.2827,114.1917,0,False,Very Close (<500m),True,True,True
145,2011,469.218369126792,Tin Hau,22.2827,114.1917,0,False,Very Close (<500m),True,True,True
145,2011,445.05816128589527,Tin Hau,22.2827,114.1917,0,False,Very Close (<500m),True,True,True
145,2011,426.6471527897102,Tin Hau,22.2827,114.1917,0,False,Very Close (<500m),True,True,True
145,2011,409.13180886004574,Tin Hau,22.2827,114.1917,0,False,Very Close (<500m),True,True,True
145,2011,472.616441108064,Tin Hau,22.2827,114.1917,0,False,Very Close (<500m),True,True,True
145,2011,455.55194649955223,Tin Hau,22.2827,114.1917,0,False,Very Close (<500m),True,True,True
145,2011,439.2302751091826,Tin Hau,22.2827,114.1917,0,False,Very Close (<500m),True,True,True
145,2011,518.6324159160348,Tin Hau,22.2827,114.1917,0,False,Close (500-1000m),True,True,True
145,2011,500.41677830129015,Tin Hau,22.2827,114.1917,0,False,Close (500-1000m),True,True,True
145,2011,484.5594288702399,Tin Hau,22.2827,114.1917,0,False,Very Close (<500m),True,True,True
145,2011,469.27390828255017,Tin Hau,22.2827,114.1917,0,False,Very Close (<500m),True,True,True
145,2011,552.4194749506079,Tin Hau,22.2827,114.1917,0,False,Close (500-1000m),False,True,True
123,2011,263.5323556260202,Central,22.281938,114.158077,0,False,Very Close (<500m),True,True,True
123,2011,360.02221465157766,Central,22.281938,114.158077,0,False,Very Close (<500m),True,True,True
123,2011,92.81425480489416,Central,22.281938,114.158077,0,False,Very Close (<500m),True,True,True
123,2011,179.68350765285857,Central,22.281938,114.158077,0,False,Very Close (<500m),True,True,True
123,2011,238.07300744413016,Central,22.281938,114.158077,0,False,Very Close (<500m),True,True,True
123,2011,294.6806765415024,Central,22.281938,114.158077,0,False,Very Close (<500m),True,True,True
123,2011,164.43048138233402,Central,22.281938,114.158077,0,False,Very Close (<500m),True,True,True
123,2011,244.781120962016,Central,22.281938,114.158077,0,False,Very Close (<500m),True,True,True
123,2011,212.44881416289894,Central,22.281938,114.158077,0,False,Very Close (<500m),True,True,True
123,2011,235.77234139582507,Central,22.281938,114.158077,0,False,Very Close (<500m),True,True,True
123,2011,299.41956875233933,Central,22.281938,114.158077,0,False,Very Close (<500m),True,True,True
123,2011,351.8329171109328,Central,22.281938,114.158077,0,False,Very Close (<500m),True,True,True
140,2011,863.3596424939617,Admiralty,22.278399,114.16433,0,False,Close (500-1000m),False,True,True
141,2011,682.3249256727605,HKU,22.2841,114.1356,0,False,Close (500-1000m),True,True,True
141,2011,313.3300791905281,HKU,22.2841,114.1356,0,False,Very Close (<500m),True,True,True
141,2011,325.22895919744997,Sai Ying Pun,22.2856,114.1427,0,False,Very Close (<500m),True,True,True
141,2011,171.9495733337709,Sai Ying Pun,22.2856,114.1427,0,False,Very Close (<500m),True,True,True
140,2011,1307.9745803933668,Exhibition Centre,22.281613,114.17569,0,False,Moderate (1-2km),False,False,True
141,2011,382.2955114654315,Kennedy Town,22.2812,114.1285,0,False,Very Close (<500m),True,True,True
141,2011,406.07046930594805,HKU,22.2841,114.1356,0,False,Very Close (<500m),True,True,True
141,2011,205.70683471892417,Sai Ying Pun,22.2856,114.1427,0,False,Very Close (<500m),True,True,True
141,2011,311.1108438237672,Sai Ying Pun,22.2856,114.1427,0,False,Very Close (<500m),True,True,True
141,2011,235.0676820542653,Sai Ying Pun,22.2856,114.1427,0,False,Very Close (<500m),True,True,True
141,2011,249.62480558677944,Sai Ying Pun,22.2856,114.1427,0,False,Very Close (<500m),True,True,True
141,2011,271.80051490665255,Sai Ying Pun,22.2856,114.1427,0,False,Very Close (<500m),True,True,True
141,2011,302.0773190344468,Sai Ying Pun,22.2856,114.1427,0,False,Very Close (<500m),True,True,True
141,2011,333.78944603472763,Sai Ying Pun,22.2856,114.1427,0,False,Very Close (<500m),True,True,True
132,2011,317.05165426301045,Causeway Bay,22.279392,114.182926,0,False,Very Close (<500m),True,True,True
132,2011,208.85134751310852,Causeway Bay,22.279392,114.182926,0,False,Very Close (<500m),True,True,True
132,2011,186.67162119019957,Causeway Bay,22.279392,114.182926,0,False,Very Close (<500m),True,True,True
141,2011,402.29313603022206,Sai Ying Pun,22.2856,114.1427,0,False,Very Close (<500m),True,True,True
141,2011,411.1728150987986,Sai Ying Pun,22.2856,114.1427,0,False,Very Close (<500m),True,True,True
141,2011,524.536640142119,HKU,22.2841,114.1356,0,False,Close (500-1000m),True,True,True
141,2011,535.8249449117899,Sai Ying Pun,22.2856,114.1427,0,False,Close (500-1000m),True,True,True
141,2011,632.845478746601,Sai Ying Pun,22.2856,114.1427,0,False,Close (500-1000m),False,True,True
134,2011,530.3949644932513,Admiralty,22.278399,114.16433,0,False,Close (500-1000m),True,True,True
134,2011,304.3256229488986,Exhibition Centre,22.281613,114.17569,0,False,Very Close (<500m),True,True,True
135,2011,20.83401858156182,Exhibition Centre,22.281613,114.17569,1,True,Very Close (<500m),True,True,True
135,2011,157.0954568181939,Exhibition Centre,22.281613,114.17569,0,False,Very Close (<500m),True,True,True
135,2011,235.9559414803278,Exhibition Centre,22.281613,114.17569,0,False,Very Close (<500m),True,True,True
135,2011,366.6076485897653,Exhibition Centre,22.281613,114.17569,0,False,Very Close (<500m),True,True,True
145,2011,631.1791553388463,Tin Hau,22.2827,114.1917,0,False,Close (500-1000m),False,True,True
145,2011,665.1751579751299,Tin Hau,22.2827,114.1917,0,False,Close (500-1000m),False,True,True
145,2011,698.8286987151552,Tin Hau,22.2827,114.1917,0,False,Close (500-1000m),False,True,True
145,2011,728.5344232621428,Tin Hau,22.2827,114.1917,0,False,Close (500-1000m),False,True,True
145,2011,730.6489714966198,Tin Hau,22.2827,114.1917,0,False,Close (500-1000m),False,True,True
145,2011,1074.3763081837678,Causeway Bay,22.279392,114.182926,0,False,Moderate (1-2km),False,True,True
145,2011,850.7071928211234,Tin Hau,22.2827,114.1917,0,False,Close (500-1000m),False,True,True
145,2011,875.9240329185584,Tin Hau,22.2827,114.1917,0,False,Close (500-1000m),False,True,True
145,2011,517.6752227481336,Tin Hau,22.2827,114.1917,0,False,Close (500-1000m),True,True,True
145,2011,499.30860724801454,Tin Hau,22.2827,114.1917,0,False,Very Close (<500m),True,True,True
145,2011,546.1061103457237,Tin Hau,22.2827,114.1917,0,False,Close (500-1000m),False,True,True
145,2011,531.311595755382,Tin Hau,22.2827,114.1917,0,False,Close (500-1000m),False,True,True
145,2011,601.7865232689692,Tin Hau,22.2827,114.1917,0,False,Close (500-1000m),False,True,True
141,2011,445.8372178711858,Kennedy Town,22.2812,114.1285,0,False,Very Close (<500m),True,True,True
141,2011,527.7106448031667,Kennedy Town,22.2812,114.1285,0,False,Close (500-1000m),True,True,True
141,2011,466.88080596568744,Kennedy Town,22.2812,114.1285,0,False,Very Close (<500m),True,True,True
141,2011,577.4995517733989,Kennedy Town,22.2812,114.1285,0,False,Close (500-1000m),False,True,True
142,2011,512.813036459248,Sai Ying Pun,22.2856,114.1427,0,False,Close (500-1000m),True,True,True
132,2011,572.293158019814,Exhibition Centre,22.281613,114.17569,0,False,Close (500-1000m),False,True,True
132,2011,552.699225703061,Exhibition Centre,22.281613,114.17569,0,False,Close (500-1000m),False,True,True
132,2011,541.4436204108363,Exhibition Centre,22.281613,114.17569,0,False,Close (500-1000m),False,True,True
132,2011,528.8710975541195,Exhibition Centre,22.281613,114.17569,0,False,Close (500-1000m),False,True,True
132,2011,446.8023686042021,Causeway Bay,22.279392,114.182926,0,False,Very Close (<500m),True,True,True
132,2011,340.0778235043955,Causeway Bay,22.279392,114.182926,0,False,Very Close (<500m),True,True,True
132,2011,300.66435391328,Causeway Bay,22.279392,114.182926,0,False,Very Close (<500m),True,True,True
132,2011,265.82439987738553,Causeway Bay,22.279392,114.182926,0,False,Very Close (<500m),True,True,True
132,2011,144.90528782884567,Causeway Bay,22.279392,114.182926,0,False,Very Close (<500m),True,True,True
132,2011,110.78437801172254,Causeway Bay,22.279392,114.182926,0,False,Very Close (<500m),True,True,True
132,2011,685.8239292766502,Exhibition Centre,22.281613,114.17569,0,False,Close (500-1000m),False,True,True
132,2011,667.9395453170504,Exhibition Centre,22.281613,114.17569,0,False,Close (500-1000m),False,True,True
132,2011,576.1550009692257,Exhibition Centre,22.281613,114.17569,0,False,Close (500-1000m),False,True,True
132,2011,650.7205126632931,Exhibition Centre,22.281613,114.17569,0,False,Close (500-1000m),False,True,True
132,2011,394.24411384242836,Causeway Bay,22.279392,114.182926,0,False,Very Close (<500m),True,True,True
132,2011,362.42868917900284,Causeway Bay,22.279392,114.182926,0,False,Very Close (<500m),True,True,True
132,2011,748.1415124557052,Exhibition Centre,22.281613,114.17569,0,False,Close (500-1000m),False,True,True
132,2011,468.400289444266,Causeway Bay,22.279392,114.182926,0,False,Very Close (<500m),True,True,True
132,2011,263.0873702870738,Causeway Bay,22.279392,114.182926,0,False,Very Close (<500m),True,True,True
132,2011,425.572254740867,Causeway Bay,22.279392,114.182926,0,False,Very Close (<500m),True,True,True
132,2011,98.08177599813659,Causeway Bay,22.279392,114.182926,0,False,Very Close (<500m),True,True,True
132,2011,31.333012725322842,Causeway Bay,22.279392,114.182926,0,False,Very Close (<500m),True,True,True
132,2011,430.2903064362714,Causeway Bay,22.279392,114.182926,0,False,Very Close (<500m),True,True,True
132,2011,475.4437107889745,Causeway Bay,22.279392,114.182926,0,False,Very Close (<500m),True,True,True
132,2011,613.0243956561284,Causeway Bay,22.279392,114.182926,0,False,Close (500-1000m),False,True,True
132,2011,663.3659686968002,Exhibition Centre,22.281613,114.17569,0,False,Close (500-1000m),False,True,True
132,2011,547.978036918542,Exhibition Centre,22.281613,114.17569,0,False,Close (500-1000m),True,True,True
132,2011,541.710819356265,Causeway Bay,22.279392,114.182926,0,False,Close (500-1000m),True,True,True
133,2011,260.4298147316883,Exhibition Centre,22.281613,114.17569,0,False,Very Close (<500m),True,True,True
133,2011,277.5521553740419,Exhibition Centre,22.281613,114.17569,0,False,Very Close (<500m),True,True,True
133,2011,342.0727299792662,Exhibition Centre,22.281613,114.17569,0,False,Very Close (<500m),True,True,True
133,2011,334.82720634317184,Causeway Bay,22.279392,114.182926,0,False,Very Close (<500m),True,True,True
133,2011,247.55085477475,Causeway Bay,22.279392,114.182926,0,False,Very Close (<500m),True,True,True
133,2011,335.9297630241424,Exhibition Centre,22.281613,114.17569,0,False,Very Close (<500m),True,True,True
133,2011,391.9624212019292,Exhibition Centre,22.281613,114.17569,0,False,Very Close (<500m),True,True,True
133,2011,291.6309553603778,Causeway Bay,22.279392,114.182926,0,False,Very Close (<500m),True,True,True
133,2011,172.85647261211034,Causeway Bay,22.279392,114.182926,0,False,Very Close (<500m),True,True,True
133,2011,381.0509696432434,Exhibition Centre,22.281613,114.17569,0,False,Very Close (<500m),True,True,True
133,2011,392.5858467134278,Exhibition Centre,22.281613,114.17569,0,False,Very Close (<500m),True,True,True
133,2011,429.1024720563929,Causeway Bay,22.279392,114.182926,0,False,Very Close (<500m),True,True,True
133,2011,264.9161486519505,Causeway Bay,22.279392,114.182926,0,False,Very Close (<500m),True,True,True
133,2011,129.338537008154,Causeway Bay,22.279392,114.182926,0,False,Very Close (<500m),True,True,True
134,2011,375.7719358829819,Exhibition Centre,22.281613,114.17569,0,False,Very Close (<500m),True,True,True
142,2011,705.7830543326282,Central,22.281938,114.158077,0,False,Close (500-1000m),False,True,True
142,2011,583.4171478141845,Central,22.281938,114.158077,0,False,Close (500-1000m),False,True,True
142,2011,857.4766497690384,Central,22.281938,114.158077,0,False,Close (500-1000m),False,True,True
142,2011,520.5761913104018,Central,22.281938,114.158077,0,False,Close (500-1000m),True,True,True
142,2011,849.3454285832863,Central,22.281938,114.158077,0,False,Close (500-1000m),False,True,True
142,2011,1016.7409153561199,Central,22.281938,114.158077,0,False,Moderate (1-2km),False,True,True
143,2011,641.3450059082945,Central,22.281938,114.158077,0,False,Close (500-1000m),False,True,True
143,2011,582.5864311697336,Admiralty,22.278399,114.16433,0,False,Close (500-1000m),True,True,True
143,2011,313.80208045093565,Admiralty,22.278399,114.16433,0,False,Very Close (<500m),True,True,True
143,2011,741.5113099275783,Central,22.281938,114.158077,0,False,Close (500-1000m),False,True,True
145,2011,783.4157992792013,Tin Hau,22.2827,114.1917,0,False,Close (500-1000m),False,True,True
145,2011,1086.088062198576,Causeway Bay,22.279392,114.182926,0,False,Moderate (1-2km),False,True,True
146,2011,241.82683374273395,Causeway Bay,22.279392,114.182926,0,False,Very Close (<500m),True,True,True
146,2011,258.18934235228494,Causeway Bay,22.279392,114.182926,0,False,Very Close (<500m),True,True,True
146,2011,279.0974336002412,Causeway Bay,22.279392,114.182926,0,False,Very Close (<500m),True,True,True
146,2011,369.7136891151462,Causeway Bay,22.279392,114.182926,0,False,Very Close (<500m),True,True,True
146,2011,399.7824542093878,Causeway Bay,22.279392,114.182926,0,False,Very Close (<500m),True,True,True
146,2011,452.18387187432415,Causeway Bay,22.279392,114.182926,0,False,Very Close (<500m),True,True,True
146,2011,159.80177256301414,Causeway Bay,22.279392,114.182926,0,False,Very Close (<500m),True,True,True
146,2011,200.67896759653203,Causeway Bay,22.279392,114.182926,0,False,Very Close (<500m),True,True,True
146,2011,295.99236853860884,Causeway Bay,22.279392,114.182926,0,False,Very Close (<500m),True,True,True
146,2011,382.7145829938428,Causeway Bay,22.279392,114.182926,0,False,Very Close (<500m),True,True,True
146,2011,130.08704469620366,Causeway Bay,22.279392,114.182926,0,False,Very Close (<500m),True,True,True
146,2011,266.99497952402737,Causeway Bay,22.279392,114.182926,0,False,Very Close (<500m),True,True,True
146,2011,375.97632229619694,Causeway Bay,22.279392,114.182926,0,False,Very Close (<500m),True,True,True
146,2011,427.3710686635167,Causeway Bay,22.279392,114.182926,0,False,Very Close (<500m),True,True,True
146,2011,26.343446705210784,Causeway Bay,22.279392,114.182926,1,True,Very Close (<500m),True,True,True
147,2011,412.794914146619,Tin Hau,22.2827,114.1917,0,False,Very Close (<500m),True,True,True
142,2011,577.0914798533121,Sai Ying Pun,22.2856,114.1427,0,False,Close (500-1000m),True,True,True
142,2011,575.8032371127022,Sheung Wan,22.285899,114.153707,0,False,Close (500-1000m),True,True,True
142,2011,694.7614333057696,Sai Ying Pun,22.2856,114.1427,0,False,Close (500-1000m),True,True,True
142,2011,732.2308876395065,Sheung Wan,22.285899,114.153707,0,False,Close (500-1000m),False,True,True
142,2011,641.6524341087463,Sheung Wan,22.285899,114.153707,0,False,Close (500-1000m),False,True,True
146,2011,283.318768983114,Causeway Bay,22.279392,114.182926,0,False,Very Close (<500m),True,True,True
146,2011,303.4483878576878,Causeway Bay,22.279392,114.182926,0,False,Very Close (<500m),True,True,True
142,2011,585.429548738942,Sheung Wan,22.285899,114.153707,0,False,Close (500-1000m),True,True,True
142,2011,593.1706892803553,Sheung Wan,22.285899,114.153707,0,False,Close (500-1000m),False,True,True
142,2011,720.7122390196193,Sheung Wan,22.285899,114.153707,0,False,Close (500-1000m),False,True,True
142,2011,572.9276178907502,Central,22.281938,114.158077,0,False,Close (500-1000m),True,True,True
142,2011,762.6817100172291,Sai Ying Pun,22.2856,114.1427,0,False,Close (500-1000m),False,True,True
142,2011,713.397248645784,Central,22.281938,114.158077,0,False,Close (500-1000m),False,True,True
142,2011,845.8511504641507,Central,22.281938,114.158077,0,False,Close (500-1000m),False,True,True
142,2011,902.5200767799989,Central,22.281938,114.158077,0,False,Close (500-1000m),False,True,True
142,2011,793.5440776375975,Central,22.281938,114.158077,0,False,Close (500-1000m),False,True,True
151,2011,196.76006210031906,Tin Hau,22.2827,114.1917,0,False,Very Close (<500m),True,True,True
151,2011,206.45212044498024,Tin Hau,22.2827,114.1917,0,False,Very Close (<500m),True,True,True
151,2011,101.61065602785709,Tin Hau,22.2827,114.1917,0,False,Very Close (<500m),True,True,True
151,2011,138.4855593491628,Tin Hau,22.2827,114.1917,0,False,Very Close (<500m),True,True,True
151,2011,144.62369376331588,Tin Hau,22.2827,114.1917,0,False,Very Close (<500m),True,True,True
151,2011,78.62813283397999,Tin Hau,22.2827,114.1917,0,False,Very Close (<500m),True,True,True
151,2011,85.5194929881322,Tin Hau,22.2827,114.1917,0,False,Very Close (<500m),True,True,True
151,2011,183.84163352704476,Tin Hau,22.2827,114.1917,0,False,Very Close (<500m),True,True,True
151,2011,327.0757608366802,Tin Hau,22.2827,114.1917,0,False,Very Close (<500m),True,True,True
151,2011,317.92317719287826,Tin Hau,22.2827,114.1917,0,False,Very Close (<500m),True,True,True
151,2011,167.22820916165824,Fortress Hill,22.2881,114.1936,0,False,Very Close (<500m),True,True,True
151,2011,322.1248241114071,Fortress Hill,22.2881,114.1936,0,False,Very Close (<500m),True,True,True
151,2011,291.3287248794014,Fortress Hill,22.2881,114.1936,0,False,Very Close (<500m),True,True,True
151,2011,12.836282747118723,Tin Hau,22.2827,114.1917,1,True,Very Close (<500m),True,True,True
151,2011,267.08477609115494,Fortress Hill,22.2881,114.1936,0,False,Very Close (<500m),True,True,True
152,2011,354.95616832742866,Fortress Hill,22.2881,114.1936,0,False,Very Close (<500m),True,True,True
152,2011,360.1854120517286,North Point,22.2909,114.2007,0,False,Very Close (<500m),True,True,True
152,2011,471.84588983412397,North Point,22.2909,114.2007,0,False,Very Close (<500m),True,True,True
153,2011,225.23495677698256,North Point,22.2909,114.2007,0,False,Very Close (<500m),True,True,True
153,2011,197.99754965109273,North Point,22.2909,114.2007,0,False,Very Close (<500m),True,True,True
153,2011,132.88395501833864,North Point,22.2909,114.2007,0,False,Very Close (<500m),True,True,True
153,2011,450.5124242651093,North Point,22.2909,114.2007,0,False,Very Close (<500m),True,True,True
154,2011,595.539826577648,North Point,22.2909,114.2007,0,False,Close (500-1000m),True,True,True
152,2011,258.9491408003297,Tin Hau,22.2827,114.1917,0,False,Very Close (<500m),True,True,True
152,2011,505.3142848606,Tin Hau,22.2827,114.1917,0,False,Close (500-1000m),True,True,True
152,2011,531.3480293994335,Tin Hau,22.2827,114.1917,0,False,Close (500-1000m),True,True,True
152,2011,632.0360779620386,Fortress Hill,22.2881,114.1936,0,False,Close (500-1000m),True,True,True
152,2011,672.6818359570345,North Point,22.2909,114.2007,0,False,Close (500-1000m),True,True,True
153,2011,268.92332133478874,North Point,22.2909,114.2007,0,False,Very Close (<500m),True,True,True
143,2011,595.9926152715577,Admiralty,22.278399,114.16433,0,False,Close (500-1000m),True,True,True
143,2011,518.0575061575212,Admiralty,22.278399,114.16433,0,False,Close (500-1000m),True,True,True
143,2011,438.4506597314151,Admiralty,22.278399,114.16433,0,False,Very Close (<500m),True,True,True
146,2011,101.32015356800687,Causeway Bay,22.279392,114.182926,0,False,Very Close (<500m),True,True,True
146,2011,184.5043474826561,Causeway Bay,22.279392,114.182926,0,False,Very Close (<500m),True,True,True
146,2011,240.47893131043725,Causeway Bay,22.279392,114.182926,0,False,Very Close (<500m),True,True,True
146,2011,264.92223134018855,Causeway Bay,22.279392,114.182926,0,False,Very Close (<500m),True,True,True
146,2011,391.984204862895,Causeway Bay,22.279392,114.182926,0,False,Very Close (<500m),True,True,True
146,2011,102.39717257178154,Causeway Bay,22.279392,114.182926,0,False,Very Close (<500m),True,True,True
146,2011,119.31747334619189,Causeway Bay,22.279392,114.182926,0,False,Very Close (<500m),True,True,True
146,2011,146.6128314274026,Causeway Bay,22.279392,114.182926,0,False,Very Close (<500m),True,True,True
146,2011,205.0363301754708,Causeway Bay,22.279392,114.182926,0,False,Very Close (<500m),True,True,True
146,2011,254.73238411328055,Causeway Bay,22.279392,114.182926,0,False,Very Close (<500m),True,True,True
146,2011,321.9896110363823,Causeway Bay,22.279392,114.182926,0,False,Very Close (<500m),True,True,True
146,2011,367.96735962044806,Causeway Bay,22.279392,114.182926,0,False,Very Close (<500m),True,True,True
146,2011,385.2677780517293,Causeway Bay,22.279392,114.182926,0,False,Very Close (<500m),True,True,True
146,2011,429.45461384220175,Causeway Bay,22.279392,114.182926,0,False,Very Close (<500m),True,True,True
146,2011,445.51200056684576,Causeway Bay,22.279392,114.182926,0,False,Very Close (<500m),True,True,True
146,2011,532.9575067113551,Tin Hau,22.2827,114.1917,0,False,Close (500-1000m),True,True,True
146,2011,471.6782198123962,Tin Hau,22.2827,114.1917,0,False,Very Close (<500m),True,True,True
146,2011,505.61086701520765,Tin Hau,22.2827,114.1917,0,False,Close (500-1000m),True,True,True
146,2011,516.2686343188219,Causeway Bay,22.279392,114.182926,0,False,Close (500-1000m),True,True,True
146,2011,738.0913422737416,Causeway Bay,22.279392,114.182926,0,False,Close (500-1000m),False,True,True
146,2011,457.0225403976895,Causeway Bay,22.279392,114.182926,0,False,Very Close (<500m),True,True,True
144,2011,1480.9653606857316,Causeway Bay,22.279392,114.182926,0,False,Moderate (1-2km),False,False,True
144,2011,1531.327216457726,Causeway Bay,22.279392,114.182926,0,False,Moderate (1-2km),False,False,True
144,2011,1565.8724159938859,Causeway Bay,22.279392,114.182926,0,False,Moderate (1-2km),False,False,True
144,2011,1621.8741373672578,Causeway Bay,22.279392,114.182926,0,False,Moderate (1-2km),False,False,True
144,2011,1629.6656551998658,Causeway Bay,22.279392,114.182926,0,False,Moderate (1-2km),False,False,True
144,2011,1668.8629068900063,Causeway Bay,22.279392,114.182926,0,False,Moderate (1-2km),False,False,True
144,2011,1738.3771644475592,Causeway Bay,22.279392,114.182926,0,False,Moderate (1-2km),False,False,True
144,2011,1822.272004263893,Causeway Bay,22.279392,114.182926,0,False,Moderate (1-2km),False,False,True
144,2011,1838.8668840209605,Causeway Bay,22.279392,114.182926,0,False,Moderate (1-2km),False,False,True
144,2011,1948.054203425231,Causeway Bay,22.279392,114.182926,0,False,Moderate (1-2km),False,False,True
144,2011,1936.9613261691202,Causeway Bay,22.279392,114.182926,0,False,Moderate (1-2km),False,False,True
151,2011,266.14171255604583,Tin Hau,22.2827,114.1917,0,False,Very Close (<500m),True,True,True
144,2011,1253.978107742085,Causeway Bay,22.279392,114.182926,0,False,Moderate (1-2km),False,False,True
144,2011,1250.3183697159034,Causeway Bay,22.279392,114.182926,0,False,Moderate (1-2km),False,False,True
144,2011,1292.3772431997959,Causeway Bay,22.279392,114.182926,0,False,Moderate (1-2km),False,False,True
144,2011,1339.49970696286,Causeway Bay,22.279392,114.182926,0,False,Moderate (1-2km),False,False,True
144,2011,1290.2240492226156,Causeway Bay,22.279392,114.182926,0,False,Moderate (1-2km),False,False,True
144,2011,1380.4977134688888,Causeway Bay,22.279392,114.182926,0,False,Moderate (1-2km),False,False,True
144,2011,1293.1435717651923,Causeway Bay,22.279392,114.182926,0,False,Moderate (1-2km),False,False,True
144,2011,1321.1041980012735,Causeway Bay,22.279392,114.182926,0,False,Moderate (1-2km),False,False,True
144,2011,1298.5491345998926,Causeway Bay,22.279392,114.182926,0,False,Moderate (1-2km),False,False,True
144,2011,1382.3167444300898,Causeway Bay,22.279392,114.182926,0,False,Moderate (1-2km),False,False,True
144,2011,1352.8082911748197,Causeway Bay,22.279392,114.182926,0,False,Moderate (1-2km),False,False,True
144,2011,1392.7408467054831,Causeway Bay,22.279392,114.182926,0,False,Moderate (1-2km),False,False,True
144,2011,1411.6672322037211,Causeway Bay,22.279392,114.182926,0,False,Moderate (1-2km),False,False,True
144,2011,1476.2253636994662,Causeway Bay,22.279392,114.182926,0,False,Moderate (1-2km),False,False,True
153,2011,393.12713382308107,North Point,22.2909,114.2007,0,False,Very Close (<500m),True,True,True
153,2011,398.52776461670396,Fortress Hill,22.2881,114.1936,0,False,Very Close (<500m),True,True,True
153,2011,296.4611472221817,North Point,22.2909,114.2007,0,False,Very Close (<500m),True,True,True
153,2011,127.48513678164447,North Point,22.2909,114.2007,0,False,Very Close (<500m),True,True,True
153,2011,82.31206309145449,North Point,22.2909,114.2007,0,False,Very Close (<500m),True,True,True
153,2011,197.66174586057886,North Point,22.2909,114.2007,0,False,Very Close (<500m),True,True,True
153,2011,318.82467382457645,North Point,22.2909,114.2007,0,False,Very Close (<500m),True,True,True
153,2011,347.2225284906024,Fortress Hill,22.2881,114.1936,0,False,Very Close (<500m),True,True,True
153,2011,318.5956093390235,North Point,22.2909,114.2007,0,False,Very Close (<500m),True,True,True
153,2011,38.503192104076405,North Point,22.2909,114.2007,1,True,Very Close (<500m),True,True,True
153,2011,58.994549908325304,North Point,22.2909,114.2007,0,False,Very Close (<500m),True,True,True
153,2011,184.96308656140056,North Point,22.2909,114.2007,0,False,Very Close (<500m),True,True,True
153,2011,332.7394441057471,North Point,22.2909,114.2007,0,False,Very Close (<500m),True,True,True
153,2011,344.4692055856865,North Point,22.2909,114.2007,0,False,Very Close (<500m),True,True,True
153,2011,218.76414630519827,Fortress Hill,22.2881,114.1936,0,False,Very Close (<500m),True,True,True
153,2011,196.3360308306824,North Point,22.2909,114.2007,0,False,Very Close (<500m),True,True,True
153,2011,365.21532576418286,North Point,22.2909,114.2007,0,False,Very Close (<500m),True,True,True
162,2011,717.1238229972673,Heng Fa Chuen,22.2769,114.2398,0,False,Close (500-1000m),True,True,True
154,2011,556.3020896456064,North Point,22.2909,114.2007,0,False,Close (500-1000m),True,True,True
154,2011,538.0182336636607,Quarry Bay,22.2878,114.2096,0,False,Close (500-1000m),True,True,True
154,2011,442.73660160591123,Quarry Bay,22.2878,114.2096,0,False,Very Close (<500m),True,True,True
154,2011,431.20568077640354,North Point,22.2909,114.2007,0,False,Very Close (<500m),True,True,True
154,2011,474.84516857425996,North Point,22.2909,114.2007,0,False,Very Close (<500m),True,True,True
154,2011,514.7206393101318,North Point,22.2909,114.2007,0,False,Close (500-1000m),True,True,True
154,2011,541.5016396395714,Quarry Bay,22.2878,114.2096,0,False,Close (500-1000m),True,True,True
154,2011,443.90815680611144,Quarry Bay,22.2878,114.2096,0,False,Very Close (<500m),True,True,True
154,2011,331.94361065828076,Quarry Bay,22.2878,114.2096,0,False,Very Close (<500m),True,True,True
154,2011,466.86455130916283,North Point,22.2909,114.2007,0,False,Very Close (<500m),True,True,True
154,2011,499.6690910189848,Quarry Bay,22.2878,114.2096,0,False,Very Close (<500m),True,True,True
153,2011,290.3505629524459,North Point,22.2909,114.2007,0,False,Very Close (<500m),True,True,True
153,2011,286.82690669700827,North Point,22.2909,114.2007,0,False,Very Close (<500m),True,True,True
153,2011,403.3343587389118,North Point,22.2909,114.2007,0,False,Very Close (<500m),True,True,True
153,2011,445.5542274090479,Fortress Hill,22.2881,114.1936,0,False,Very Close (<500m),True,True,True
153,2011,355.8730082217282,North Point,22.2909,114.2007,0,False,Very Close (<500m),True,True,True
153,2011,328.7913958556567,North Point,22.2909,114.2007,0,False,Very Close (<500m),True,True,True
153,2011,188.6323937238466,North Point,22.2909,114.2007,0,False,Very Close (<500m),True,True,True
153,2011,192.69051777245267,North Point,22.2909,114.2007,0,False,Very Close (<500m),True,True,True
153,2011,141.0266323728209,North Point,22.2909,114.2007,0,False,Very Close (<500m),True,True,True
153,2011,228.34834969776767,North Point,22.2909,114.2007,0,False,Very Close (<500m),True,True,True
143,2011,876.510786147538,Central,22.281938,114.158077,0,False,Close (500-1000m),False,True,True
143,2011,855.0077444850912,Admiralty,22.278399,114.16433,0,False,Close (500-1000m),False,True,True
143,2011,1051.9360138705006,Central,22.281938,114.158077,0,False,Moderate (1-2km),False,True,True
143,2011,1055.7700162933559,Central,22.281938,114.158077,0,False,Moderate (1-2km),False,True,True
143,2011,837.3132229632816,Admiralty,22.278399,114.16433,0,False,Close (500-1000m),False,True,True
143,2011,610.2103636889112,Admiralty,22.278399,114.16433,0,False,Close (500-1000m),True,True,True
144,2011,261.75430480518384,Causeway Bay,22.279392,114.182926,0,False,Very Close (<500m),True,True,True
144,2011,368.2266063557544,Causeway Bay,22.279392,114.182926,0,False,Very Close (<500m),True,True,True
144,2011,469.6891662246138,Causeway Bay,22.279392,114.182926,0,False,Very Close (<500m),True,True,True
144,2011,393.61204107833373,Causeway Bay,22.279392,114.182926,0,False,Very Close (<500m),True,True,True
144,2011,452.9141437432504,Causeway Bay,22.279392,114.182926,0,False,Very Close (<500m),True,True,True
144,2011,627.4562960000213,Causeway Bay,22.279392,114.182926,0,False,Close (500-1000m),False,True,True
144,2011,701.8319027799465,Causeway Bay,22.279392,114.182926,0,False,Close (500-1000m),False,True,True
144,2011,828.3253270265197,Causeway Bay,22.279392,114.182926,0,False,Close (500-1000m),False,True,True
144,2011,948.6429223214703,Causeway Bay,22.279392,114.182926,0,False,Close (500-1000m),False,True,True
148,2011,386.86410179696003,Tin Hau,22.2827,114.1917,0,False,Very Close (<500m),True,True,True
148,2011,453.80545252123756,Tin Hau,22.2827,114.1917,0,False,Very Close (<500m),True,True,True
148,2011,572.1001940742633,Tin Hau,22.2827,114.1917,0,False,Close (500-1000m),True,True,True
148,2011,899.277654286503,Tin Hau,22.2827,114.1917,0,False,Close (500-1000m),True,True,True
149,2011,1309.6393670948846,Causeway Bay,22.279392,114.182926,0,False,Moderate (1-2km),False,False,True
144,2011,748.4128076959493,Causeway Bay,22.279392,114.182926,0,False,Close (500-1000m),True,True,True
144,2011,623.6706304970392,Causeway Bay,22.279392,114.182926,0,False,Close (500-1000m),False,True,True
144,2011,872.8156636616815,Causeway Bay,22.279392,114.182926,0,False,Close (500-1000m),False,True,True
144,2011,907.9585904715633,Causeway Bay,22.279392,114.182926,0,False,Close (500-1000m),False,True,True
144,2011,841.6132014325283,Causeway Bay,22.279392,114.182926,0,False,Close (500-1000m),False,True,True
144,2011,1035.4611349354277,Causeway Bay,22.279392,114.182926,0,False,Moderate (1-2km),False,True,True
144,2011,1099.9379331389216,Causeway Bay,22.279392,114.182926,0,False,Moderate (1-2km),False,False,True
144,2011,1095.695581135426,Causeway Bay,22.279392,114.182926,0,False,Moderate (1-2km),False,False,True
144,2011,1071.7137130264773,Causeway Bay,22.279392,114.182926,0,False,Moderate (1-2km),False,True,True
144,2011,1144.2701335692066,Causeway Bay,22.279392,114.182926,0,False,Moderate (1-2km),False,False,True
144,2011,1186.662708814454,Causeway Bay,22.279392,114.182926,0,False,Moderate (1-2km),False,False,True
144,2011,1325.9777688584613,Causeway Bay,22.279392,114.182926,0,False,Moderate (1-2km),False,False,True
144,2011,1393.8968337097992,Causeway Bay,22.279392,114.182926,0,False,Moderate (1-2km),False,False,True
144,2011,1180.131150522471,Causeway Bay,22.279392,114.182926,0,False,Moderate (1-2km),False,False,True
144,2011,1149.7245408635038,Causeway Bay,22.279392,114.182926,0,False,Moderate (1-2km),False,False,True
144,2011,1199.9065212348412,Causeway Bay,22.279392,114.182926,0,False,Moderate (1-2km),False,False,True
144,2011,1191.0118925099996,Causeway Bay,22.279392,114.182926,0,False,Moderate (1-2km),False,False,True
144,2011,1259.8880035413083,Causeway Bay,22.279392,114.182926,0,False,Moderate (1-2km),False,False,True
149,2011,1678.2631221514407,Causeway Bay,22.279392,114.182926,0,False,Moderate (1-2km),False,False,True
149,2011,1707.760367785758,Causeway Bay,22.279392,114.182926,0,False,Moderate (1-2km),False,False,True
149,2011,1740.822395829546,Causeway Bay,22.279392,114.182926,0,False,Moderate (1-2km),False,False,True
149,2011,1380.2744777289226,Tin Hau,22.2827,114.1917,0,False,Moderate (1-2km),False,False,True
149,2011,1292.1246371113343,Tin Hau,22.2827,114.1917,0,False,Moderate (1-2km),False,True,True
151,2011,427.7251808039471,Fortress Hill,22.2881,114.1936,0,False,Very Close (<500m),True,True,True
151,2011,251.6961801915233,Fortress Hill,22.2881,114.1936,0,False,Very Close (<500m),True,True,True
151,2011,170.87805904598176,Fortress Hill,22.2881,114.1936,0,False,Very Close (<500m),True,True,True
151,2011,127.72155334296174,Fortress Hill,22.2881,114.1936,0,False,Very Close (<500m),True,True,True
151,2011,399.9686277724461,Fortress Hill,22.2881,114.1936,0,False,Very Close (<500m),True,True,True
151,2011,323.7317578409619,Fortress Hill,22.2881,114.1936,0,False,Very Close (<500m),True,True,True
154,2011,300.8206643196889,Quarry Bay,22.2878,114.2096,0,False,Very Close (<500m),True,True,True
153,2011,324.38051532147045,Fortress Hill,22.2881,114.1936,0,False,Very Close (<500m),True,True,True
153,2011,325.61146611536776,North Point,22.2909,114.2007,0,False,Very Close (<500m),True,True,True
153,2011,152.20371885707416,North Point,22.2909,114.2007,0,False,Very Close (<500m),True,True,True
153,2011,70.95382048176317,North Point,22.2909,114.2007,0,False,Very Close (<500m),True,True,True
153,2011,166.005479193328,North Point,22.2909,114.2007,0,False,Very Close (<500m),True,True,True
153,2011,111.39364650189137,North Point,22.2909,114.2007,0,False,Very Close (<500m),True,True,True
161,2011,344.84116119942996,Sai Wan Ho,22.2816,114.2224,0,False,Very Close (<500m),True,True,True
161,2011,278.6010350852016,Sai Wan Ho,22.2816,114.2224,0,False,Very Close (<500m),True,True,True
161,2011,222.3537306917272,Sai Wan Ho,22.2816,114.2224,0,False,Very Close (<500m),True,True,True
161,2011,165.28160931351317,Sai Wan Ho,22.2816,114.2224,0,False,Very Close (<500m),True,True,True
161,2011,104.54980798788407,Sai Wan Ho,22.2816,114.2224,0,False,Very Close (<500m),True,True,True
161,2011,45.28299571398653,Sai Wan Ho,22.2816,114.2224,0,False,Very Close (<500m),True,True,True
161,2011,60.31604137574912,Sai Wan Ho,22.2816,114.2224,0,False,Very Close (<500m),True,True,True
161,2011,118.34891594453892,Sai Wan Ho,22.2816,114.2224,0,False,Very Close (<500m),True,True,True
162,2011,69.30854538090891,Heng Fa Chuen,22.2769,114.2398,1,True,Very Close (<500m),True,True,True
154,2011,353.8919399429452,Quarry Bay,22.2878,114.2096,0,False,Very Close (<500m),True,True,True
153,2011,316.32642955785514,Fortress Hill,22.2881,114.1936,0,False,Very Close (<500m),True,True,True
153,2011,398.0584100648678,North Point,22.2909,114.2007,0,False,Very Close (<500m),True,True,True
153,2011,397.30383367403635,Fortress Hill,22.2881,114.1936,0,False,Very Close (<500m),True,True,True
153,2011,347.4521268688433,North Point,22.2909,114.2007,0,False,Very Close (<500m),True,True,True
153,2011,291.8999648547932,North Point,22.2909,114.2007,0,False,Very Close (<500m),True,True,True
153,2011,383.36639134558186,Fortress Hill,22.2881,114.1936,0,False,Very Close (<500m),True,True,True
153,2011,199.9385482830546,North Point,22.2909,114.2007,0,False,Very Close (<500m),True,True,True
153,2011,263.4283866397938,North Point,22.2909,114.2007,0,False,Very Close (<500m),True,True,True
153,2011,327.08017825770554,Fortress Hill,22.2881,114.1936,0,False,Very Close (<500m),True,True,True
147,2011,298.08212971671594,Tin Hau,22.2827,114.1917,0,False,Very Close (<500m),True,True,True
147,2011,376.61255247720686,Causeway Bay,22.279392,114.182926,0,False,Very Close (<500m),True,True,True
147,2011,514.0430750361514,Causeway Bay,22.279392,114.182926,0,False,Close (500-1000m),True,True,True
148,2011,550.2474500487502,Tin Hau,22.2827,114.1917,0,False,Close (500-1000m),True,True,True
148,2011,601.4164808281122,Tin Hau,22.2827,114.1917,0,False,Close (500-1000m),True,True,True
148,2011,355.24348654885364,Tin Hau,22.2827,114.1917,0,False,Very Close (<500m),True,True,True
156,2011,389.94947937419295,Tai Koo,22.2846,114.2161,0,False,Very Close (<500m),True,True,True
156,2011,300.86138781108076,Tai Koo,22.2846,114.2161,0,False,Very Close (<500m),True,True,True
156,2011,181.63890048294084,Tai Koo,22.2846,114.2161,0,False,Very Close (<500m),True,True,True
156,2011,65.864164361343,Tai Koo,22.2846,114.2161,0,False,Very Close (<500m),True,True,True
149,2011,1366.9065128058614,Causeway Bay,22.279392,114.182926,0,False,Moderate (1-2km),False,False,True
149,2011,1408.6065259883383,Causeway Bay,22.279392,114.182926,0,False,Moderate (1-2km),False,False,True
149,2011,1508.5907734436778,Tin Hau,22.2827,114.1917,0,False,Moderate (1-2km),False,False,True
149,2011,1458.1270221706745,Tin Hau,22.2827,114.1917,0,False,Moderate (1-2km),False,False,True
149,2011,1478.3628748300891,Causeway Bay,22.279392,114.182926,0,False,Moderate (1-2km),False,False,True
149,2011,1519.1837646761492,Causeway Bay,22.279392,114.182926,0,False,Moderate (1-2km),False,False,True
149,2011,1571.3159196801423,Causeway Bay,22.279392,114.182926,0,False,Moderate (1-2km),False,False,True
149,2011,1666.3523741883814,Causeway Bay,22.279392,114.182926,0,False,Moderate (1-2km),False,False,True
149,2011,1575.2410390572159,Tin Hau,22.2827,114.1917,0,False,Moderate (1-2km),False,False,True
149,2011,1558.0316850974555,Tin Hau,22.2827,114.1917,0,False,Moderate (1-2km),False,False,True
149,2011,1548.1592358326504,Causeway Bay,22.279392,114.182926,0,False,Moderate (1-2km),False,False,True
149,2011,1654.4367500230649,Causeway Bay,22.279392,114.182926,0,False,Moderate (1-2km),False,False,True
151,2011,85.48784005220409,Fortress Hill,22.2881,114.1936,1,True,Very Close (<500m),True,True,True
151,2011,282.30208994015567,Fortress Hill,22.2881,114.1936,0,False,Very Close (<500m),True,True,True
151,2011,315.4307765988438,Tin Hau,22.2827,114.1917,0,False,Very Close (<500m),True,True,True
151,2011,319.3706644756413,Tin Hau,22.2827,114.1917,0,False,Very Close (<500m),True,True,True
151,2011,302.04514272314077,Fortress Hill,22.2881,114.1936,0,False,Very Close (<500m),True,True,True
151,2011,257.6994377300927,Tin Hau,22.2827,114.1917,0,False,Very Close (<500m),True,True,True
161,2011,210.4329171317159,Shau Kei Wan,22.2789,114.2289,0,False,Very Close (<500m),True,True,True
161,2011,195.7083131880317,Shau Kei Wan,22.2789,114.2289,0,False,Very Close (<500m),True,True,True
161,2011,196.71943170168308,Shau Kei Wan,22.2789,114.2289,0,False,Very Close (<500m),True,True,True
161,2011,118.34950528467725,Shau Kei Wan,22.2789,114.2289,0,False,Very Close (<500m),True,True,True
161,2011,69.855828112979,Shau Kei Wan,22.2789,114.2289,0,False,Very Close (<500m),True,True,True
161,2011,141.87205011771894,Shau Kei Wan,22.2789,114.2289,0,False,Very Close (<500m),True,True,True
161,2011,177.33434911280722,Shau Kei Wan,22.2789,114.2289,0,False,Very Close (<500m),True,True,True
161,2011,150.25126656077256,Shau Kei Wan,22.2789,114.2289,0,False,Very Close (<500m),True,True,True
157,2011,485.1801667670948,Sai Wan Ho,22.2816,114.2224,0,False,Very Close (<500m),True,True,True
157,2011,339.7978154045804,Sai Wan Ho,22.2816,114.2224,0,False,Very Close (<500m),True,True,True
157,2011,341.9957374039992,Sai Wan Ho,22.2816,114.2224,0,False,Very Close (<500m),True,True,True
157,2011,222.96401689947976,Sai Wan Ho,22.2816,114.2224,0,False,Very Close (<500m),True,True,True
161,2011,173.52003987207704,Sai Wan Ho,22.2816,114.2224,0,False,Very Close (<500m),True,True,True
161,2011,243.40898377922247,Sai Wan Ho,22.2816,114.2224,0,False,Very Close (<500m),True,True,True
161,2011,333.0937221455324,Sai Wan Ho,22.2816,114.2224,0,False,Very Close (<500m),True,True,True
161,2011,291.548954107587,Sai Wan Ho,22.2816,114.2224,0,False,Very Close (<500m),True,True,True
161,2011,238.03617957371566,Sai Wan Ho,22.2816,114.2224,0,False,Very Close (<500m),True,True,True
161,2011,186.78877834337965,Sai Wan Ho,22.2816,114.2224,0,False,Very Close (<500m),True,True,True
161,2011,127.4433572933646,Sai Wan Ho,22.2816,114.2224,0,False,Very Close (<500m),True,True,True
161,2011,165.27136929627497,Sai Wan Ho,22.2816,114.2224,0,False,Very Close (<500m),True,True,True
161,2011,150.2946162976842,Sai Wan Ho,22.2816,114.2224,0,False,Very Close (<500m),True,True,True
161,2011,85.95498971895941,Sai Wan Ho,22.2816,114.2224,0,False,Very Close (<500m),True,True,True
162,2011,563.1359130386535,Heng Fa Chuen,22.2769,114.2398,0,False,Close (500-1000m),True,True,True
162,2011,434.466122446208,Heng Fa Chuen,22.2769,114.2398,0,False,Very Close (<500m),True,True,True
163,2011,122.33992991011633,Chai Wan,22.2644,114.2368,1,True,Very Close (<500m),True,True,True
163,2011,119.15819346826939,Chai Wan,22.2644,114.2368,0,False,Very Close (<500m),True,True,True
163,2011,174.38741161209595,Chai Wan,22.2644,114.2368,0,False,Very Close (<500m),True,True,True
163,2011,859.4190932071731,Wan Chai,22.264453,114.237044,0,False,Close (500-1000m),False,True,True
163,2011,985.5869057178945,Wan Chai,22.264453,114.237044,0,False,Close (500-1000m),False,True,True
163,2011,464.43870429094204,Chai Wan,22.2644,114.2368,0,False,Very Close (<500m),True,True,True
163,2011,342.0349471197297,Chai Wan,22.2644,114.2368,0,False,Very Close (<500m),True,True,True
163,2011,393.6005987344477,Wan Chai,22.264453,114.237044,0,False,Very Close (<500m),True,True,True
154,2011,431.97691278856746,Quarry Bay,22.2878,114.2096,0,False,Very Close (<500m),True,True,True
154,2011,161.28473561951313,Quarry Bay,22.2878,114.2096,0,False,Very Close (<500m),True,True,True
154,2011,380.4180033847601,Quarry Bay,22.2878,114.2096,0,False,Very Close (<500m),True,True,True
154,2011,473.52755639340194,Quarry Bay,22.2878,114.2096,0,False,Very Close (<500m),True,True,True
155,2011,176.14162164179854,Quarry Bay,22.2878,114.2096,0,False,Very Close (<500m),True,True,True
155,2011,95.51196502137438,Quarry Bay,22.2878,114.2096,0,False,Very Close (<500m),True,True,True
155,2011,165.0145437533945,Quarry Bay,22.2878,114.2096,0,False,Very Close (<500m),True,True,True
155,2011,229.33315657772076,Quarry Bay,22.2878,114.2096,0,False,Very Close (<500m),True,True,True
155,2011,348.81837724694367,Quarry Bay,22.2878,114.2096,0,False,Very Close (<500m),True,True,True
155,2011,316.2815785361072,Tai Koo,22.2846,114.2161,0,False,Very Close (<500m),True,True,True
155,2011,194.56488170522167,Tai Koo,22.2846,114.2161,0,False,Very Close (<500m),True,True,True
155,2011,454.0066205823618,Quarry Bay,22.2878,114.2096,0,False,Very Close (<500m),True,True,True
155,2011,346.8640215771481,Quarry Bay,22.2878,114.2096,0,False,Very Close (<500m),True,True,True
155,2011,301.0822811451907,Quarry Bay,22.2878,114.2096,0,False,Very Close (<500m),True,True,True
155,2011,291.53852526227274,Quarry Bay,22.2878,114.2096,0,False,Very Close (<500m),True,True,True
155,2011,311.45578953117024,Quarry Bay,22.2878,114.2096,0,False,Very Close (<500m),True,True,True
155,2011,213.68106484972455,Quarry Bay,22.2878,114.2096,0,False,Very Close (<500m),True,True,True
155,2011,50.31426401672107,Quarry Bay,22.2878,114.2096,1,True,Very Close (<500m),True,True,True
155,2011,553.1136551251982,Quarry Bay,22.2878,114.2096,0,False,Close (500-1000m),True,True,True
161,2011,525.5141006971364,Shau Kei Wan,22.2789,114.2289,0,False,Close (500-1000m),True,True,True
161,2011,699.4319416381345,Heng Fa Chuen,22.2769,114.2398,0,False,Close (500-1000m),True,True,True
156,2011,246.38426625209974,Tai Koo,22.2846,114.2161,0,False,Very Close (<500m),True,True,True
156,2011,334.46652835430393,Tai Koo,22.2846,114.2161,0,False,Very Close (<500m),True,True,True
156,2011,401.0456838601532,Tai Koo,22.2846,114.2161,0,False,Very Close (<500m),True,True,True
156,2011,475.6934611967847,Tai Koo,22.2846,114.2161,0,False,Very Close (<500m),True,True,True
156,2011,447.98295437875305,Tai Koo,22.2846,114.2161,0,False,Very Close (<500m),True,True,True
156,2011,591.1974203331366,Tai Koo,22.2846,114.2161,0,False,Close (500-1000m),True,True,True
156,2011,416.7963638996157,Tai Koo,22.2846,114.2161,0,False,Very Close (<500m),True,True,True
156,2011,146.68854609851292,Tai Koo,22.2846,114.2161,0,False,Very Close (<500m),True,True,True
156,2011,167.23378652079677,Tai Koo,22.2846,114.2161,1,True,Very Close (<500m),True,True,True
151,2011,352.6979042855361,Fortress Hill,22.2881,114.1936,0,False,Very Close (<500m),True,True,True
151,2011,264.0947093678669,Fortress Hill,22.2881,114.1936,0,False,Very Close (<500m),True,True,True
151,2011,192.44140545113828,Fortress Hill,22.2881,114.1936,0,False,Very Close (<500m),True,True,True
151,2011,110.04523822110676,Fortress Hill,22.2881,114.1936,0,False,Very Close (<500m),True,True,True
151,2011,50.79079094704462,Fortress Hill,22.2881,114.1936,0,False,Very Close (<500m),True,True,True
151,2011,81.16602029168774,Fortress Hill,22.2881,114.1936,0,False,Very Close (<500m),True,True,True
151,2011,144.5214713555477,Fortress Hill,22.2881,114.1936,0,False,Very Close (<500m),True,True,True
151,2011,246.6993894215392,Fortress Hill,22.2881,114.1936,0,False,Very Close (<500m),True,True,True
151,2011,203.79107372842017,Fortress Hill,22.2881,114.1936,0,False,Very Close (<500m),True,True,True
151,2011,249.23074226796572,Fortress Hill,22.2881,114.1936,0,False,Very Close (<500m),True,True,True
157,2011,401.60236629145606,Tai Koo,22.2846,114.2161,0,False,Very Close (<500m),True,True,True
157,2011,535.1536948640123,Tai Koo,22.2846,114.2161,0,False,Close (500-1000m),True,True,True
157,2011,596.0319970450163,Sai Wan Ho,22.2816,114.2224,0,False,Close (500-1000m),False,True,True
157,2011,515.8365325402015,Sai Wan Ho,22.2816,114.2224,0,False,Close (500-1000m),True,True,True
157,2011,484.16619659366563,Sai Wan Ho,22.2816,114.2224,0,False,Very Close (<500m),True,True,True
157,2011,403.6425382825416,Sai Wan Ho,22.2816,114.2224,0,False,Very Close (<500m),True,True,True
172,2011,1673.529344943926,South Horizons,22.2425,114.1491,0,False,Moderate (1-2km),False,False,True
172,2011,1889.123709827805,South Horizons,22.2425,114.1491,0,False,Moderate (1-2km),False,False,True
172,2011,2231.3105919929308,South Horizons,22.2425,114.1491,0,False,Far (>2km),False,False,False
157,2011,367.31730354870626,Tai Koo,22.2846,114.2161,0,False,Very Close (<500m),True,True,True
157,2011,152.60789054568232,Tai Koo,22.2846,114.2161,0,False,Very Close (<500m),True,True,True
157,2011,283.7591302728028,Tai Koo,22.2846,114.2161,0,False,Very Close (<500m),True,True,True
157,2011,243.28640988515696,Tai Koo,22.2846,114.2161,0,False,Very Close (<500m),True,True,True
157,2011,272.3407453893285,Tai Koo,22.2846,114.2161,0,False,Very Close (<500m),True,True,True
157,2011,389.14289095366996,Tai Koo,22.2846,114.2161,0,False,Very Close (<500m),True,True,True
157,2011,504.76167174444004,Tai Koo,22.2846,114.2161,0,False,Close (500-1000m),True,True,True
157,2011,451.05255306760745,Tai Koo,22.2846,114.2161,0,False,Very Close (<500m),True,True,True
161,2011,175.27455510193093,Sai Wan Ho,22.2816,114.2224,0,False,Very Close (<500m),True,True,True
161,2011,260.7140773897197,Sai Wan Ho,22.2816,114.2224,0,False,Very Close (<500m),True,True,True
161,2011,327.26306181360434,Sai Wan Ho,22.2816,114.2224,0,False,Very Close (<500m),True,True,True
161,2011,341.9947744432012,Shau Kei Wan,22.2789,114.2289,0,False,Very Close (<500m),True,True,True
161,2011,297.7974573113112,Shau Kei Wan,22.2789,114.2289,0,False,Very Close (<500m),True,True,True
161,2011,288.7442980355997,Shau Kei Wan,22.2789,114.2289,0,False,Very Close (<500m),True,True,True
161,2011,256.2666385330399,Shau Kei Wan,22.2789,114.2289,0,False,Very Close (<500m),True,True,True
161,2011,269.14599685884053,Shau Kei Wan,22.2789,114.2289,0,False,Very Close (<500m),True,True,True
161,2011,224.7272977356916,Shau Kei Wan,22.2789,114.2289,0,False,Very Close (<500m),True,True,True
161,2011,186.2195479295519,Shau Kei Wan,22.2789,114.2289,0,False,Very Close (<500m),True,True,True
161,2011,248.46915917636463,Shau Kei Wan,22.2789,114.2289,0,False,Very Close (<500m),True,True,True
161,2011,313.7364970102933,Shau Kei Wan,22.2789,114.2289,0,False,Very Close (<500m),True,True,True
161,2011,368.18388500060223,Shau Kei Wan,22.2789,114.2289,0,False,Very Close (<500m),True,True,True
161,2011,437.35460856965045,Shau Kei Wan,22.2789,114.2289,0,False,Very Close (<500m),True,True,True
161,2011,535.8357380846949,Shau Kei Wan,22.2789,114.2289,0,False,Close (500-1000m),True,True,True
161,2011,252.99226257861767,Sai Wan Ho,22.2816,114.2224,0,False,Very Close (<500m),True,True,True
161,2011,227.93851678233656,Sai Wan Ho,22.2816,114.2224,0,False,Very Close (<500m),True,True,True
161,2011,311.1434664845832,Sai Wan Ho,22.2816,114.2224,0,False,Very Close (<500m),True,True,True
161,2011,194.06864381209738,Shau Kei Wan,22.2789,114.2289,0,False,Very Close (<500m),True,True,True
161,2011,7.139851339170001,Shau Kei Wan,22.2789,114.2289,1,True,Very Close (<500m),True,True,True
161,2011,250.9417419945216,Shau Kei Wan,22.2789,114.2289,0,False,Very Close (<500m),True,True,True
161,2011,491.5896705760729,Shau Kei Wan,22.2789,114.2289,0,False,Very Close (<500m),True,True,True
161,2011,536.1034419598146,Shau Kei Wan,22.2789,114.2289,0,False,Close (500-1000m),True,True,True
161,2011,489.3458696869064,Shau Kei Wan,22.2789,114.2289,0,False,Very Close (<500m),True,True,True
161,2011,609.47153282041,Shau Kei Wan,22.2789,114.2289,0,False,Close (500-1000m),False,True,True
161,2011,428.63497133383686,Shau Kei Wan,22.2789,114.2289,0,False,Very Close (<500m),True,True,True
161,2011,472.86397356559314,Shau Kei Wan,22.2789,114.2289,0,False,Very Close (<500m),True,True,True
163,2011,185.51969026429825,Chai Wan,22.2644,114.2368,0,False,Very Close (<500m),True,True,True
163,2011,293.7193388329608,Chai Wan,22.2644,114.2368,0,False,Very Close (<500m),True,True,True
161,2011,504.61022696846925,Shau Kei Wan,22.2789,114.2289,0,False,Close (500-1000m),True,True,True
161,2011,466.89599834286105,Shau Kei Wan,22.2789,114.2289,0,False,Very Close (<500m),True,True,True
161,2011,212.76868061798828,Sai Wan Ho,22.2816,114.2224,0,False,Very Close (<500m),True,True,True
161,2011,312.92144157193684,Sai Wan Ho,22.2816,114.2224,0,False,Very Close (<500m),True,True,True
161,2011,345.0286279602782,Shau Kei Wan,22.2789,114.2289,0,False,Very Close (<500m),True,True,True
161,2011,293.5587589203034,Shau Kei Wan,22.2789,114.2289,0,False,Very Close (<500m),True,True,True
161,2011,120.37858024240784,Shau Kei Wan,22.2789,114.2289,0,False,Very Close (<500m),True,True,True
161,2011,326.35143551034105,Sai Wan Ho,22.2816,114.2224,0,False,Very Close (<500m),True,True,True
161,2011,459.3556061557732,Shau Kei Wan,22.2789,114.2289,0,False,Very Close (<500m),True,True,True
161,2011,412.7286800720571,Shau Kei Wan,22.2789,114.2289,0,False,Very Close (<500m),True,True,True
161,2011,233.82566406097098,Shau Kei Wan,22.2789,114.2289,0,False,Very Close (<500m),True,True,True
156,2011,1019.9809486802534,Tai Koo,22.2846,114.2161,0,False,Moderate (1-2km),True,True,True
157,2011,360.172286660276,Sai Wan Ho,22.2816,114.2224,0,False,Very Close (<500m),True,True,True
157,2011,247.21187425260206,Sai Wan Ho,22.2816,114.2224,0,False,Very Close (<500m),True,True,True
157,2011,254.489436027299,Sai Wan Ho,22.2816,114.2224,0,False,Very Close (<500m),True,True,True
157,2011,406.99369480708623,Quarry Bay,22.2878,114.2096,0,False,Very Close (<500m),True,True,True
172,2011,1300.3999153164762,South Horizons,22.2425,114.1491,0,False,Moderate (1-2km),False,False,True
172,2011,1612.8449002598475,South Horizons,22.2425,114.1491,0,False,Moderate (1-2km),False,False,True
165,2011,652.9957188781189,Chai Wan,22.2644,114.2368,0,False,Close (500-1000m),False,True,True
165,2011,598.0910700755044,Wan Chai,22.264453,114.237044,0,False,Close (500-1000m),True,True,True
165,2011,912.6140817308049,Wan Chai,22.264453,114.237044,0,False,Close (500-1000m),False,True,True
165,2011,757.3396968009567,Chai Wan,22.2644,114.2368,0,False,Close (500-1000m),True,True,True
165,2011,688.7870549674034,Chai Wan,22.2644,114.2368,0,False,Close (500-1000m),True,True,True
165,2011,383.2542005768379,Wan Chai,22.264453,114.237044,0,False,Very Close (<500m),True,True,True
166,2011,355.67494935645277,Tai Koo,22.2846,114.2161,0,False,Very Close (<500m),True,True,True
173,2011,993.0651758742861,South Horizons,22.2425,114.1491,0,False,Close (500-1000m),False,True,True
173,2011,797.2336801525939,South Horizons,22.2425,114.1491,0,False,Close (500-1000m),False,True,True
173,2011,787.8826001143776,South Horizons,22.2425,114.1491,0,False,Close (500-1000m),False,True,True
173,2011,732.863674977158,South Horizons,22.2425,114.1491,0,False,Close (500-1000m),False,True,True
173,2011,930.3465267851353,Lei Tung,22.2421,114.1562,0,False,Close (500-1000m),False,True,True
157,2011,340.4470701902489,Tai Koo,22.2846,114.2161,0,False,Very Close (<500m),True,True,True
158,2011,1803.8598108194467,Sai Wan Ho,22.2816,114.2224,0,False,Moderate (1-2km),True,True,True
161,2011,137.69868402763328,Sai Wan Ho,22.2816,114.2224,0,False,Very Close (<500m),True,True,True
161,2011,67.82553282780599,Sai Wan Ho,22.2816,114.2224,1,True,Very Close (<500m),True,True,True
161,2011,50.18942340216152,Sai Wan Ho,22.2816,114.2224,0,False,Very Close (<500m),True,True,True
161,2011,138.0084069680124,Sai Wan Ho,22.2816,114.2224,0,False,Very Close (<500m),True,True,True
161,2011,229.8645386319949,Sai Wan Ho,22.2816,114.2224,0,False,Very Close (<500m),True,True,True
161,2011,295.1883796122617,Sai Wan Ho,22.2816,114.2224,0,False,Very Close (<500m),True,True,True
161,2011,335.00404504187526,Shau Kei Wan,22.2789,114.2289,0,False,Very Close (<500m),True,True,True
161,2011,299.2892303468038,Shau Kei Wan,22.2789,114.2289,0,False,Very Close (<500m),True,True,True
161,2011,241.4908495002756,Shau Kei Wan,22.2789,114.2289,0,False,Very Close (<500m),True,True,True
166,2011,331.61490852494603,Shau Kei Wan,22.2789,114.2289,0,False,Very Close (<500m),True,True,True
167,2011,1388.2805822521711,Wan Chai,22.264453,114.237044,0,False,Moderate (1-2km),False,False,True
167,2011,1208.7968701280035,Wan Chai,22.264453,114.237044,0,False,Moderate (1-2km),False,False,True
167,2011,1341.234302865205,Wan Chai,22.264453,114.237044,0,False,Moderate (1-2km),False,False,True
167,2011,1435.6663143801886,Wan Chai,22.264453,114.237044,0,False,Moderate (1-2km),False,False,True
167,2011,1568.1533314881433,Wan Chai,22.264453,114.237044,0,False,Moderate (1-2km),False,False,True
167,2011,1305.0640070299428,Wan Chai,22.264453,114.237044,0,False,Moderate (1-2km),False,False,True
167,2011,1055.1489662026825,Wan Chai,22.264453,114.237044,0,False,Moderate (1-2km),False,True,True
167,2011,1205.062777948062,Wan Chai,22.264453,114.237044,0,False,Moderate (1-2km),False,False,True
163,2011,252.5117412995044,Wan Chai,22.264453,114.237044,0,False,Very Close (<500m),True,True,True
163,2011,31.92931170587536,Wan Chai,22.264453,114.237044,1,True,Very Close (<500m),True,True,True
163,2011,609.7514758757546,Wan Chai,22.264453,114.237044,0,False,Close (500-1000m),False,True,True
163,2011,282.4793568535855,Wan Chai,22.264453,114.237044,0,False,Very Close (<500m),True,True,True
163,2011,338.57387392364933,Wan Chai,22.264453,114.237044,0,False,Very Close (<500m),True,True,True
163,2011,500.00247630422797,Wan Chai,22.264453,114.237044,0,False,Close (500-1000m),True,True,True
163,2011,351.37334216190334,Chai Wan,22.2644,114.2368,0,False,Very Close (<500m),True,True,True
163,2011,488.074646405191,Heng Fa Chuen,22.2769,114.2398,0,False,Very Close (<500m),True,True,True
163,2011,600.057869458982,Heng Fa Chuen,22.2769,114.2398,0,False,Close (500-1000m),False,True,True
163,2011,790.1296248629229,Heng Fa Chuen,22.2769,114.2398,0,False,Close (500-1000m),True,True,True
163,2011,701.1070047979047,Wan Chai,22.264453,114.237044,0,False,Close (500-1000m),False,True,True
163,2011,880.8692145156886,Wan Chai,22.264453,114.237044,0,False,Close (500-1000m),False,True,True
163,2011,1072.512405600771,Wan Chai,22.264453,114.237044,0,False,Moderate (1-2km),False,False,True
163,2011,505.6772435621555,Wan Chai,22.264453,114.237044,0,False,Close (500-1000m),True,True,True
163,2011,203.3199652191232,Wan Chai,22.264453,114.237044,0,False,Very Close (<500m),True,True,True
171,2011,1326.7720382128593,Kennedy Town,22.2812,114.1285,0,False,Moderate (1-2km),False,False,True
163,2011,186.67272676825948,Wan Chai,22.264453,114.237044,0,False,Very Close (<500m),True,True,True
164,2011,901.0537254804493,Chai Wan,22.2644,114.2368,0,False,Close (500-1000m),True,True,True
164,2011,804.5739181296804,Shau Kei Wan,22.2789,114.2289,0,False,Close (500-1000m),False,True,True
165,2011,216.87813555519023,Chai Wan,22.2644,114.2368,0,False,Very Close (<500m),True,True,True
165,2011,347.43353463087504,Chai Wan,22.2644,114.2368,0,False,Very Close (<500m),True,True,True
166,2011,630.2764341228703,Sai Wan Ho,22.2816,114.2224,0,False,Close (500-1000m),True,True,True
166,2011,328.727859966889,Sai Wan Ho,22.2816,114.2224,0,False,Very Close (<500m),True,True,True
166,2011,416.7867285070176,Sai Wan Ho,22.2816,114.2224,0,False,Very Close (<500m),True,True,True
166,2011,410.17679448866613,Sai Wan Ho,22.2816,114.2224,0,False,Very Close (<500m),True,True,True
166,2011,449.3958690565147,Shau Kei Wan,22.2789,114.2289,0,False,Very Close (<500m),True,True,True
172,2011,1859.406712674678,South Horizons,22.2425,114.1491,0,False,Moderate (1-2km),False,False,True
172,2011,1835.276130851462,South Horizons,22.2425,114.1491,0,False,Moderate (1-2km),False,False,True
165,2011,383.5604199008601,Chai Wan,22.2644,114.2368,0,False,Very Close (<500m),True,True,True
165,2011,479.5087624338255,Chai Wan,22.2644,114.2368,0,False,Very Close (<500m),True,True,True
175,2011,296.5006661335723,Wong Chuk Hang,22.248,114.1681,0,False,Very Close (<500m),True,True,True
175,2011,208.30468220964173,Wong Chuk Hang,22.248,114.1681,0,False,Very Close (<500m),True,True,True
175,2011,494.1855862064803,Wong Chuk Hang,22.248,114.1681,0,False,Very Close (<500m),True,True,True
175,2011,672.2602754338444,Wong Chuk Hang,22.248,114.1681,0,False,Close (500-1000m),False,True,True
175,2011,349.76649969576215,Wong Chuk Hang,22.248,114.1681,0,False,Very Close (<500m),True,True,True
174,2011,203.16543486170738,South Horizons,22.2425,114.1491,0,False,Very Close (<500m),True,True,True
173,2011,933.7007977003556,Lei Tung,22.2421,114.1562,0,False,Close (500-1000m),False,True,True
173,2011,869.4136595411461,Lei Tung,22.2421,114.1562,0,False,Close (500-1000m),False,True,True
173,2011,840.8161395112126,Lei Tung,22.2421,114.1562,0,False,Close (500-1000m),False,True,True
173,2011,831.5020896083648,Lei Tung,22.2421,114.1562,0,False,Close (500-1000m),False,True,True
173,2011,1033.0191092217494,Lei Tung,22.2421,114.1562,0,False,Moderate (1-2km),False,True,True
173,2011,875.3218419529821,Wong Chuk Hang,22.248,114.1681,0,False,Close (500-1000m),False,True,True
173,2011,844.4722676651752,Lei Tung,22.2421,114.1562,0,False,Close (500-1000m),False,True,True
173,2011,802.5479538543821,Lei Tung,22.2421,114.1562,0,False,Close (500-1000m),False,True,True
173,2011,665.3226610883861,Lei Tung,22.2421,114.1562,0,False,Close (500-1000m),False,True,True
173,2011,680.5934908736608,Lei Tung,22.2421,114.1562,0,False,Close (500-1000m),False,True,True
173,2011,626.7369717477262,Lei Tung,22.2421,114.1562,0,False,Close (500-1000m),False,True,True
173,2011,561.9587788369092,Lei Tung,22.2421,114.1562,0,False,Close (500-1000m),False,True,True
173,2011,618.0912980401807,Lei Tung,22.2421,114.1562,0,False,Close (500-1000m),False,True,True
173,2011,710.4217838903817,Lei Tung,22.2421,114.1562,0,False,Close (500-1000m),False,True,True
173,2011,722.5354237298775,Wong Chuk Hang,22.248,114.1681,0,False,Close (500-1000m),False,True,True
173,2011,779.4015509491052,South Horizons,22.2425,114.1491,0,False,Close (500-1000m),False,True,True
173,2011,630.6621964484598,South Horizons,22.2425,114.1491,0,False,Close (500-1000m),False,True,True
173,2011,655.3745750813828,South Horizons,22.2425,114.1491,0,False,Close (500-1000m),False,True,True
173,2011,732.9907832179618,South Horizons,22.2425,114.1491,0,False,Close (500-1000m),False,True,True
173,2011,760.2225668093694,Lei Tung,22.2421,114.1562,0,False,Close (500-1000m),False,True,True
173,2011,815.2020734247791,Lei Tung,22.2421,114.1562,0,False,Close (500-1000m),False,True,True
173,2011,776.7700388557366,Lei Tung,22.2421,114.1562,0,False,Close (500-1000m),False,True,True
167,2011,1516.3792440381956,Wan Chai,22.264453,114.237044,0,False,Moderate (1-2km),False,True,True
167,2011,2302.098951018722,Wan Chai,22.264453,114.237044,0,False,Far (>2km),False,False,False
171,2011,816.9214279897129,Kennedy Town,22.2812,114.1285,0,False,Close (500-1000m),False,True,True
171,2011,915.7751852163814,Kennedy Town,22.2812,114.1285,0,False,Close (500-1000m),False,True,True
171,2011,1440.7859874608152,Kennedy Town,22.2812,114.1285,0,False,Moderate (1-2km),False,True,True
171,2011,1636.360423503163,Kennedy Town,22.2812,114.1285,0,False,Moderate (1-2km),False,False,True
171,2011,1918.4602248974268,Kennedy Town,22.2812,114.1285,0,False,Moderate (1-2km),False,False,True
171,2011,1247.159467999182,Kennedy Town,22.2812,114.1285,0,False,Moderate (1-2km),False,False,True
171,2011,1152.075859106957,Kennedy Town,22.2812,114.1285,0,False,Moderate (1-2km),False,False,True
171,2011,1223.3353624731772,Kennedy Town,22.2812,114.1285,0,False,Moderate (1-2km),False,False,True
171,2011,1093.4207179417901,Kennedy Town,22.2812,114.1285,0,False,Moderate (1-2km),False,True,True
171,2011,1124.8654342067027,Kennedy Town,22.2812,114.1285,0,False,Moderate (1-2km),False,False,True
171,2011,1247.2621066875367,Kennedy Town,22.2812,114.1285,0,False,Moderate (1-2km),False,False,True
165,2011,290.917005097445,Wan Chai,22.264453,114.237044,0,False,Very Close (<500m),True,True,True
165,2011,588.4627643995865,Wan Chai,22.264453,114.237044,0,False,Close (500-1000m),True,True,True
165,2011,427.5056025996101,Chai Wan,22.2644,114.2368,0,False,Very Close (<500m),True,True,True
175,2011,626.0753776535951,Ocean Park,22.2486,114.1743,0,False,Close (500-1000m),True,True,True
175,2011,360.230977750336,Ocean Park,22.2486,114.1743,0,False,Very Close (<500m),True,True,True
190,2011,1339.595129116817,Tin Hau,22.2827,114.1917,0,False,Moderate (1-2km),False,False,True
191,2011,966.497727363526,Ocean Park,22.2486,114.1743,0,False,Close (500-1000m),False,True,True
191,2011,759.7149901985871,Ocean Park,22.2486,114.1743,0,False,Close (500-1000m),False,True,True
191,2011,1516.1512038906899,Ocean Park,22.2486,114.1743,0,False,Moderate (1-2km),False,True,True
166,2011,291.40967014518594,Tai Koo,22.2846,114.2161,0,False,Very Close (<500m),True,True,True
171,2011,2215.7861593164635,Kennedy Town,22.2812,114.1285,0,False,Far (>2km),False,False,False
171,2011,2168.04161148322,South Horizons,22.2425,114.1491,0,False,Far (>2km),False,False,True
171,2011,2409.291862830165,Kennedy Town,22.2812,114.1285,0,False,Far (>2km),False,False,False
171,2011,2141.5045188924864,Kennedy Town,22.2812,114.1285,0,False,Far (>2km),False,False,True
171,2011,2223.7893618756348,South Horizons,22.2425,114.1491,0,False,Far (>2km),False,False,True
171,2011,1136.4542532454063,Kennedy Town,22.2812,114.1285,0,False,Moderate (1-2km),False,True,True
171,2011,1524.8167542027988,Kennedy Town,22.2812,114.1285,0,False,Moderate (1-2km),False,False,True
172,2011,2370.5895059585628,Kennedy Town,22.2812,114.1285,0,False,Far (>2km),False,False,True
171,2011,1244.3417422049447,Kennedy Town,22.2812,114.1285,0,False,Moderate (1-2km),False,False,True
171,2011,1109.578627257501,Kennedy Town,22.2812,114.1285,0,False,Moderate (1-2km),False,True,True
171,2011,1227.1245475403368,Kennedy Town,22.2812,114.1285,0,False,Moderate (1-2km),False,False,True
171,2011,1284.8811129912565,Kennedy Town,22.2812,114.1285,0,False,Moderate (1-2km),False,False,True
171,2011,1293.076236947758,Kennedy Town,22.2812,114.1285,0,False,Moderate (1-2km),False,False,True
171,2011,1356.2435918854976,Kennedy Town,22.2812,114.1285,0,False,Moderate (1-2km),False,False,True
171,2011,1380.9549402352702,Kennedy Town,22.2812,114.1285,0,False,Moderate (1-2km),False,False,True
171,2011,1291.9834275659507,Kennedy Town,22.2812,114.1285,0,False,Moderate (1-2km),False,False,True
171,2011,1540.3262794361754,Kennedy Town,22.2812,114.1285,0,False,Moderate (1-2km),False,False,True
171,2011,1539.644148451041,Kennedy Town,22.2812,114.1285,0,False,Moderate (1-2km),False,False,True
171,2011,1495.1098681081362,Kennedy Town,22.2812,114.1285,0,False,Moderate (1-2km),False,False,True
171,2011,1617.064803454314,Kennedy Town,22.2812,114.1285,0,False,Moderate (1-2km),False,False,True
171,2011,1825.939499362633,Kennedy Town,22.2812,114.1285,0,False,Moderate (1-2km),False,False,True
171,2011,1900.9549473646848,Kennedy Town,22.2812,114.1285,0,False,Moderate (1-2km),False,False,True
171,2011,1835.6657800645175,Kennedy Town,22.2812,114.1285,0,False,Moderate (1-2km),False,False,True
171,2011,1860.1815901970579,Kennedy Town,22.2812,114.1285,0,False,Moderate (1-2km),False,False,True
171,2011,1732.7640044910586,Kennedy Town,22.2812,114.1285,0,False,Moderate (1-2km),False,False,True
174,2011,52.32569111620191,Lei Tung,22.2421,114.1562,1,True,Very Close (<500m),True,True,True
174,2011,383.51261010831524,Lei Tung,22.2421,114.1562,0,False,Very Close (<500m),True,True,True
174,2011,228.3107668654247,South Horizons,22.2425,114.1491,0,False,Very Close (<500m),True,True,True
174,2011,119.34127948654441,South Horizons,22.2425,114.1491,1,True,Very Close (<500m),True,True,True
175,2011,637.2075581311278,Wong Chuk Hang,22.248,114.1681,0,False,Close (500-1000m),True,True,True
190,2011,1794.8511644368368,Causeway Bay,22.279392,114.182926,0,False,Moderate (1-2km),False,False,True
190,2011,1934.4444043937688,Causeway Bay,22.279392,114.182926,0,False,Moderate (1-2km),False,False,True
190,2011,1800.9492945958373,Causeway Bay,22.279392,114.182926,0,False,Moderate (1-2km),False,False,True
190,2011,1923.0939640026727,Tin Hau,22.2827,114.1917,0,False,Moderate (1-2km),False,False,True
190,2011,1671.7349177337353,Tin Hau,22.2827,114.1917,0,False,Moderate (1-2km),False,False,True
182,2011,1667.8104055423219,Admiralty,22.278399,114.16433,0,False,Moderate (1-2km),False,False,True
182,2011,1653.875105429694,Admiralty,22.278399,114.16433,0,False,Moderate (1-2km),False,False,True
182,2011,1462.7017983223654,Admiralty,22.278399,114.16433,0,False,Moderate (1-2km),False,False,True
174,2011,273.2141171356957,South Horizons,22.2425,114.1491,0,False,Very Close (<500m),True,True,True
174,2011,400.1609417378677,South Horizons,22.2425,114.1491,0,False,Very Close (<500m),True,True,True
174,2011,399.1306315814268,Lei Tung,22.2421,114.1562,0,False,Very Close (<500m),True,True,True
174,2011,332.9606575424073,Lei Tung,22.2421,114.1562,0,False,Very Close (<500m),True,True,True
174,2011,359.20913297535697,Lei Tung,22.2421,114.1562,0,False,Very Close (<500m),True,True,True
174,2011,187.5566249980528,Lei Tung,22.2421,114.1562,0,False,Very Close (<500m),True,True,True
174,2011,286.4412549466757,Lei Tung,22.2421,114.1562,0,False,Very Close (<500m),True,True,True
174,2011,330.58999752707086,Lei Tung,22.2421,114.1562,0,False,Very Close (<500m),True,True,True
174,2011,267.12862580635283,Lei Tung,22.2421,114.1562,0,False,Very Close (<500m),True,True,True
174,2011,208.34386142618342,Lei Tung,22.2421,114.1562,0,False,Very Close (<500m),True,True,True
174,2011,218.47818432318508,Lei Tung,22.2421,114.1562,0,False,Very Close (<500m),True,True,True
174,2011,260.5398136793569,Lei Tung,22.2421,114.1562,0,False,Very Close (<500m),True,True,True
174,2011,308.6011379983505,Lei Tung,22.2421,114.1562,0,False,Very Close (<500m),True,True,True
174,2011,288.9459358729298,Lei Tung,22.2421,114.1562,0,False,Very Close (<500m),True,True,True
174,2011,243.60935577152642,Lei Tung,22.2421,114.1562,0,False,Very Close (<500m),True,True,True
174,2011,219.89710662078127,Lei Tung,22.2421,114.1562,0,False,Very Close (<500m),True,True,True
174,2011,275.344286633879,Lei Tung,22.2421,114.1562,0,False,Very Close (<500m),True,True,True
174,2011,369.684057537136,Lei Tung,22.2421,114.1562,0,False,Very Close (<500m),True,True,True
174,2011,634.5892677637908,South Horizons,22.2425,114.1491,0,False,Close (500-1000m),False,True,True
174,2011,341.0863610741912,Lei Tung,22.2421,114.1562,0,False,Very Close (<500m),True,True,True
173,2011,774.1766663517325,Lei Tung,22.2421,114.1562,0,False,Close (500-1000m),False,True,True
173,2011,717.7177637423188,Lei Tung,22.2421,114.1562,0,False,Close (500-1000m),False,True,True
173,2011,714.2287868848107,Lei Tung,22.2421,114.1562,0,False,Close (500-1000m),False,True,True
173,2011,655.2304502348763,Lei Tung,22.2421,114.1562,0,False,Close (500-1000m),False,True,True
173,2011,651.2088975686887,Lei Tung,22.2421,114.1562,0,False,Close (500-1000m),False,True,True
173,2011,690.1091570950018,Lei Tung,22.2421,114.1562,0,False,Close (500-1000m),False,True,True
173,2011,983.4820763540391,South Horizons,22.2425,114.1491,0,False,Close (500-1000m),False,True,True
173,2011,858.3224374810658,South Horizons,22.2425,114.1491,0,False,Close (500-1000m),False,True,True
173,2011,879.0668111803557,South Horizons,22.2425,114.1491,0,False,Close (500-1000m),False,True,True
173,2011,864.6523133807316,South Horizons,22.2425,114.1491,0,False,Close (500-1000m),False,True,True
173,2011,802.0187122183154,South Horizons,22.2425,114.1491,0,False,Close (500-1000m),False,True,True
173,2011,798.7515620174704,South Horizons,22.2425,114.1491,0,False,Close (500-1000m),False,True,True
173,2011,758.8730126636158,South Horizons,22.2425,114.1491,0,False,Close (500-1000m),False,True,True
173,2011,707.4445361772076,South Horizons,22.2425,114.1491,0,False,Close (500-1000m),False,True,True
173,2011,679.5968794057449,South Horizons,22.2425,114.1491,0,False,Close (500-1000m),False,True,True
173,2011,1306.0873933249393,Lei Tung,22.2421,114.1562,0,False,Moderate (1-2km),False,True,True
173,2011,796.495045426215,South Horizons,22.2425,114.1491,0,False,Close (500-1000m),False,True,True
173,2011,588.1891978931837,Lei Tung,22.2421,114.1562,0,False,Close (500-1000m),False,True,True
173,2011,974.0489431358641,Lei Tung,22.2421,114.1562,0,False,Close (500-1000m),False,True,True
174,2011,444.42501537057166,South Horizons,22.2425,114.1491,0,False,Very Close (<500m),True,True,True
174,2011,472.0858622214047,Lei Tung,22.2421,114.1562,0,False,Very Close (<500m),True,True,True
174,2011,524.107105198124,Lei Tung,22.2421,114.1562,0,False,Close (500-1000m),True,True,True
174,2011,541.8688501457024,Lei Tung,22.2421,114.1562,0,False,Close (500-1000m),True,True,True
171,2011,1762.8462348084593,Kennedy Town,22.2812,114.1285,0,False,Moderate (1-2km),False,False,True
171,2011,1978.6861978850402,Kennedy Town,22.2812,114.1285,0,False,Moderate (1-2km),False,False,True
171,2011,1998.0234974565744,Kennedy Town,22.2812,114.1285,0,False,Moderate (1-2km),False,False,True
175,2011,714.2632846848667,Ocean Park,22.2486,114.1743,0,False,Close (500-1000m),False,True,True
176,2011,351.31524912289615,Ocean Park,22.2486,114.1743,0,False,Very Close (<500m),True,True,True
176,2011,594.0837279529228,Ocean Park,22.2486,114.1743,0,False,Close (500-1000m),True,True,True
176,2011,390.7309194382959,Hong Kong station,22.234767,114.170817,1,True,Very Close (<500m),True,True,True
181,2011,1104.8006477335489,Sai Ying Pun,22.2856,114.1427,0,False,Moderate (1-2km),False,True,True
184,2011,1376.2841483922236,Causeway Bay,22.279392,114.182926,0,False,Moderate (1-2km),False,False,True
190,2011,1771.4954009215744,Causeway Bay,22.279392,114.182926,0,False,Moderate (1-2km),False,False,True
190,2011,1751.1529445944445,Tin Hau,22.2827,114.1917,0,False,Moderate (1-2km),False,False,True
182,2011,1182.6927640110418,Admiralty,22.278399,114.16433,0,False,Moderate (1-2km),False,True,True
182,2011,1090.8188332894279,Admiralty,22.278399,114.16433,0,False,Moderate (1-2km),False,True,True
182,2011,1682.0521249963408,Central,22.281938,114.158077,0,False,Moderate (1-2km),False,False,True
284,2011,311.4370511794881,Diamond Hill,22.339189,114.202382,0,False,Very Close (<500m),True,True,True
284,2011,674.8213408976003,Wong Tai Sin,22.341839,114.192124,0,False,Close (500-1000m),False,True,True
284,2011,734.0805819350632,Wong Tai Sin,22.341839,114.192124,0,False,Close (500-1000m),False,True,True
284,2011,664.9770230256136,Diamond Hill,22.339189,114.202382,0,False,Close (500-1000m),False,True,True
237,2011,467.1394846054057,Ho Man Tin,22.308953,114.181612,0,False,Very Close (<500m),True,True,True
241,2011,352.38580725583245,Sung Wong Toi,22.326139,114.190407,0,False,Very Close (<500m),True,True,True
241,2011,285.3835330429205,Sung Wong Toi,22.326139,114.190407,0,False,Very Close (<500m),True,True,True
241,2011,282.0143678501359,Sung Wong Toi,22.326139,114.190407,0,False,Very Close (<500m),True,True,True
284,2011,705.9443429019741,Kai Tak,22.3304,114.1994,0,False,Close (500-1000m),False,True,True
191,2011,494.21547440329,Ocean Park,22.2486,114.1743,0,False,Very Close (<500m),True,True,True
191,2011,805.2238882847519,Ocean Park,22.2486,114.1743,0,False,Close (500-1000m),True,True,True
191,2011,964.6126355882844,Ocean Park,22.2486,114.1743,0,False,Close (500-1000m),False,True,True
191,2011,1440.1869418905096,Ocean Park,22.2486,114.1743,0,False,Moderate (1-2km),False,False,True
191,2011,1872.6241727504957,Hong Kong station,22.234767,114.170817,0,False,Moderate (1-2km),False,False,True
191,2011,2061.6340102438076,Hong Kong station,22.234767,114.170817,0,False,Far (>2km),False,False,True
191,2011,1509.574308408832,Hong Kong station,22.234767,114.170817,0,False,Moderate (1-2km),False,False,True
191,2011,406.27445763925243,Ocean Park,22.2486,114.1743,0,False,Very Close (<500m),True,True,True
191,2011,1035.2601481690651,Ocean Park,22.2486,114.1743,0,False,Moderate (1-2km),False,True,True
174,2011,574.3649742040619,Lei Tung,22.2421,114.1562,0,False,Close (500-1000m),True,True,True
174,2011,416.4680716547532,Lei Tung,22.2421,114.1562,0,False,Very Close (<500m),True,True,True
174,2011,1124.1629973481424,Hong Kong station,22.234767,114.170817,0,False,Moderate (1-2km),False,True,True
174,2011,428.6978064360162,Lei Tung,22.2421,114.1562,0,False,Very Close (<500m),True,True,True
174,2011,120.9453017221059,Lei Tung,22.2421,114.1562,0,False,Very Close (<500m),True,True,True
181,2011,1738.654327932499,HKU,22.2841,114.1356,0,False,Moderate (1-2km),False,True,True
182,2011,815.1771507751268,Admiralty,22.278399,114.16433,0,False,Close (500-1000m),False,True,True
182,2011,1089.1578419667396,Admiralty,22.278399,114.16433,0,False,Moderate (1-2km),False,True,True
182,2011,1289.5790249281185,Admiralty,22.278399,114.16433,0,False,Moderate (1-2km),False,False,True
182,2011,1022.8289537228973,Admiralty,22.278399,114.16433,0,False,Moderate (1-2km),False,True,True
182,2011,1516.3729332038567,Central,22.281938,114.158077,0,False,Moderate (1-2km),False,False,True
182,2011,1483.8993297432753,Admiralty,22.278399,114.16433,0,False,Moderate (1-2km),False,False,True
261,2011,549.7922851441435,Lai Chi Kok,22.3373,114.1482,0,False,Close (500-1000m),True,True,True
271,2011,1050.2582063713962,Kowloon Tong,22.336809,114.177245,0,False,Moderate (1-2km),False,True,True
271,2011,501.9714802349461,Kowloon Tong,22.336809,114.177245,0,False,Close (500-1000m),True,True,True
271,2011,476.20574732905436,Kowloon Tong,22.336809,114.177245,0,False,Very Close (<500m),True,True,True
264,2011,451.3154803479286,Cheung Sha Wan,22.3354,114.1563,0,False,Very Close (<500m),True,True,True
264,2011,479.21153078085024,Cheung Sha Wan,22.3354,114.1563,0,False,Very Close (<500m),True,True,True
264,2011,513.0576669990318,Cheung Sha Wan,22.3354,114.1563,0,False,Close (500-1000m),True,True,True
264,2011,106.85716145544424,Lai Chi Kok,22.3373,114.1482,0,False,Very Close (<500m),True,True,True
264,2011,382.5694777524975,Lai Chi Kok,22.3373,114.1482,0,False,Very Close (<500m),True,True,True
264,2011,297.4625045864245,Lai Chi Kok,22.3373,114.1482,0,False,Very Close (<500m),True,True,True
264,2011,201.69779438942132,Lai Chi Kok,22.3373,114.1482,0,False,Very Close (<500m),True,True,True
264,2011,164.2129886005661,Lai Chi Kok,22.3373,114.1482,0,False,Very Close (<500m),True,True,True
264,2011,345.57178002476945,Cheung Sha Wan,22.3354,114.1563,0,False,Very Close (<500m),True,True,True
264,2011,276.72327112823075,Cheung Sha Wan,22.3354,114.1563,0,False,Very Close (<500m),True,True,True
264,2011,239.4412120574116,Cheung Sha Wan,22.3354,114.1563,0,False,Very Close (<500m),True,True,True
264,2011,201.39705699580958,Cheung Sha Wan,22.3354,114.1563,1,True,Very Close (<500m),True,True,True
264,2011,367.69139891033836,Cheung Sha Wan,22.3354,114.1563,0,False,Very Close (<500m),True,True,True
264,2011,411.12918045363807,Cheung Sha Wan,22.3354,114.1563,0,False,Very Close (<500m),True,True,True
264,2011,456.8025160889715,Cheung Sha Wan,22.3354,114.1563,0,False,Very Close (<500m),True,True,True
264,2011,284.9966549392119,Cheung Sha Wan,22.3354,114.1563,0,False,Very Close (<500m),True,True,True
264,2011,338.952748444684,Cheung Sha Wan,22.3354,114.1563,0,False,Very Close (<500m),True,True,True
264,2011,170.9592488042425,Cheung Sha Wan,22.3354,114.1563,0,False,Very Close (<500m),True,True,True
264,2011,235.5867074793634,Cheung Sha Wan,22.3354,114.1563,0,False,Very Close (<500m),True,True,True
264,2011,298.618938545502,Cheung Sha Wan,22.3354,114.1563,0,False,Very Close (<500m),True,True,True
264,2011,410.4346055597727,Cheung Sha Wan,22.3354,114.1563,0,False,Very Close (<500m),True,True,True
264,2011,240.4417165024923,Cheung Sha Wan,22.3354,114.1563,0,False,Very Close (<500m),True,True,True
264,2011,119.24202940179849,Cheung Sha Wan,22.3354,114.1563,0,False,Very Close (<500m),True,True,True
264,2011,101.8033348116443,Cheung Sha Wan,22.3354,114.1563,0,False,Very Close (<500m),True,True,True
280,2011,686.9470207552517,Kowloon Bay,22.3235,114.2141,0,False,Close (500-1000m),False,True,True
280,2011,678.1891857227462,Kowloon Bay,22.3235,114.2141,0,False,Close (500-1000m),False,True,True
281,2011,524.5807247038659,Wong Tai Sin,22.341839,114.192124,0,False,Close (500-1000m),True,True,True
281,2011,524.3686070684229,Wong Tai Sin,22.341839,114.192124,0,False,Close (500-1000m),True,True,True
293,2011,873.1705285307454,Kwun Tong,22.311559,114.227765,0,False,Close (500-1000m),False,True,True
222,2011,132.4057740544245,Mong Kok East,22.3222,114.1728,0,False,Very Close (<500m),True,True,True
222,2011,35.036811132949474,Mong Kok East,22.3222,114.1728,2,True,Very Close (<500m),True,True,True
328,2011,897.7622484326662,Mei Foo,22.336907,114.140573,0,False,Close (500-1000m),False,True,True
261,2011,755.1183684041472,Lai Chi Kok,22.3373,114.1482,0,False,Close (500-1000m),True,True,True
261,2011,486.2874930955018,Lai Chi Kok,22.3373,114.1482,0,False,Very Close (<500m),True,True,True
261,2011,755.4037702198871,Cheung Sha Wan,22.3354,114.1563,0,False,Close (500-1000m),False,True,True
261,2011,321.60794262830956,Lai Chi Kok,22.3373,114.1482,0,False,Very Close (<500m),True,True,True
261,2011,225.047139216678,Lai Chi Kok,22.3373,114.1482,0,False,Very Close (<500m),True,True,True
261,2011,209.8099963345983,Lai Chi Kok,22.3373,114.1482,0,False,Very Close (<500m),True,True,True
261,2011,282.70495839562136,Lai Chi Kok,22.3373,114.1482,0,False,Very Close (<500m),True,True,True
245,2011,243.4954835702918,Whampoa,22.305852,114.188799,0,False,Very Close (<500m),True,True,True
245,2011,415.8233237611031,Whampoa,22.305852,114.188799,0,False,Very Close (<500m),True,True,True
245,2011,359.6193130091749,Whampoa,22.305852,114.188799,0,False,Very Close (<500m),True,True,True
234,2011,708.668085980784,Mong Kok,22.321624,114.172537,0,False,Close (500-1000m),False,True,True
234,2011,816.4993305525516,To Kwa Wan,22.3172,114.1876,0,False,Close (500-1000m),False,True,True
286,2011,893.5528950219232,Kwun Tong,22.311559,114.227765,0,False,Close (500-1000m),False,True,True
287,2011,446.88631186910754,Choi Hung,22.334161,114.210289,0,False,Very Close (<500m),True,True,True
291,2011,267.08202493586583,Choi Hung,22.334161,114.210289,0,False,Very Close (<500m),True,True,True
281,2011,1229.4465045089273,Diamond Hill,22.339189,114.202382,0,False,Moderate (1-2km),False,False,True
281,2011,858.9424000970566,Wong Tai Sin,22.341839,114.192124,0,False,Close (500-1000m),False,True,True
222,2011,342.63351285811405,Mong Kok,22.321624,114.172537,0,False,Very Close (<500m),True,True,True
222,2011,281.64849809770544,Mong Kok,22.321624,114.172537,0,False,Very Close (<500m),True,True,True
222,2011,225.0255208497602,Mong Kok,22.321624,114.172537,0,False,Very Close (<500m),True,True,True
222,2011,167.0783360029783,Mong Kok,22.321624,114.172537,0,False,Very Close (<500m),True,True,True
222,2011,342.6816507901479,Mong Kok,22.321624,114.172537,0,False,Very Close (<500m),True,True,True
222,2011,281.565578443427,Mong Kok,22.321624,114.172537,0,False,Very Close (<500m),True,True,True
222,2011,224.10274914986653,Mong Kok,22.321624,114.172537,0,False,Very Close (<500m),True,True,True
222,2011,166.54491464271294,Mong Kok,22.321624,114.172537,0,False,Very Close (<500m),True,True,True
222,2011,364.9296758585734,Mong Kok,22.321624,114.172537,0,False,Very Close (<500m),True,True,True
222,2011,308.1436164870051,Mong Kok,22.321624,114.172537,0,False,Very Close (<500m),True,True,True
222,2011,256.10117062861434,Mong Kok,22.321624,114.172537,0,False,Very Close (<500m),True,True,True
222,2011,207.75461634842495,Mong Kok,22.321624,114.172537,0,False,Very Close (<500m),True,True,True
222,2011,420.40700347053956,Mong Kok East,22.3222,114.1728,0,False,Very Close (<500m),True,True,True
225,2011,59.80233931006425,Yau Ma Tei,22.3129,114.1707,0,False,Very Close (<500m),True,True,True
225,2011,284.9742836788704,Yau Ma Tei,22.3129,114.1707,0,False,Very Close (<500m),True,True,True
225,2011,178.63222356846578,Yau Ma Tei,22.3129,114.1707,0,False,Very Close (<500m),True,True,True
244,2011,447.3378655773176,Whampoa,22.305852,114.188799,0,False,Very Close (<500m),True,True,True
261,2011,59.260180814790324,Lai Chi Kok,22.3373,114.1482,0,False,Very Close (<500m),True,True,True
261,2011,267.93949732962847,Lai Chi Kok,22.3373,114.1482,0,False,Very Close (<500m),True,True,True
261,2011,459.20274826482563,Lai Chi Kok,22.3373,114.1482,0,False,Very Close (<500m),True,True,True
261,2011,522.6572839514288,Lai Chi Kok,22.3373,114.1482,0,False,Close (500-1000m),True,True,True
261,2011,558.4957780850511,Cheung Sha Wan,22.3354,114.1563,0,False,Close (500-1000m),True,True,True
261,2011,563.081172061974,Cheung Sha Wan,22.3354,114.1563,0,False,Close (500-1000m),False,True,True
269,2011,1740.6975186083798,Nam Cheong,22.32829,114.1538,0,False,Moderate (1-2km),False,True,True
252,2011,496.94789645918786,Yau Ma Tei,22.3129,114.1707,0,False,Very Close (<500m),True,True,True
252,2011,359.83066930346837,Austin station,22.306294,114.164522,0,False,Very Close (<500m),True,True,True
252,2011,485.482807634229,Austin station,22.306294,114.164522,0,False,Very Close (<500m),True,True,True
252,2011,324.9381375326206,Austin station,22.306294,114.164522,0,False,Very Close (<500m),True,True,True
226,2011,531.3392343206194,Yau Ma Tei,22.3129,114.1707,0,False,Close (500-1000m),True,True,True
252,2011,421.2729684173935,Austin station,22.306294,114.164522,0,False,Very Close (<500m),True,True,True
252,2011,231.7787571829307,Austin station,22.306294,114.164522,0,False,Very Close (<500m),True,True,True
281,2011,173.5306816606778,Diamond Hill,22.339189,114.202382,0,False,Very Close (<500m),True,True,True
281,2011,226.90068426570468,Diamond Hill,22.339189,114.202382,0,False,Very Close (<500m),True,True,True
266,2011,154.8386737909635,Sham Shui Po,22.330141,114.163247,0,False,Very Close (<500m),True,True,True
281,2011,447.1181257737663,Diamond Hill,22.339189,114.202382,0,False,Very Close (<500m),True,True,True
281,2011,281.2972047576169,Wong Tai Sin,22.341839,114.192124,0,False,Very Close (<500m),True,True,True
281,2011,459.1387131432252,Wong Tai Sin,22.341839,114.192124,0,False,Very Close (<500m),True,True,True
281,2011,496.7839273975593,Wong Tai Sin,22.341839,114.192124,0,False,Very Close (<500m),True,True,True
281,2011,851.5071579309994,Diamond Hill,22.339189,114.202382,0,False,Close (500-1000m),False,True,True
281,2011,835.2562633875733,Diamond Hill,22.339189,114.202382,0,False,Close (500-1000m),False,True,True
271,2011,581.6552767432438,Kowloon Tong,22.336809,114.177245,0,False,Close (500-1000m),True,True,True
241,2011,381.57630918481624,To Kwa Wan,22.3172,114.1876,0,False,Very Close (<500m),True,True,True
241,2011,379.3284183447292,To Kwa Wan,22.3172,114.1876,0,False,Very Close (<500m),True,True,True
241,2011,192.97103399695231,To Kwa Wan,22.3172,114.1876,0,False,Very Close (<500m),True,True,True
241,2011,294.343002248103,To Kwa Wan,22.3172,114.1876,0,False,Very Close (<500m),True,True,True
241,2011,260.52457286173143,To Kwa Wan,22.3172,114.1876,0,False,Very Close (<500m),True,True,True
241,2011,256.2382249362149,To Kwa Wan,22.3172,114.1876,0,False,Very Close (<500m),True,True,True
241,2011,122.98167391339035,To Kwa Wan,22.3172,114.1876,0,False,Very Close (<500m),True,True,True
241,2011,175.50137051040667,To Kwa Wan,22.3172,114.1876,0,False,Very Close (<500m),True,True,True
241,2011,147.52273816241092,To Kwa Wan,22.3172,114.1876,0,False,Very Close (<500m),True,True,True
241,2011,135.1218862246597,To Kwa Wan,22.3172,114.1876,0,False,Very Close (<500m),True,True,True
241,2011,54.5069175797804,To Kwa Wan,22.3172,114.1876,0,False,Very Close (<500m),True,True,True
246,2011,184.71632388523727,Sung Wong Toi,22.326139,114.190407,0,False,Very Close (<500m),True,True,True
268,2011,695.8681156736998,Kowloon Tong,22.336809,114.177245,0,False,Close (500-1000m),False,True,True
246,2011,459.09765493399937,Sung Wong Toi,22.326139,114.190407,0,False,Very Close (<500m),True,True,True
246,2011,361.3396860400307,Sung Wong Toi,22.326139,114.190407,0,False,Very Close (<500m),True,True,True
263,2011,1409.838594483434,Cheung Sha Wan,22.3354,114.1563,0,False,Moderate (1-2km),False,True,True
264,2011,204.60514843286865,Lai Chi Kok,22.3373,114.1482,0,False,Very Close (<500m),True,True,True
264,2011,53.999886618185236,Lai Chi Kok,22.3373,114.1482,1,True,Very Close (<500m),True,True,True
264,2011,213.66891783747747,Lai Chi Kok,22.3373,114.1482,0,False,Very Close (<500m),True,True,True
264,2011,423.3444375058133,Cheung Sha Wan,22.3354,114.1563,0,False,Very Close (<500m),True,True,True
281,2011,118.91211080443827,Wong Tai Sin,22.341839,114.192124,1,True,Very Close (<500m),True,True,True
261,2011,398.47755348633893,Lai Chi Kok,22.3373,114.1482,0,False,Very Close (<500m),True,True,True
281,2011,206.31485640423327,Wong Tai Sin,22.341839,114.192124,0,False,Very Close (<500m),True,True,True
281,2011,555.0996126142137,Wong Tai Sin,22.341839,114.192124,0,False,Close (500-1000m),True,True,True
281,2011,530.4153759410784,Wong Tai Sin,22.341839,114.192124,0,False,Close (500-1000m),True,True,True
281,2011,494.8544009977474,Wong Tai Sin,22.341839,114.192124,0,False,Very Close (<500m),True,True,True
235,2011,389.9291970847922,Mong Kok,22.321624,114.172537,0,False,Very Close (<500m),True,True,True
235,2011,433.43158155170147,Mong Kok,22.321624,114.172537,0,False,Very Close (<500m),True,True,True
235,2011,563.91628923343,Yau Ma Tei,22.3129,114.1707,0,False,Close (500-1000m),False,True,True
235,2011,655.3335721738501,Mong Kok,22.321624,114.172537,0,False,Close (500-1000m),True,True,True
256,2011,687.013640472974,Airport,22.304925,114.1616,0,False,Close (500-1000m),True,True,True
268,2011,382.3511391300617,Shek Kip Mei,22.332,114.1687,0,False,Very Close (<500m),True,True,True
268,2011,380.4190107511859,Shek Kip Mei,22.332,114.1687,0,False,Very Close (<500m),True,True,True
268,2011,233.7438630071142,Shek Kip Mei,22.332,114.1687,0,False,Very Close (<500m),True,True,True
268,2011,241.55166854428006,Shek Kip Mei,22.332,114.1687,0,False,Very Close (<500m),True,True,True
284,2011,504.5935894556231,Kai Tak,22.3304,114.1994,0,False,Close (500-1000m),True,True,True
266,2011,416.126268995131,Sham Shui Po,22.330141,114.163247,0,False,Very Close (<500m),True,True,True
266,2011,348.40794810176203,Sham Shui Po,22.330141,114.163247,0,False,Very Close (<500m),True,True,True
266,2011,280.0286611779851,Sham Shui Po,22.330141,114.163247,0,False,Very Close (<500m),True,True,True
266,2011,220.7549328156726,Sham Shui Po,22.330141,114.163247,0,False,Very Close (<500m),True,True,True
266,2011,164.08847088132467,Sham Shui Po,22.330141,114.163247,0,False,Very Close (<500m),True,True,True
266,2011,105.51441039672524,Sham Shui Po,22.330141,114.163247,0,False,Very Close (<500m),True,True,True
266,2011,43.58706397889782,Sham Shui Po,22.330141,114.163247,0,False,Very Close (<500m),True,True,True
266,2011,24.40161102621443,Sham Shui Po,22.330141,114.163247,1,True,Very Close (<500m),True,True,True
266,2011,92.33239452458487,Sham Shui Po,22.330141,114.163247,0,False,Very Close (<500m),True,True,True
266,2011,156.10667120048637,Sham Shui Po,22.330141,114.163247,0,False,Very Close (<500m),True,True,True
266,2011,213.5578182508157,Sham Shui Po,22.330141,114.163247,0,False,Very Close (<500m),True,True,True
234,2011,598.820624774301,Mong Kok,22.321624,114.172537,0,False,Close (500-1000m),False,True,True
281,2011,111.91023694854437,Diamond Hill,22.339189,114.202382,1,True,Very Close (<500m),True,True,True
333,2011,3601.786473249431,Tsuen Wan West,22.36755,114.11098,0,False,Far (>2km),False,False,False
350,2011,3003.878698622802,Lai King,22.3484,114.1261,0,False,Far (>2km),False,False,False
350,2011,2772.4665296067583,Lai King,22.3484,114.1261,0,False,Far (>2km),False,False,False
260,2011,481.81848329138495,Mei Foo,22.336907,114.140573,0,False,Very Close (<500m),True,True,True
350,2011,2950.738330660712,Lai King,22.3484,114.1261,0,False,Far (>2km),False,False,False
350,2011,3031.2085370999484,Tsing Yi,22.360206,114.107587,0,False,Far (>2km),False,False,False
324,2011,131.55591009374731,Tsuen Wan West,22.36755,114.11098,0,False,Very Close (<500m),True,True,True
325,2011,641.1218339650835,Tai Wo Hau,22.371129,114.126303,0,False,Close (500-1000m),True,True,True
272,2011,319.2330239185097,Kowloon Tong,22.336809,114.177245,0,False,Very Close (<500m),True,True,True
272,2011,463.9567819558788,Lok Fu,22.338,114.1871,0,False,Very Close (<500m),True,True,True
272,2011,575.9182679396438,Lok Fu,22.338,114.1871,0,False,Close (500-1000m),False,True,True
272,2011,291.6332038288835,Lok Fu,22.338,114.1871,0,False,Very Close (<500m),True,True,True
272,2011,387.06446982143456,Kowloon Tong,22.336809,114.177245,0,False,Very Close (<500m),True,True,True
272,2011,529.8987197424215,Kowloon Tong,22.336809,114.177245,0,False,Close (500-1000m),True,True,True
272,2011,719.4120407919376,Lok Fu,22.338,114.1871,0,False,Close (500-1000m),True,True,True
272,2011,469.7051931204492,Lok Fu,22.338,114.1871,0,False,Very Close (<500m),True,True,True
272,2011,388.97104409031533,Lok Fu,22.338,114.1871,0,False,Very Close (<500m),True,True,True
246,2011,594.4000915676984,To Kwa Wan,22.3172,114.1876,0,False,Close (500-1000m),True,True,True
246,2011,471.66764175745647,Sung Wong Toi,22.326139,114.190407,0,False,Very Close (<500m),True,True,True
246,2011,389.9742236960417,To Kwa Wan,22.3172,114.1876,0,False,Very Close (<500m),True,True,True
232,2011,464.6010994767921,Mong Kok East,22.3222,114.1728,0,False,Very Close (<500m),True,True,True
232,2011,539.811139491037,Mong Kok East,22.3222,114.1728,0,False,Close (500-1000m),True,True,True
232,2011,429.5938761079619,Mong Kok East,22.3222,114.1728,0,False,Very Close (<500m),True,True,True
282,2011,303.69895527099817,Wong Tai Sin,22.341839,114.192124,0,False,Very Close (<500m),True,True,True
282,2011,330.34685835731466,Wong Tai Sin,22.341839,114.192124,0,False,Very Close (<500m),True,True,True
282,2011,388.286284448575,Lok Fu,22.338,114.1871,0,False,Very Close (<500m),True,True,True
282,2011,475.966550068075,Lok Fu,22.338,114.1871,0,False,Very Close (<500m),True,True,True
291,2011,324.3804079219982,Choi Hung,22.334161,114.210289,0,False,Very Close (<500m),True,True,True
291,2011,826.7394920292428,Kowloon Bay,22.3235,114.2141,0,False,Close (500-1000m),True,True,True
289,2011,1605.1461985140106,Choi Hung,22.334161,114.210289,0,False,Moderate (1-2km),False,True,True
291,2011,583.5414187021186,Kowloon Bay,22.3235,114.2141,0,False,Close (500-1000m),True,True,True
225,2011,207.47343160378344,Yau Ma Tei,22.3129,114.1707,0,False,Very Close (<500m),True,True,True
225,2011,173.4369350863013,Yau Ma Tei,22.3129,114.1707,0,False,Very Close (<500m),True,True,True
246,2011,140.4805097626108,Sung Wong Toi,22.326139,114.190407,0,False,Very Close (<500m),True,True,True
231,2011,542.4855147130746,Sung Wong Toi,22.326139,114.190407,0,False,Close (500-1000m),True,True,True
252,2011,527.7159856558944,Austin station,22.306294,114.164522,0,False,Close (500-1000m),True,True,True
211,2011,414.98365561658807,Tsim Sha Tsui,22.2973,114.1722,0,False,Very Close (<500m),True,True,True
211,2011,372.04687173079094,Tsim Sha Tsui,22.2973,114.1722,0,False,Very Close (<500m),True,True,True
244,2011,482.69230014850604,To Kwa Wan,22.3172,114.1876,0,False,Very Close (<500m),True,True,True
244,2011,493.95152221713334,To Kwa Wan,22.3172,114.1876,0,False,Very Close (<500m),True,True,True
244,2011,510.7745990274232,To Kwa Wan,22.3172,114.1876,0,False,Close (500-1000m),True,True,True
244,2011,516.681900568029,To Kwa Wan,22.3172,114.1876,0,False,Close (500-1000m),True,True,True
244,2011,531.3259063881378,To Kwa Wan,22.3172,114.1876,0,False,Close (500-1000m),False,True,True
244,2011,535.5775564480283,To Kwa Wan,22.3172,114.1876,0,False,Close (500-1000m),True,True,True
244,2011,568.3315945668693,To Kwa Wan,22.3172,114.1876,0,False,Close (500-1000m),False,True,True
244,2011,611.880405410422,Whampoa,22.305852,114.188799,0,False,Close (500-1000m),False,True,True
244,2011,572.6207738467762,Whampoa,22.305852,114.188799,0,False,Close (500-1000m),False,True,True
284,2011,606.9961417371509,Kai Tak,22.3304,114.1994,0,False,Close (500-1000m),False,True,True
284,2011,577.6971395280653,Kai Tak,22.3304,114.1994,0,False,Close (500-1000m),True,True,True
284,2011,524.7067270361184,Diamond Hill,22.339189,114.202382,0,False,Close (500-1000m),True,True,True
284,2011,412.5342274387184,Diamond Hill,22.339189,114.202382,0,False,Very Close (<500m),True,True,True
284,2011,741.1032384036314,Kai Tak,22.3304,114.1994,0,False,Close (500-1000m),False,True,True
284,2011,696.5537620170699,Kai Tak,22.3304,114.1994,0,False,Close (500-1000m),False,True,True
284,2011,636.7005928741189,Kai Tak,22.3304,114.1994,0,False,Close (500-1000m),False,True,True
226,2011,445.75044057672284,Ho Man Tin,22.308953,114.181612,0,False,Very Close (<500m),True,True,True
246,2011,145.45808364677254,Sung Wong Toi,22.326139,114.190407,0,False,Very Close (<500m),True,True,True
246,2011,40.80429650293862,Sung Wong Toi,22.326139,114.190407,0,False,Very Close (<500m),True,True,True
266,2011,276.96367326969056,Sham Shui Po,22.330141,114.163247,0,False,Very Close (<500m),True,True,True
266,2011,460.70201627103137,Nam Cheong,22.32829,114.1538,0,False,Very Close (<500m),True,True,True
232,2011,282.9787266917788,Mong Kok,22.321624,114.172537,0,False,Very Close (<500m),True,True,True
266,2011,588.873404327895,Nam Cheong,22.32829,114.1538,0,False,Close (500-1000m),True,True,True
267,2011,369.67691317118437,Sham Shui Po,22.330141,114.163247,0,False,Very Close (<500m),True,True,True
267,2011,307.07727080954527,Sham Shui Po,22.330141,114.163247,0,False,Very Close (<500m),True,True,True
267,2011,255.188501593851,Sham Shui Po,22.330141,114.163247,0,False,Very Close (<500m),True,True,True
267,2011,208.14060540764524,Sham Shui Po,22.330141,114.163247,0,False,Very Close (<500m),True,True,True
267,2011,165.44723999193815,Sham Shui Po,22.330141,114.163247,0,False,Very Close (<500m),True,True,True
267,2011,134.4394026357153,Sham Shui Po,22.330141,114.163247,0,False,Very Close (<500m),True,True,True
267,2011,129.9976825516701,Sham Shui Po,22.330141,114.163247,0,False,Very Close (<500m),True,True,True
267,2011,157.6216001147488,Sham Shui Po,22.330141,114.163247,0,False,Very Close (<500m),True,True,True
267,2011,203.6911898248453,Sham Shui Po,22.330141,114.163247,0,False,Very Close (<500m),True,True,True
267,2011,233.86106658254533,Sham Shui Po,22.330141,114.163247,0,False,Very Close (<500m),True,True,True
267,2011,267.3834246828899,Sham Shui Po,22.330141,114.163247,0,False,Very Close (<500m),True,True,True
256,2011,597.6675029602432,Airport,22.304925,114.1616,0,False,Close (500-1000m),False,True,True
256,2011,562.0655358456805,Airport,22.304925,114.1616,0,False,Close (500-1000m),True,True,True
256,2011,381.3629228716231,Airport,22.304925,114.1616,0,False,Very Close (<500m),True,True,True
284,2011,601.1271693643174,Kai Tak,22.3304,114.1994,0,False,Close (500-1000m),False,True,True
281,2011,556.0902134712252,Wong Tai Sin,22.341839,114.192124,0,False,Close (500-1000m),True,True,True
255,2011,135.5855564491182,Nam Cheong,22.32829,114.1538,0,False,Very Close (<500m),True,True,True
255,2011,387.7805747097283,Nam Cheong,22.32829,114.1538,0,False,Very Close (<500m),True,True,True
255,2011,593.9582859792482,Nam Cheong,22.32829,114.1538,0,False,Close (500-1000m),True,True,True
255,2011,654.892413136838,Olympic,22.3178,114.1602,0,False,Close (500-1000m),False,True,True
268,2011,881.5480620582686,Kowloon Tong,22.336809,114.177245,0,False,Close (500-1000m),True,True,True
268,2011,310.5367433876375,Shek Kip Mei,22.332,114.1687,0,False,Very Close (<500m),True,True,True
241,2011,395.29918594303183,Sung Wong Toi,22.326139,114.190407,0,False,Very Close (<500m),True,True,True
241,2011,392.0717792535498,Sung Wong Toi,22.326139,114.190407,0,False,Very Close (<500m),True,True,True
241,2011,529.1634751066334,To Kwa Wan,22.3172,114.1876,0,False,Close (500-1000m),True,True,True
241,2011,512.8482808629448,Sung Wong Toi,22.326139,114.190407,0,False,Close (500-1000m),True,True,True
241,2011,509.41646919324404,To Kwa Wan,22.3172,114.1876,0,False,Close (500-1000m),True,True,True
241,2011,507.1852267432035,To Kwa Wan,22.3172,114.1876,0,False,Close (500-1000m),True,True,True
241,2011,400.50810397334243,To Kwa Wan,22.3172,114.1876,0,False,Very Close (<500m),True,True,True
268,2011,703.8743063709495,Kowloon Tong,22.336809,114.177245,0,False,Close (500-1000m),False,True,True
268,2011,481.78510501275304,Shek Kip Mei,22.332,114.1687,0,False,Very Close (<500m),True,True,True
285,2011,612.7919741560247,Sung Wong Toi,22.326139,114.190407,0,False,Close (500-1000m),True,True,True
285,2011,599.9268096492892,Sung Wong Toi,22.326139,114.190407,0,False,Close (500-1000m),True,True,True
285,2011,518.2279956652297,Sung Wong Toi,22.326139,114.190407,0,False,Close (500-1000m),True,True,True
285,2011,482.6816363136905,Sung Wong Toi,22.326139,114.190407,0,False,Very Close (<500m),True,True,True
285,2011,451.5427649358217,Sung Wong Toi,22.326139,114.190407,0,False,Very Close (<500m),True,True,True
285,2011,427.5316585082079,Sung Wong Toi,22.326139,114.190407,0,False,Very Close (<500m),True,True,True
285,2011,409.50278600814386,Sung Wong Toi,22.326139,114.190407,0,False,Very Close (<500m),True,True,True
285,2011,399.5422779333209,Sung Wong Toi,22.326139,114.190407,0,False,Very Close (<500m),True,True,True
325,2011,1062.1963577134643,Tai Wo Hau,22.371129,114.126303,0,False,Moderate (1-2km),False,True,True
233,2011,855.7699192386195,Mong Kok East,22.3222,114.1728,0,False,Close (500-1000m),False,True,True
234,2011,671.0338896808635,To Kwa Wan,22.3172,114.1876,0,False,Close (500-1000m),False,True,True
235,2011,284.7680873202971,Mong Kok,22.321624,114.172537,0,False,Very Close (<500m),True,True,True
235,2011,350.0818543860261,Mong Kok,22.321624,114.172537,0,False,Very Close (<500m),True,True,True
235,2011,361.2636723536145,Mong Kok,22.321624,114.172537,0,False,Very Close (<500m),True,True,True
225,2011,257.9787485665269,Yau Ma Tei,22.3129,114.1707,0,False,Very Close (<500m),True,True,True
260,2011,351.0462381089983,Mei Foo,22.336907,114.140573,0,False,Very Close (<500m),True,True,True
225,2011,283.40578058897785,Austin station,22.306294,114.164522,0,False,Very Close (<500m),True,True,True
225,2011,190.87980274238097,Austin station,22.306294,114.164522,0,False,Very Close (<500m),True,True,True
225,2011,259.6262029381798,Austin station,22.306294,114.164522,0,False,Very Close (<500m),True,True,True
225,2011,164.4172796346798,Austin station,22.306294,114.164522,0,False,Very Close (<500m),True,True,True
225,2011,239.59259510969116,Austin station,22.306294,114.164522,0,False,Very Close (<500m),True,True,True
225,2011,308.3327027524996,Austin,22.304236,114.166601,0,False,Very Close (<500m),True,True,True
225,2011,316.589720392269,Austin,22.304236,114.166601,0,False,Very Close (<500m),True,True,True
225,2011,402.2882347364558,Austin,22.304236,114.166601,0,False,Very Close (<500m),True,True,True
284,2011,547.6275136648142,Kai Tak,22.3304,114.1994,0,False,Close (500-1000m),False,True,True
284,2011,613.2380230036288,Kai Tak,22.3304,114.1994,0,False,Close (500-1000m),False,True,True
284,2011,527.237198245985,Kai Tak,22.3304,114.1994,0,False,Close (500-1000m),True,True,True
225,2011,222.1983784485689,Austin station,22.306294,114.164522,0,False,Very Close (<500m),True,True,True
281,2011,1008.9041832573686,Diamond Hill,22.339189,114.202382,0,False,Moderate (1-2km),False,True,True
281,2011,962.1062411895045,Diamond Hill,22.339189,114.202382,0,False,Close (500-1000m),False,True,True
229,2011,604.3384826746012,Yau Ma Tei,22.3129,114.1707,0,False,Close (500-1000m),False,True,True
229,2011,562.0779772879405,Yau Ma Tei,22.3129,114.1707,0,False,Close (500-1000m),False,True,True
229,2011,536.8583614885463,Yau Ma Tei,22.3129,114.1707,0,False,Close (500-1000m),False,True,True
229,2011,531.9376051086334,Mong Kok,22.321624,114.172537,0,False,Close (500-1000m),True,True,True
229,2011,551.4976477269196,Yau Ma Tei,22.3129,114.1707,0,False,Close (500-1000m),True,True,True
229,2011,512.2279761940423,Yau Ma Tei,22.3129,114.1707,0,False,Close (500-1000m),True,True,True
229,2011,494.96694959433046,Yau Ma Tei,22.3129,114.1707,0,False,Very Close (<500m),True,True,True
229,2011,480.1885111846122,Yau Ma Tei,22.3129,114.1707,0,False,Very Close (<500m),True,True,True
229,2011,470.50588029250696,Yau Ma Tei,22.3129,114.1707,0,False,Very Close (<500m),True,True,True
284,2011,445.15822997237973,Kai Tak,22.3304,114.1994,0,False,Very Close (<500m),True,True,True
284,2011,502.7261057699182,Diamond Hill,22.339189,114.202382,0,False,Close (500-1000m),True,True,True
284,2011,409.61296036461835,Kai Tak,22.3304,114.1994,0,False,Very Close (<500m),True,True,True
228,2011,254.2041337928653,Yau Ma Tei,22.3129,114.1707,0,False,Very Close (<500m),True,True,True
228,2011,218.18365778197597,Yau Ma Tei,22.3129,114.1707,0,False,Very Close (<500m),True,True,True
228,2011,182.0555396129585,Yau Ma Tei,22.3129,114.1707,0,False,Very Close (<500m),True,True,True
228,2011,151.78250853942882,Yau Ma Tei,22.3129,114.1707,0,False,Very Close (<500m),True,True,True
228,2011,302.836912693268,Yau Ma Tei,22.3129,114.1707,0,False,Very Close (<500m),True,True,True
228,2011,214.95206397641377,Yau Ma Tei,22.3129,114.1707,0,False,Very Close (<500m),True,True,True
228,2011,170.8822824810672,Yau Ma Tei,22.3129,114.1707,0,False,Very Close (<500m),True,True,True
228,2011,121.02254219744718,Yau Ma Tei,22.3129,114.1707,0,False,Very Close (<500m),True,True,True
228,2011,70.7445798352634,Yau Ma Tei,22.3129,114.1707,0,False,Very Close (<500m),True,True,True
229,2011,654.724900509983,Olympic,22.3178,114.1602,0,False,Close (500-1000m),False,True,True
229,2011,657.1321971280628,Mong Kok,22.321624,114.172537,0,False,Close (500-1000m),False,True,True
229,2011,681.9259245900378,Olympic,22.3178,114.1602,0,False,Close (500-1000m),False,True,True
229,2011,620.8964816617645,Mong Kok,22.321624,114.172537,0,False,Close (500-1000m),False,True,True
229,2011,472.2508382300999,Mong Kok,22.321624,114.172537,0,False,Very Close (<500m),True,True,True
325,2011,166.01661715818648,Tai Wo Hau,22.371129,114.126303,0,False,Very Close (<500m),True,True,True
325,2011,199.14716120363832,Tai Wo Hau,22.371129,114.126303,1,True,Very Close (<500m),True,True,True
333,2011,4517.312038358734,Tsuen Wan West,22.36755,114.11098,0,False,Far (>2km),False,False,False
267,2011,232.29857010851464,Sham Shui Po,22.330141,114.163247,0,False,Very Close (<500m),True,True,True
267,2011,229.27064739033455,Sham Shui Po,22.330141,114.163247,0,False,Very Close (<500m),True,True,True
267,2011,245.47516239598207,Sham Shui Po,22.330141,114.163247,0,False,Very Close (<500m),True,True,True
267,2011,282.7376967609737,Sham Shui Po,22.330141,114.163247,0,False,Very Close (<500m),True,True,True
267,2011,276.6383834193905,Shek Kip Mei,22.332,114.1687,0,False,Very Close (<500m),True,True,True
267,2011,408.8212344350287,Sham Shui Po,22.330141,114.163247,0,False,Very Close (<500m),True,True,True
267,2011,399.2992008666801,Sham Shui Po,22.330141,114.163247,0,False,Very Close (<500m),True,True,True
267,2011,366.8653427897824,Sham Shui Po,22.330141,114.163247,0,False,Very Close (<500m),True,True,True
267,2011,335.80522417898146,Sham Shui Po,22.330141,114.163247,0,False,Very Close (<500m),True,True,True
267,2011,328.31966307208984,Sham Shui Po,22.330141,114.163247,0,False,Very Close (<500m),True,True,True
267,2011,338.73005501187674,Sham Shui Po,22.330141,114.163247,0,False,Very Close (<500m),True,True,True
267,2011,314.71480833194744,Shek Kip Mei,22.332,114.1687,0,False,Very Close (<500m),True,True,True
267,2011,383.33700912521226,Prince Edward,22.3245,114.1683,0,False,Very Close (<500m),True,True,True
267,2011,362.742014726433,Prince Edward,22.3245,114.1683,0,False,Very Close (<500m),True,True,True
267,2011,372.7606708426825,Prince Edward,22.3245,114.1683,0,False,Very Close (<500m),True,True,True
267,2011,397.66707608973326,Prince Edward,22.3245,114.1683,0,False,Very Close (<500m),True,True,True
225,2011,386.48076286044477,Jordan,22.3049,114.1718,0,False,Very Close (<500m),True,True,True
225,2011,347.26137683888436,Jordan,22.3049,114.1718,0,False,Very Close (<500m),True,True,True
225,2011,308.69418120103086,Jordan,22.3049,114.1718,0,False,Very Close (<500m),True,True,True
225,2011,273.70555129907376,Jordan,22.3049,114.1718,0,False,Very Close (<500m),True,True,True
225,2011,242.30901769070385,Jordan,22.3049,114.1718,0,False,Very Close (<500m),True,True,True
225,2011,216.20459014897517,Jordan,22.3049,114.1718,0,False,Very Close (<500m),True,True,True
225,2011,335.5770134954241,Austin,22.304236,114.166601,0,False,Very Close (<500m),True,True,True
225,2011,354.3661951991453,Austin,22.304236,114.166601,0,False,Very Close (<500m),True,True,True
225,2011,315.2149515582235,Jordan,22.3049,114.1718,0,False,Very Close (<500m),True,True,True
225,2011,271.76014472562167,Jordan,22.3049,114.1718,0,False,Very Close (<500m),True,True,True
225,2011,231.41127677204375,Jordan,22.3049,114.1718,0,False,Very Close (<500m),True,True,True
225,2011,193.8720696817867,Jordan,22.3049,114.1718,0,False,Very Close (<500m),True,True,True
245,2011,302.36192399490346,Whampoa,22.305852,114.188799,0,False,Very Close (<500m),True,True,True
229,2011,637.456599508604,Yau Ma Tei,22.3129,114.1707,0,False,Close (500-1000m),False,True,True
246,2011,581.825591531017,Sung Wong Toi,22.326139,114.190407,0,False,Close (500-1000m),True,True,True
246,2011,395.43796869612,Sung Wong Toi,22.326139,114.190407,0,False,Very Close (<500m),True,True,True
246,2011,284.68616017077,Sung Wong Toi,22.326139,114.190407,0,False,Very Close (<500m),True,True,True
255,2011,299.02425695583815,Lai Chi Kok,22.3373,114.1482,0,False,Very Close (<500m),True,True,True
255,2011,423.0564483738706,Lai Chi Kok,22.3373,114.1482,0,False,Very Close (<500m),True,True,True
229,2011,452.841553085587,Yau Ma Tei,22.3129,114.1707,0,False,Very Close (<500m),True,True,True
229,2011,403.64163259717895,Yau Ma Tei,22.3129,114.1707,0,False,Very Close (<500m),True,True,True
229,2011,389.20019370523323,Yau Ma Tei,22.3129,114.1707,0,False,Very Close (<500m),True,True,True
229,2011,334.4613998530349,Yau Ma Tei,22.3129,114.1707,0,False,Very Close (<500m),True,True,True
229,2011,320.5600927599733,Yau Ma Tei,22.3129,114.1707,0,False,Very Close (<500m),True,True,True
229,2011,400.7276974386174,Yau Ma Tei,22.3129,114.1707,0,False,Very Close (<500m),True,True,True
229,2011,381.59370074070506,Yau Ma Tei,22.3129,114.1707,0,False,Very Close (<500m),True,True,True
229,2011,562.9390190119957,Mong Kok,22.321624,114.172537,0,False,Close (500-1000m),False,True,True
229,2011,569.9757138949636,Mong Kok,22.321624,114.172537,0,False,Close (500-1000m),True,True,True
231,2011,545.3890517219388,Mong Kok East,22.3222,114.1728,0,False,Close (500-1000m),True,True,True
231,2011,647.2251188069101,Mong Kok East,22.3222,114.1728,0,False,Close (500-1000m),False,True,True
231,2011,824.5741495720886,Mong Kok East,22.3222,114.1728,0,False,Close (500-1000m),False,True,True
255,2011,403.57848272827675,Nam Cheong,22.32829,114.1538,0,False,Very Close (<500m),True,True,True
283,2011,480.48457851051404,Lok Fu,22.338,114.1871,0,False,Very Close (<500m),True,True,True
231,2011,958.7140779351729,Sung Wong Toi,22.326139,114.190407,0,False,Close (500-1000m),False,True,True
231,2011,811.0687925974636,Sung Wong Toi,22.326139,114.190407,0,False,Close (500-1000m),False,True,True
231,2011,688.0156630346246,Sung Wong Toi,22.326139,114.190407,0,False,Close (500-1000m),False,True,True
267,2011,301.26792911518856,Prince Edward,22.3245,114.1683,0,False,Very Close (<500m),True,True,True
267,2011,293.1091768860853,Prince Edward,22.3245,114.1683,0,False,Very Close (<500m),True,True,True
267,2011,441.37957041662423,Sham Shui Po,22.330141,114.163247,0,False,Very Close (<500m),True,True,True
281,2011,703.5602721906472,Diamond Hill,22.339189,114.202382,0,False,Close (500-1000m),False,True,True
251,2011,47.89416366218117,Airport,22.304925,114.1616,3,True,Very Close (<500m),True,True,True
237,2011,640.7273415537893,To Kwa Wan,22.3172,114.1876,0,False,Close (500-1000m),True,True,True
237,2011,538.4061375499863,To Kwa Wan,22.3172,114.1876,0,False,Close (500-1000m),True,True,True
225,2011,152.35666109528944,Yau Ma Tei,22.3129,114.1707,0,False,Very Close (<500m),True,True,True
225,2011,168.86539059141518,Yau Ma Tei,22.3129,114.1707,0,False,Very Close (<500m),True,True,True
225,2011,248.43906863507135,Yau Ma Tei,22.3129,114.1707,0,False,Very Close (<500m),True,True,True
225,2011,220.83794269244444,Yau Ma Tei,22.3129,114.1707,0,False,Very Close (<500m),True,True,True
225,2011,204.57905463088383,Yau Ma Tei,22.3129,114.1707,0,False,Very Close (<500m),True,True,True
225,2011,300.9841568256734,Yau Ma Tei,22.3129,114.1707,0,False,Very Close (<500m),True,True,True
225,2011,278.59954996835194,Yau Ma Tei,22.3129,114.1707,0,False,Very Close (<500m),True,True,True
225,2011,265.8547997511347,Yau Ma Tei,22.3129,114.1707,0,False,Very Close (<500m),True,True,True
255,2011,538.4063851374144,Lai Chi Kok,22.3373,114.1482,0,False,Close (500-1000m),True,True,True
255,2011,513.0576126905509,Nam Cheong,22.32829,114.1538,0,False,Close (500-1000m),True,True,True
255,2011,341.07563639475546,Nam Cheong,22.32829,114.1538,0,False,Very Close (<500m),True,True,True
255,2011,241.12682294019416,Nam Cheong,22.32829,114.1538,0,False,Very Close (<500m),True,True,True
255,2011,337.80894496267985,Nam Cheong,22.32829,114.1538,0,False,Very Close (<500m),True,True,True
255,2011,517.8652749168433,Lai Chi Kok,22.3373,114.1482,0,False,Close (500-1000m),True,True,True
255,2011,517.9680643650013,Nam Cheong,22.32829,114.1538,0,False,Close (500-1000m),True,True,True
255,2011,285.47228184454167,Nam Cheong,22.32829,114.1538,0,False,Very Close (<500m),True,True,True
280,2011,110.4207422700226,Kowloon Bay,22.3235,114.2141,1,True,Very Close (<500m),True,True,True
226,2011,442.56727483903023,Yau Ma Tei,22.3129,114.1707,0,False,Very Close (<500m),True,True,True
284,2011,376.3851998339883,Diamond Hill,22.339189,114.202382,0,False,Very Close (<500m),True,True,True
284,2011,236.69246764843717,Diamond Hill,22.339189,114.202382,0,False,Very Close (<500m),True,True,True
284,2011,602.5306611770951,Diamond Hill,22.339189,114.202382,0,False,Close (500-1000m),True,True,True
284,2011,519.8998183011716,Diamond Hill,22.339189,114.202382,0,False,Close (500-1000m),True,True,True
284,2011,428.39462530759744,Diamond Hill,22.339189,114.202382,0,False,Very Close (<500m),True,True,True
251,2011,166.66693189823067,Austin,22.304236,114.166601,1,True,Very Close (<500m),True,True,True
251,2011,41.66092635622063,Austin,22.304236,114.166601,1,True,Very Close (<500m),True,True,True
251,2011,336.7095083570276,Airport,22.304925,114.1616,0,False,Very Close (<500m),True,True,True
251,2011,350.1555225630704,Airport,22.304925,114.1616,0,False,Very Close (<500m),True,True,True
264,2011,96.93261302473519,Cheung Sha Wan,22.3354,114.1563,0,False,Very Close (<500m),True,True,True
264,2011,180.87226073270807,Cheung Sha Wan,22.3354,114.1563,0,False,Very Close (<500m),True,True,True
264,2011,241.80766855338894,Cheung Sha Wan,22.3354,114.1563,0,False,Very Close (<500m),True,True,True
264,2011,303.3461125470411,Cheung Sha Wan,22.3354,114.1563,0,False,Very Close (<500m),True,True,True
264,2011,259.67010077600844,Cheung Sha Wan,22.3354,114.1563,0,False,Very Close (<500m),True,True,True
264,2011,304.01867206211597,Cheung Sha Wan,22.3354,114.1563,0,False,Very Close (<500m),True,True,True
264,2011,355.0673486773343,Cheung Sha Wan,22.3354,114.1563,0,False,Very Close (<500m),True,True,True
226,2011,495.43481040435984,Jordan,22.3049,114.1718,0,False,Very Close (<500m),True,True,True
226,2011,432.83679856083245,Ho Man Tin,22.308953,114.181612,0,False,Very Close (<500m),True,True,True
226,2011,213.93202636061912,Jordan,22.3049,114.1718,0,False,Very Close (<500m),True,True,True
293,2011,1596.5568597869037,Kwun Tong,22.311559,114.227765,0,False,Moderate (1-2km),False,False,True
310,2011,2072.791954381957,Tai Wo Hau,22.371129,114.126303,0,False,Far (>2km),False,False,True
320,2011,1182.1026513163447,Lai King,22.3484,114.1261,0,False,Moderate (1-2km),False,False,True
320,2011,907.511420551822,Kwai Fong,22.3569,114.1279,0,False,Close (500-1000m),True,True,True
281,2011,595.3103673419596,Diamond Hill,22.339189,114.202382,0,False,Close (500-1000m),True,True,True
226,2011,358.01012312880147,Jordan,22.3049,114.1718,0,False,Very Close (<500m),True,True,True
226,2011,306.9038108838765,Jordan,22.3049,114.1718,0,False,Very Close (<500m),True,True,True
226,2011,263.0587259335019,Jordan,22.3049,114.1718,0,False,Very Close (<500m),True,True,True
226,2011,271.4574098335483,Jordan,22.3049,114.1718,0,False,Very Close (<500m),True,True,True
225,2011,450.74197210655046,Yau Ma Tei,22.3129,114.1707,0,False,Very Close (<500m),True,True,True
225,2011,340.0518743920025,Yau Ma Tei,22.3129,114.1707,0,False,Very Close (<500m),True,True,True
225,2011,325.79877068364834,Yau Ma Tei,22.3129,114.1707,0,False,Very Close (<500m),True,True,True
225,2011,423.0640021443252,Yau Ma Tei,22.3129,114.1707,0,False,Very Close (<500m),True,True,True
225,2011,424.62660264731403,Yau Ma Tei,22.3129,114.1707,0,False,Very Close (<500m),True,True,True
225,2011,465.0184151699607,Austin station,22.306294,114.164522,0,False,Very Close (<500m),True,True,True
225,2011,505.0234725321981,Jordan,22.3049,114.1718,0,False,Close (500-1000m),True,True,True
225,2011,470.7038058630683,Jordan,22.3049,114.1718,0,False,Very Close (<500m),True,True,True
225,2011,439.5519645204951,Jordan,22.3049,114.1718,0,False,Very Close (<500m),True,True,True
225,2011,410.38845317562357,Jordan,22.3049,114.1718,0,False,Very Close (<500m),True,True,True
328,2011,820.8212047592639,Lai King,22.3484,114.1261,0,False,Close (500-1000m),False,True,True
328,2011,676.8381440537937,Lai King,22.3484,114.1261,0,False,Close (500-1000m),False,True,True
336,2011,4335.149820316313,Sunny Bay,22.33285,114.028222,0,False,Far (>2km),False,False,False
340,2011,5359.909769829001,Tsing Yi,22.360206,114.107587,0,False,Far (>2km),False,False,False
294,2011,1003.8870424919526,Kwun Tong,22.311559,114.227765,0,False,Moderate (1-2km),False,True,True
295,2011,392.96020834698226,Ngau Tau Kok,22.3154,114.2193,0,False,Very Close (<500m),True,True,True
295,2011,387.05396237753956,Ngau Tau Kok,22.3154,114.2193,0,False,Very Close (<500m),True,True,True
226,2011,165.10280384979308,Jordan,22.3049,114.1718,0,False,Very Close (<500m),True,True,True
226,2011,108.47465688697422,Jordan,22.3049,114.1718,0,False,Very Close (<500m),True,True,True
232,2011,320.5848735671697,Mong Kok East,22.3222,114.1728,0,False,Very Close (<500m),True,True,True
232,2011,436.28900455636943,Mong Kok East,22.3222,114.1728,0,False,Very Close (<500m),True,True,True
232,2011,461.2705751726185,Mong Kok East,22.3222,114.1728,0,False,Very Close (<500m),True,True,True
254,2011,297.68974410865513,Olympic,22.3178,114.1602,0,False,Very Close (<500m),True,True,True
254,2011,416.5935868200472,Olympic,22.3178,114.1602,0,False,Very Close (<500m),True,True,True
254,2011,108.47501686521653,Olympic,22.3178,114.1602,0,False,Very Close (<500m),True,True,True
267,2011,292.4598809722366,Shek Kip Mei,22.332,114.1687,0,False,Very Close (<500m),True,True,True
267,2011,404.2974621375463,Sham Shui Po,22.330141,114.163247,0,False,Very Close (<500m),True,True,True
281,2011,391.1423324835613,Diamond Hill,22.339189,114.202382,0,False,Very Close (<500m),True,True,True
261,2011,791.5034454201433,Lai Chi Kok,22.3373,114.1482,0,False,Close (500-1000m),False,True,True
266,2011,432.76891275528925,Sham Shui Po,22.330141,114.163247,0,False,Very Close (<500m),True,True,True
266,2011,367.5803212777073,Sham Shui Po,22.330141,114.163247,0,False,Very Close (<500m),True,True,True
266,2011,303.67411909345384,Sham Shui Po,22.330141,114.163247,0,False,Very Close (<500m),True,True,True
266,2011,249.5945671208254,Sham Shui Po,22.330141,114.163247,0,False,Very Close (<500m),True,True,True
266,2011,200.53775968214984,Sham Shui Po,22.330141,114.163247,0,False,Very Close (<500m),True,True,True
266,2011,156.58200591477916,Sham Shui Po,22.330141,114.163247,0,False,Very Close (<500m),True,True,True
266,2011,123.26299477527091,Sham Shui Po,22.330141,114.163247,0,False,Very Close (<500m),True,True,True
266,2011,117.75319774729472,Sham Shui Po,22.330141,114.163247,0,False,Very Close (<500m),True,True,True
266,2011,147.53765324375848,Sham Shui Po,22.330141,114.163247,0,False,Very Close (<500m),True,True,True
266,2011,193.83506085448545,Sham Shui Po,22.330141,114.163247,0,False,Very Close (<500m),True,True,True
266,2011,252.0959826804541,Sham Shui Po,22.330141,114.163247,0,False,Very Close (<500m),True,True,True
225,2011,384.4750928418412,Jordan,22.3049,114.1718,0,False,Very Close (<500m),True,True,True
225,2011,358.51181117025163,Jordan,22.3049,114.1718,0,False,Very Close (<500m),True,True,True
225,2011,414.6114846821561,Austin station,22.306294,114.164522,0,False,Very Close (<500m),True,True,True
225,2011,461.94318888335954,Jordan,22.3049,114.1718,0,False,Very Close (<500m),True,True,True
225,2011,424.09579582935123,Jordan,22.3049,114.1718,0,False,Very Close (<500m),True,True,True
225,2011,388.89761946150026,Jordan,22.3049,114.1718,0,False,Very Close (<500m),True,True,True
225,2011,355.2457437241688,Jordan,22.3049,114.1718,0,False,Very Close (<500m),True,True,True
225,2011,325.2556444793217,Jordan,22.3049,114.1718,0,False,Very Close (<500m),True,True,True
225,2011,290.13099682670855,Jordan,22.3049,114.1718,0,False,Very Close (<500m),True,True,True
225,2011,255.00356553883464,Austin station,22.306294,114.164522,0,False,Very Close (<500m),True,True,True
225,2011,310.11774870140357,Austin station,22.306294,114.164522,0,False,Very Close (<500m),True,True,True
283,2011,625.0268783861302,Lok Fu,22.338,114.1871,0,False,Close (500-1000m),False,True,True
281,2011,676.7368843270842,Wong Tai Sin,22.341839,114.192124,0,False,Close (500-1000m),False,True,True
281,2011,740.6986239008813,Wong Tai Sin,22.341839,114.192124,0,False,Close (500-1000m),False,True,True
227,2011,484.23066586707307,Yau Ma Tei,22.3129,114.1707,0,False,Very Close (<500m),True,True,True
227,2011,365.934684872911,Mong Kok,22.321624,114.172537,0,False,Very Close (<500m),True,True,True
228,2011,352.06379406470035,Yau Ma Tei,22.3129,114.1707,0,False,Very Close (<500m),True,True,True
228,2011,310.15924417286516,Yau Ma Tei,22.3129,114.1707,0,False,Very Close (<500m),True,True,True
228,2011,281.2532881594097,Yau Ma Tei,22.3129,114.1707,0,False,Very Close (<500m),True,True,True
228,2011,254.37484947747328,Yau Ma Tei,22.3129,114.1707,0,False,Very Close (<500m),True,True,True
228,2011,235.71081971106923,Yau Ma Tei,22.3129,114.1707,0,False,Very Close (<500m),True,True,True
252,2011,195.90783654236336,Austin station,22.306294,114.164522,0,False,Very Close (<500m),True,True,True
267,2011,361.7142234119566,Sham Shui Po,22.330141,114.163247,0,False,Very Close (<500m),True,True,True
267,2011,318.41784500706643,Sham Shui Po,22.330141,114.163247,0,False,Very Close (<500m),True,True,True
267,2011,282.161295250029,Sham Shui Po,22.330141,114.163247,0,False,Very Close (<500m),True,True,True
267,2011,252.02791839668626,Sham Shui Po,22.330141,114.163247,0,False,Very Close (<500m),True,True,True
253,2011,586.2083466189175,Yau Ma Tei,22.3129,114.1707,0,False,Close (500-1000m),False,True,True
253,2011,525.3312913453266,Yau Ma Tei,22.3129,114.1707,0,False,Close (500-1000m),True,True,True
253,2011,517.508966198913,Olympic,22.3178,114.1602,0,False,Close (500-1000m),True,True,True
253,2011,606.6524627912837,Olympic,22.3178,114.1602,0,False,Close (500-1000m),True,True,True
253,2011,606.1884424377093,Olympic,22.3178,114.1602,0,False,Close (500-1000m),False,True,True
253,2011,578.5870987967182,Yau Ma Tei,22.3129,114.1707,0,False,Close (500-1000m),False,True,True
266,2011,250.8071588443045,Sham Shui Po,22.330141,114.163247,0,False,Very Close (<500m),True,True,True
266,2011,280.49925276619,Sham Shui Po,22.330141,114.163247,0,False,Very Close (<500m),True,True,True
226,2011,402.7863265595259,Yau Ma Tei,22.3129,114.1707,0,False,Very Close (<500m),True,True,True
226,2011,83.3502780472925,Yau Ma Tei,22.3129,114.1707,1,True,Very Close (<500m),True,True,True
267,2011,426.35216358875545,Sham Shui Po,22.330141,114.163247,0,False,Very Close (<500m),True,True,True
267,2011,395.72295540153976,Shek Kip Mei,22.332,114.1687,0,False,Very Close (<500m),True,True,True
267,2011,276.23680789537383,Prince Edward,22.3245,114.1683,0,False,Very Close (<500m),True,True,True
237,2011,554.9997177782554,To Kwa Wan,22.3172,114.1876,0,False,Close (500-1000m),True,True,True
237,2011,349.02808490751863,To Kwa Wan,22.3172,114.1876,0,False,Very Close (<500m),True,True,True
260,2011,673.7931936137905,Mei Foo,22.336907,114.140573,0,False,Close (500-1000m),False,True,True
234,2011,804.7273273161379,To Kwa Wan,22.3172,114.1876,0,False,Close (500-1000m),False,True,True
234,2011,709.5194148573621,Mong Kok East,22.3222,114.1728,0,False,Close (500-1000m),False,True,True
234,2011,724.0387363535606,Mong Kok East,22.3222,114.1728,0,False,Close (500-1000m),False,True,True
234,2011,779.0985134348435,To Kwa Wan,22.3172,114.1876,0,False,Close (500-1000m),False,True,True
266,2011,307.11372304740553,Sham Shui Po,22.330141,114.163247,0,False,Very Close (<500m),True,True,True
266,2011,477.72167582984963,Sham Shui Po,22.330141,114.163247,0,False,Very Close (<500m),True,True,True
283,2011,765.1213840929651,Lok Fu,22.338,114.1871,0,False,Close (500-1000m),False,True,True
283,2011,473.89641125798266,Lok Fu,22.338,114.1871,0,False,Very Close (<500m),True,True,True
255,2011,122.32832121343388,Nam Cheong,22.32829,114.1538,1,True,Very Close (<500m),True,True,True
255,2011,313.31204268888877,Nam Cheong,22.32829,114.1538,0,False,Very Close (<500m),True,True,True
255,2011,287.34693107898346,Nam Cheong,22.32829,114.1538,0,False,Very Close (<500m),True,True,True
255,2011,617.1529044610428,Lai Chi Kok,22.3373,114.1482,0,False,Close (500-1000m),True,True,True
283,2011,315.37983677930947,Lok Fu,22.338,114.1871,0,False,Very Close (<500m),True,True,True
283,2011,599.4326279672863,Lok Fu,22.338,114.1871,0,False,Close (500-1000m),False,True,True
283,2011,549.4678569992466,Kai Tak,22.3304,114.1994,0,False,Close (500-1000m),True,True,True
283,2011,550.4848082798252,Kai Tak,22.3304,114.1994,0,False,Close (500-1000m),True,True,True
283,2011,727.0249620362954,Lok Fu,22.338,114.1871,0,False,Close (500-1000m),False,True,True
225,2011,160.28986443294662,Yau Ma Tei,22.3129,114.1707,0,False,Very Close (<500m),True,True,True
225,2011,109.94826986971046,Yau Ma Tei,22.3129,114.1707,0,False,Very Close (<500m),True,True,True
225,2011,291.16380893678553,Yau Ma Tei,22.3129,114.1707,0,False,Very Close (<500m),True,True,True
264,2011,550.1845884027249,Cheung Sha Wan,22.3354,114.1563,0,False,Close (500-1000m),True,True,True
226,2011,223.30266519124132,Yau Ma Tei,22.3129,114.1707,0,False,Very Close (<500m),True,True,True
226,2011,440.96028066355575,Yau Ma Tei,22.3129,114.1707,0,False,Very Close (<500m),True,True,True
226,2011,258.73629104041413,Yau Ma Tei,22.3129,114.1707,0,False,Very Close (<500m),True,True,True
226,2011,389.1435705028383,Yau Ma Tei,22.3129,114.1707,0,False,Very Close (<500m),True,True,True
266,2011,325.03648497511006,Sham Shui Po,22.330141,114.163247,0,False,Very Close (<500m),True,True,True
266,2011,492.72136313623855,Sham Shui Po,22.330141,114.163247,0,False,Very Close (<500m),True,True,True
244,2011,623.2356415863107,Whampoa,22.305852,114.188799,0,False,Close (500-1000m),False,True,True
244,2011,397.35623474979514,Whampoa,22.305852,114.188799,0,False,Very Close (<500m),True,True,True
244,2011,655.9014374068121,Whampoa,22.305852,114.188799,0,False,Close (500-1000m),True,True,True
245,2011,394.60723647394946,Ho Man Tin,22.308953,114.181612,0,False,Very Close (<500m),True,True,True
245,2011,403.58752350022013,Ho Man Tin,22.308953,114.181612,0,False,Very Close (<500m),True,True,True
245,2011,413.8093467958488,Whampoa,22.305852,114.188799,0,False,Very Close (<500m),True,True,True
245,2011,232.30295876204113,Whampoa,22.305852,114.188799,0,False,Very Close (<500m),True,True,True
245,2011,272.6716588200113,Whampoa,22.305852,114.188799,0,False,Very Close (<500m),True,True,True
232,2011,122.3618166932767,Mong Kok East,22.3222,114.1728,0,False,Very Close (<500m),True,True,True
232,2011,323.71674770323085,Mong Kok East,22.3222,114.1728,0,False,Very Close (<500m),True,True,True
282,2011,203.2275215468256,Lok Fu,22.338,114.1871,0,False,Very Close (<500m),True,True,True
234,2011,591.6599627899993,Mong Kok,22.321624,114.172537,0,False,Close (500-1000m),False,True,True
271,2011,280.64115015212343,Kowloon Tong,22.336809,114.177245,0,False,Very Close (<500m),True,True,True
271,2011,268.37339017912825,Kowloon Tong,22.336809,114.177245,0,False,Very Close (<500m),True,True,True
271,2011,250.24245455139587,Kowloon Tong,22.336809,114.177245,0,False,Very Close (<500m),True,True,True
271,2011,301.13308834421673,Kowloon Tong,22.336809,114.177245,0,False,Very Close (<500m),True,True,True
284,2011,537.042819948209,Diamond Hill,22.339189,114.202382,0,False,Close (500-1000m),True,True,True
284,2011,726.2051519716058,Wong Tai Sin,22.341839,114.192124,0,False,Close (500-1000m),False,True,True
182,2011,1995.4942833787684,Admiralty,22.278399,114.16433,0,False,Moderate (1-2km),False,False,True
182,2011,1771.443836623325,Admiralty,22.278399,114.16433,0,False,Moderate (1-2km),False,False,True
222,2011,228.81794932630163,Prince Edward,22.3245,114.1683,0,False,Very Close (<500m),True,True,True
222,2011,225.07518183382274,Prince Edward,22.3245,114.1683,0,False,Very Close (<500m),True,True,True
222,2011,238.04085829610273,Prince Edward,22.3245,114.1683,0,False,Very Close (<500m),True,True,True
222,2011,260.36819628529094,Mong Kok East,22.3222,114.1728,0,False,Very Close (<500m),True,True,True
283,2011,442.9781518949442,Wong Tai Sin,22.341839,114.192124,0,False,Very Close (<500m),True,True,True
283,2011,532.5865026651168,Wong Tai Sin,22.341839,114.192124,0,False,Close (500-1000m),True,True,True
246,2011,257.3705334680837,Sung Wong Toi,22.326139,114.190407,0,False,Very Close (<500m),True,True,True
246,2011,183.88865232185609,Sung Wong Toi,22.326139,114.190407,0,False,Very Close (<500m),True,True,True
280,2011,583.0026172204842,Kowloon Bay,22.3235,114.2141,0,False,Close (500-1000m),True,True,True
280,2011,675.6070612478462,Kowloon Bay,22.3235,114.2141,0,False,Close (500-1000m),False,True,True
280,2011,785.6387322964068,Kowloon Bay,22.3235,114.2141,0,False,Close (500-1000m),False,True,True
280,2011,785.9591867350784,Kowloon Bay,22.3235,114.2141,0,False,Close (500-1000m),False,True,True
281,2011,980.4296711258949,Diamond Hill,22.339189,114.202382,0,False,Close (500-1000m),False,True,True
281,2011,922.7375594782281,Wong Tai Sin,22.341839,114.192124,0,False,Close (500-1000m),False,True,True
254,2011,601.5425012133976,Olympic,22.3178,114.1602,0,False,Close (500-1000m),False,True,True
252,2011,375.01263941929443,Austin station,22.306294,114.164522,0,False,Very Close (<500m),True,True,True
254,2011,574.0161170419981,Olympic,22.3178,114.1602,0,False,Close (500-1000m),True,True,True
254,2011,529.734020382293,Olympic,22.3178,114.1602,0,False,Close (500-1000m),True,True,True
254,2011,485.07759457291576,Olympic,22.3178,114.1602,0,False,Very Close (<500m),True,True,True
254,2011,451.2016399428898,Olympic,22.3178,114.1602,0,False,Very Close (<500m),True,True,True
252,2011,190.69261610304565,Austin station,22.306294,114.164522,0,False,Very Close (<500m),True,True,True
254,2011,245.41158501278747,Olympic,22.3178,114.1602,0,False,Very Close (<500m),True,True,True
254,2011,655.5565192639401,Nam Cheong,22.32829,114.1538,0,False,Close (500-1000m),False,True,True
254,2011,642.4431944315477,Olympic,22.3178,114.1602,0,False,Close (500-1000m),False,True,True
236,2011,799.9669656947772,Ho Man Tin,22.308953,114.181612,0,False,Close (500-1000m),False,True,True
261,2011,285.74439299115267,Lai Chi Kok,22.3373,114.1482,0,False,Very Close (<500m),True,True,True
261,2011,170.07456567123631,Lai Chi Kok,22.3373,114.1482,0,False,Very Close (<500m),True,True,True
261,2011,149.53345430953792,Lai Chi Kok,22.3373,114.1482,0,False,Very Close (<500m),True,True,True
261,2011,241.7266919627249,Lai Chi Kok,22.3373,114.1482,0,False,Very Close (<500m),True,True,True
261,2011,381.51137660083117,Lai Chi Kok,22.3373,114.1482,0,False,Very Close (<500m),True,True,True
261,2011,515.6462289707046,Lai Chi Kok,22.3373,114.1482,0,False,Close (500-1000m),True,True,True
261,2011,614.419193558777,Lai Chi Kok,22.3373,114.1482,0,False,Close (500-1000m),False,True,True
261,2011,606.4344571930923,Cheung Sha Wan,22.3354,114.1563,0,False,Close (500-1000m),False,True,True
261,2011,623.2802705536717,Cheung Sha Wan,22.3354,114.1563,0,False,Close (500-1000m),False,True,True
261,2011,257.81536332260185,Lai Chi Kok,22.3373,114.1482,0,False,Very Close (<500m),True,True,True
234,2011,662.3679709328738,To Kwa Wan,22.3172,114.1876,0,False,Close (500-1000m),False,True,True
234,2011,485.75933937618555,To Kwa Wan,22.3172,114.1876,0,False,Very Close (<500m),True,True,True
234,2011,567.0875557031495,Mong Kok,22.321624,114.172537,0,False,Close (500-1000m),True,True,True
268,2011,576.4666861744428,Shek Kip Mei,22.332,114.1687,0,False,Close (500-1000m),True,True,True
281,2011,1209.8705977267343,Wong Tai Sin,22.341839,114.192124,0,False,Moderate (1-2km),True,True,True
282,2011,222.93183059174623,Lok Fu,22.338,114.1871,0,False,Very Close (<500m),True,True,True
241,2011,33.98525111801832,To Kwa Wan,22.3172,114.1876,1,True,Very Close (<500m),True,True,True
241,2011,57.57679502513272,To Kwa Wan,22.3172,114.1876,0,False,Very Close (<500m),True,True,True
241,2011,170.97123116353356,To Kwa Wan,22.3172,114.1876,0,False,Very Close (<500m),True,True,True
241,2011,146.45431578654484,To Kwa Wan,22.3172,114.1876,0,False,Very Close (<500m),True,True,True
241,2011,394.7434337179701,To Kwa Wan,22.3172,114.1876,0,False,Very Close (<500m),True,True,True
241,2011,220.51956593222647,To Kwa Wan,22.3172,114.1876,0,False,Very Close (<500m),True,True,True
261,2011,1074.4999328326098,Cheung Sha Wan,22.3354,114.1563,0,False,Moderate (1-2km),False,True,True
280,2011,385.818884705516,Kowloon Bay,22.3235,114.2141,0,False,Very Close (<500m),True,True,True
280,2011,581.0947282647129,Kowloon Bay,22.3235,114.2141,0,False,Close (500-1000m),True,True,True
225,2011,158.53015070235685,Jordan,22.3049,114.1718,0,False,Very Close (<500m),True,True,True
225,2011,265.80477963300507,Austin,22.304236,114.166601,0,False,Very Close (<500m),True,True,True
225,2011,303.24765232287376,Austin,22.304236,114.166601,0,False,Very Close (<500m),True,True,True
225,2011,248.68776562538048,Jordan,22.3049,114.1718,0,False,Very Close (<500m),True,True,True
225,2011,204.02424213837335,Jordan,22.3049,114.1718,0,False,Very Close (<500m),True,True,True
225,2011,161.4113784463757,Jordan,22.3049,114.1718,0,False,Very Close (<500m),True,True,True
225,2011,102.98599135788463,Jordan,22.3049,114.1718,0,False,Very Close (<500m),True,True,True
225,2011,397.99364502183283,Yau Ma Tei,22.3129,114.1707,0,False,Very Close (<500m),True,True,True
225,2011,419.8822338276846,Yau Ma Tei,22.3129,114.1707,0,False,Very Close (<500m),True,True,True
225,2011,419.14638414686647,Yau Ma Tei,22.3129,114.1707,0,False,Very Close (<500m),True,True,True
225,2011,367.4637483310429,Yau Ma Tei,22.3129,114.1707,0,False,Very Close (<500m),True,True,True
225,2011,298.9152554065543,Yau Ma Tei,22.3129,114.1707,0,False,Very Close (<500m),True,True,True
253,2011,124.39810960815767,Olympic,22.3178,114.1602,1,True,Very Close (<500m),True,True,True
253,2011,260.0455717082681,Olympic,22.3178,114.1602,0,False,Very Close (<500m),True,True,True
253,2011,446.5769934897661,Olympic,22.3178,114.1602,0,False,Very Close (<500m),True,True,True
253,2011,530.1091038032137,Olympic,22.3178,114.1602,0,False,Close (500-1000m),True,True,True
253,2011,495.9021748896635,Olympic,22.3178,114.1602,0,False,Very Close (<500m),True,True,True
253,2011,494.9121852207328,Olympic,22.3178,114.1602,0,False,Very Close (<500m),True,True,True
281,2011,515.3778145461984,Wong Tai Sin,22.341839,114.192124,0,False,Close (500-1000m),True,True,True
264,2011,160.16011615655262,Lai Chi Kok,22.3373,114.1482,0,False,Very Close (<500m),True,True,True
281,2011,854.5537323871633,Diamond Hill,22.339189,114.202382,0,False,Close (500-1000m),False,True,True
281,2011,176.04285749564443,Diamond Hill,22.339189,114.202382,0,False,Very Close (<500m),True,True,True
281,2011,1009.3733247517613,Diamond Hill,22.339189,114.202382,0,False,Moderate (1-2km),False,True,True
282,2011,254.34868652054706,Lok Fu,22.338,114.1871,0,False,Very Close (<500m),True,True,True
268,2011,314.7943159267609,Shek Kip Mei,22.332,114.1687,0,False,Very Close (<500m),True,True,True
268,2011,436.72134954340413,Shek Kip Mei,22.332,114.1687,0,False,Very Close (<500m),True,True,True
268,2011,502.73601743925065,Shek Kip Mei,22.332,114.1687,0,False,Close (500-1000m),True,True,True
268,2011,572.1463299839293,Shek Kip Mei,22.332,114.1687,0,False,Close (500-1000m),False,True,True
268,2011,644.3778418460084,Shek Kip Mei,22.332,114.1687,0,False,Close (500-1000m),False,True,True
195,2011,4339.256315320306,Hong Kong station,22.234767,114.170817,0,False,Far (>2km),False,False,False
195,2011,4674.939824026829,Hong Kong station,22.234767,114.170817,0,False,Far (>2km),False,False,False
195,2011,4564.135575627186,Hong Kong station,22.234767,114.170817,0,False,Far (>2km),False,False,False
195,2011,4516.119518782738,Hong Kong station,22.234767,114.170817,0,False,Far (>2km),False,False,False
195,2011,4797.443411315245,Hong Kong station,22.234767,114.170817,0,False,Far (>2km),False,False,False
196,2011,3508.831247065798,Chai Wan,22.2644,114.2368,0,False,Far (>2km),False,False,False
197,2011,2133.3753163933075,Wan Chai,22.264453,114.237044,0,False,Far (>2km),False,True,True
196,2011,3207.3206411584965,Chai Wan,22.2644,114.2368,0,False,Far (>2km),False,False,True
196,2011,3493.5245580149376,Chai Wan,22.2644,114.2368,0,False,Far (>2km),False,False,False
196,2011,4151.579857744006,Chai Wan,22.2644,114.2368,0,False,Far (>2km),False,False,False
196,2011,4224.2514375414285,Chai Wan,22.2644,114.2368,0,False,Far (>2km),False,False,False
196,2011,2920.1110949032495,Chai Wan,22.2644,114.2368,0,False,Far (>2km),False,False,False
197,2011,3030.7254887866425,Wan Chai,22.264453,114.237044,0,False,Far (>2km),False,False,False
196,2011,6182.707140228515,Chai Wan,22.2644,114.2368,0,False,Far (>2km),False,False,False
196,2011,4548.919712717804,Chai Wan,22.2644,114.2368,0,False,Far (>2km),False,False,False
182,2011,1996.033430296112,Central,22.281938,114.158077,0,False,Moderate (1-2km),False,False,True
182,2011,2126.993774711336,Wong Chuk Hang,22.248,114.1681,0,False,Far (>2km),False,False,True
196,2011,3702.572672437421,Chai Wan,22.2644,114.2368,0,False,Far (>2km),False,False,False
197,2011,4762.639453718043,Wan Chai,22.264453,114.237044,0,False,Far (>2km),False,False,False
221,2011,327.68610235482873,Prince Edward,22.3245,114.1683,0,False,Very Close (<500m),True,True,True
221,2011,225.27188691567915,Prince Edward,22.3245,114.1683,0,False,Very Close (<500m),True,True,True
221,2011,155.69828637773537,Prince Edward,22.3245,114.1683,0,False,Very Close (<500m),True,True,True
221,2011,678.1095503548408,Sham Shui Po,22.330141,114.163247,0,False,Close (500-1000m),False,True,True
221,2011,537.681938644919,Sham Shui Po,22.330141,114.163247,0,False,Close (500-1000m),True,True,True
221,2011,384.6229991975134,Prince Edward,22.3245,114.1683,0,False,Very Close (<500m),True,True,True
221,2011,365.1539153006395,Prince Edward,22.3245,114.1683,0,False,Very Close (<500m),True,True,True
195,2011,6179.568600660301,Hong Kong station,22.234767,114.170817,0,False,Far (>2km),False,False,False
195,2011,4065.823832292358,Hong Kong station,22.234767,114.170817,0,False,Far (>2km),False,False,False
195,2011,4252.509810811483,Hong Kong station,22.234767,114.170817,0,False,Far (>2km),False,False,False
195,2011,4129.645512764966,Hong Kong station,22.234767,114.170817,0,False,Far (>2km),False,False,False
195,2011,3818.2869492173563,Hong Kong station,22.234767,114.170817,0,False,Far (>2km),False,False,False
195,2011,5516.448057787637,Hong Kong station,22.234767,114.170817,0,False,Far (>2km),False,False,False
195,2011,4904.835414312002,Hong Kong station,22.234767,114.170817,0,False,Far (>2km),False,False,False
221,2011,131.7421515898115,Prince Edward,22.3245,114.1683,0,False,Very Close (<500m),True,True,True
221,2011,617.4230315096825,Prince Edward,22.3245,114.1683,0,False,Close (500-1000m),False,True,True
221,2011,536.034633808951,Prince Edward,22.3245,114.1683,0,False,Close (500-1000m),True,True,True
221,2011,448.6412302487136,Prince Edward,22.3245,114.1683,0,False,Very Close (<500m),True,True,True
221,2011,391.15912769991496,Prince Edward,22.3245,114.1683,0,False,Very Close (<500m),True,True,True
221,2011,275.3012007695845,Prince Edward,22.3245,114.1683,0,False,Very Close (<500m),True,True,True
327,2011,704.0950650752964,Kwai Hing,22.3632,114.1312,0,False,Close (500-1000m),True,True,True
328,2011,109.56226267709306,Lai King,22.3484,114.1261,1,True,Very Close (<500m),True,True,True
328,2011,571.9897842793,Lai King,22.3484,114.1261,0,False,Close (500-1000m),True,True,True
336,2011,3578.694081239052,Sunny Bay,22.33285,114.028222,0,False,Far (>2km),False,False,False
336,2011,2961.0261752050374,Sunny Bay,22.33285,114.028222,0,False,Far (>2km),False,False,False
336,2011,3253.7674176929577,Sunny Bay,22.33285,114.028222,0,False,Far (>2km),False,False,False
175,2011,112.11254270206642,Wong Chuk Hang,22.248,114.1681,1,True,Very Close (<500m),True,True,True
175,2011,362.21063455040877,Ocean Park,22.2486,114.1743,0,False,Very Close (<500m),True,True,True
175,2011,91.88973051689386,Wong Chuk Hang,22.248,114.1681,0,False,Very Close (<500m),True,True,True
422,2011,2309.429658767627,Tuen Mun,22.394156,113.973948,0,False,Far (>2km),False,False,True
422,2011,2549.942090730765,Tuen Mun,22.394156,113.973948,0,False,Far (>2km),False,False,False
422,2011,2210.512673355971,Tuen Mun,22.394156,113.973948,0,False,Far (>2km),False,False,True
422,2011,2058.1510981052925,Tuen Mun,22.394156,113.973948,0,False,Far (>2km),False,False,True
221,2011,125.18035908408338,Prince Edward,22.3245,114.1683,0,False,Very Close (<500m),True,True,True
221,2011,36.857389883422826,Prince Edward,22.3245,114.1683,0,False,Very Close (<500m),True,True,True
221,2011,658.0612089098097,Olympic,22.3178,114.1602,0,False,Close (500-1000m),False,True,True
221,2011,667.3467031223809,Olympic,22.3178,114.1602,0,False,Close (500-1000m),False,True,True
221,2011,635.2221751658699,Prince Edward,22.3245,114.1683,0,False,Close (500-1000m),False,True,True
221,2011,532.9688786012078,Prince Edward,22.3245,114.1683,0,False,Close (500-1000m),True,True,True
221,2011,285.6211430933498,Prince Edward,22.3245,114.1683,0,False,Very Close (<500m),True,True,True
221,2011,173.12248558289406,Prince Edward,22.3245,114.1683,0,False,Very Close (<500m),True,True,True
221,2011,575.3795917179565,Prince Edward,22.3245,114.1683,0,False,Close (500-1000m),False,True,True
221,2011,559.4625203741467,Olympic,22.3178,114.1602,0,False,Close (500-1000m),False,True,True
221,2011,560.95492295855,Olympic,22.3178,114.1602,0,False,Close (500-1000m),False,True,True
221,2011,564.3599844055947,Olympic,22.3178,114.1602,0,False,Close (500-1000m),False,True,True
221,2011,594.882891374773,Olympic,22.3178,114.1602,0,False,Close (500-1000m),False,True,True
221,2011,558.6871905580555,Olympic,22.3178,114.1602,0,False,Close (500-1000m),False,True,True
290,2011,225.47434099757953,Lam Tin,22.305367,114.234261,0,False,Very Close (<500m),True,True,True
233,2011,741.3840093388345,Sung Wong Toi,22.326139,114.190407,0,False,Close (500-1000m),False,True,True
233,2011,570.876045264293,Sung Wong Toi,22.326139,114.190407,0,False,Close (500-1000m),False,True,True
233,2011,655.7871148431705,Mong Kok East,22.3222,114.1728,0,False,Close (500-1000m),False,True,True
234,2011,867.5636138779997,To Kwa Wan,22.3172,114.1876,0,False,Close (500-1000m),False,True,True
253,2011,446.9240783853024,Yau Ma Tei,22.3129,114.1707,0,False,Very Close (<500m),True,True,True
253,2011,581.9758767193314,Yau Ma Tei,22.3129,114.1707,0,False,Close (500-1000m),True,True,True
254,2011,671.4008169721911,Nam Cheong,22.32829,114.1538,0,False,Close (500-1000m),False,True,True
254,2011,561.8759380899401,Nam Cheong,22.32829,114.1538,0,False,Close (500-1000m),True,True,True
254,2011,469.80965487795737,Nam Cheong,22.32829,114.1538,0,False,Very Close (<500m),True,True,True
254,2011,707.116926737989,Nam Cheong,22.32829,114.1538,0,False,Close (500-1000m),False,True,True
227,2011,472.9443925053736,Mong Kok,22.321624,114.172537,0,False,Very Close (<500m),True,True,True
227,2011,348.11932072657083,Yau Ma Tei,22.3129,114.1707,0,False,Very Close (<500m),True,True,True
254,2011,637.4365443434467,Nam Cheong,22.32829,114.1538,0,False,Close (500-1000m),False,True,True
256,2011,323.00492243112006,Airport,22.304925,114.1616,0,False,Very Close (<500m),True,True,True
256,2011,302.5815018436944,Austin,22.304236,114.166601,0,False,Very Close (<500m),True,True,True
256,2011,214.9481531403829,Austin,22.304236,114.166601,0,False,Very Close (<500m),True,True,True
256,2011,219.6936142629611,Austin,22.304236,114.166601,0,False,Very Close (<500m),True,True,True
268,2011,580.856777923658,Shek Kip Mei,22.332,114.1687,0,False,Close (500-1000m),True,True,True
268,2011,725.8296016726417,Shek Kip Mei,22.332,114.1687,0,False,Close (500-1000m),False,True,True
268,2011,631.0689103040144,Shek Kip Mei,22.332,114.1687,0,False,Close (500-1000m),False,True,True
268,2011,654.1254422514826,Mong Kok East,22.3222,114.1728,0,False,Close (500-1000m),True,True,True
285,2011,397.4490088145504,Sung Wong Toi,22.326139,114.190407,0,False,Very Close (<500m),True,True,True
285,2011,404.4866218326122,Sung Wong Toi,22.326139,114.190407,0,False,Very Close (<500m),True,True,True
285,2011,417.45959367257217,Sung Wong Toi,22.326139,114.190407,0,False,Very Close (<500m),True,True,True
285,2011,441.65685122531494,Sung Wong Toi,22.326139,114.190407,0,False,Very Close (<500m),True,True,True
241,2011,280.88580912306605,To Kwa Wan,22.3172,114.1876,0,False,Very Close (<500m),True,True,True
241,2011,372.4967191034129,To Kwa Wan,22.3172,114.1876,0,False,Very Close (<500m),True,True,True
241,2011,477.9565643336312,To Kwa Wan,22.3172,114.1876,0,False,Very Close (<500m),True,True,True
241,2011,276.3213517517393,To Kwa Wan,22.3172,114.1876,0,False,Very Close (<500m),True,True,True
242,2011,312.5729273766382,Sung Wong Toi,22.326139,114.190407,0,False,Very Close (<500m),True,True,True
242,2011,491.102220421781,Sung Wong Toi,22.326139,114.190407,0,False,Very Close (<500m),True,True,True
242,2011,405.92004939113895,Sung Wong Toi,22.326139,114.190407,0,False,Very Close (<500m),True,True,True
242,2011,439.142419293101,Sung Wong Toi,22.326139,114.190407,0,False,Very Close (<500m),True,True,True
242,2011,464.6066844088739,Sung Wong Toi,22.326139,114.190407,0,False,Very Close (<500m),True,True,True
242,2011,482.6396881498441,Sung Wong Toi,22.326139,114.190407,0,False,Very Close (<500m),True,True,True
242,2011,499.07279942854376,Sung Wong Toi,22.326139,114.190407,0,False,Very Close (<500m),True,True,True
242,2011,515.86060051724,Sung Wong Toi,22.326139,114.190407,0,False,Close (500-1000m),True,True,True
242,2011,533.8093372571719,Sung Wong Toi,22.326139,114.190407,0,False,Close (500-1000m),True,True,True
242,2011,552.5113481443163,Sung Wong Toi,22.326139,114.190407,0,False,Close (500-1000m),False,True,True
242,2011,571.234993529119,Sung Wong Toi,22.326139,114.190407,0,False,Close (500-1000m),False,True,True
242,2011,591.0717833300292,Sung Wong Toi,22.326139,114.190407,0,False,Close (500-1000m),False,True,True
242,2011,611.3105152827311,Sung Wong Toi,22.326139,114.190407,0,False,Close (500-1000m),False,True,True
242,2011,631.839897797278,Sung Wong Toi,22.326139,114.190407,0,False,Close (500-1000m),False,True,True
242,2011,653.1951544380044,Sung Wong Toi,22.326139,114.190407,0,False,Close (500-1000m),False,True,True
242,2011,680.3602501851319,Sung Wong Toi,22.326139,114.190407,0,False,Close (500-1000m),False,True,True
242,2011,555.6620004381717,To Kwa Wan,22.3172,114.1876,0,False,Close (500-1000m),True,True,True
242,2011,485.6720807282235,To Kwa Wan,22.3172,114.1876,0,False,Very Close (<500m),True,True,True
242,2011,255.66275488633096,To Kwa Wan,22.3172,114.1876,0,False,Very Close (<500m),True,True,True
242,2011,267.0207770577523,To Kwa Wan,22.3172,114.1876,0,False,Very Close (<500m),True,True,True
242,2011,362.22767248329006,To Kwa Wan,22.3172,114.1876,0,False,Very Close (<500m),True,True,True
242,2011,483.73726800853103,To Kwa Wan,22.3172,114.1876,0,False,Very Close (<500m),True,True,True
242,2011,160.15014913954062,To Kwa Wan,22.3172,114.1876,0,False,Very Close (<500m),True,True,True
233,2011,594.7551018558365,Mong Kok East,22.3222,114.1728,0,False,Close (500-1000m),False,True,True
233,2011,914.7629764879457,Sung Wong Toi,22.326139,114.190407,0,False,Close (500-1000m),False,True,True
234,2011,674.9725468951409,Mong Kok East,22.3222,114.1728,0,False,Close (500-1000m),False,True,True
226,2011,229.74795207720052,Ho Man Tin,22.308953,114.181612,0,False,Very Close (<500m),True,True,True
227,2011,416.8250245352307,Mong Kok,22.321624,114.172537,0,False,Very Close (<500m),True,True,True
227,2011,368.0587896628425,Mong Kok,22.321624,114.172537,0,False,Very Close (<500m),True,True,True
268,2011,570.0242239472037,Shek Kip Mei,22.332,114.1687,0,False,Close (500-1000m),True,True,True
268,2011,300.9127368384056,Kowloon Tong,22.336809,114.177245,0,False,Very Close (<500m),True,True,True
268,2011,383.4840355413662,Kowloon Tong,22.336809,114.177245,0,False,Very Close (<500m),True,True,True
256,2011,442.1830251592925,Airport,22.304925,114.1616,0,False,Very Close (<500m),True,True,True
260,2011,221.6867183631964,Mei Foo,22.336907,114.140573,0,False,Very Close (<500m),True,True,True
260,2011,293.5724439167029,Mei Foo,22.336907,114.140573,0,False,Very Close (<500m),True,True,True
260,2011,95.94885189378526,Mei Foo,22.336907,114.140573,1,True,Very Close (<500m),True,True,True
260,2011,330.7816280148555,Mei Foo,22.336907,114.140573,0,False,Very Close (<500m),True,True,True
260,2011,134.74508109391093,Mei Foo,22.336907,114.140573,0,False,Very Close (<500m),True,True,True
260,2011,256.54729099406103,Mei Foo,22.336907,114.140573,0,False,Very Close (<500m),True,True,True
260,2011,468.47052414610323,Mei Foo,22.336907,114.140573,0,False,Very Close (<500m),True,True,True
281,2011,1102.2426001126992,Wong Tai Sin,22.341839,114.192124,0,False,Moderate (1-2km),False,True,True
281,2011,1149.0095082087541,Diamond Hill,22.339189,114.202382,0,False,Moderate (1-2km),False,False,True
252,2011,357.3408086746625,Austin station,22.306294,114.164522,0,False,Very Close (<500m),True,True,True
227,2011,325.65918237920596,Mong Kok,22.321624,114.172537,0,False,Very Close (<500m),True,True,True
227,2011,289.52874682432804,Mong Kok,22.321624,114.172537,0,False,Very Close (<500m),True,True,True
227,2011,260.97153465038537,Mong Kok,22.321624,114.172537,0,False,Very Close (<500m),True,True,True
227,2011,249.29405207373043,Mong Kok,22.321624,114.172537,0,False,Very Close (<500m),True,True,True
227,2011,483.6467912434653,Mong Kok,22.321624,114.172537,0,False,Very Close (<500m),True,True,True
227,2011,442.3379172907304,Mong Kok,22.321624,114.172537,0,False,Very Close (<500m),True,True,True
227,2011,408.08492604621637,Mong Kok,22.321624,114.172537,0,False,Very Close (<500m),True,True,True
227,2011,379.65146704644525,Mong Kok,22.321624,114.172537,0,False,Very Close (<500m),True,True,True
227,2011,351.45105316888584,Mong Kok,22.321624,114.172537,0,False,Very Close (<500m),True,True,True
227,2011,469.67453602449103,Yau Ma Tei,22.3129,114.1707,0,False,Very Close (<500m),True,True,True
227,2011,477.1741385926563,Yau Ma Tei,22.3129,114.1707,0,False,Very Close (<500m),True,True,True
227,2011,492.01683522604645,Yau Ma Tei,22.3129,114.1707,0,False,Very Close (<500m),True,True,True
227,2011,473.02163574154883,Mong Kok,22.321624,114.172537,0,False,Very Close (<500m),True,True,True
227,2011,455.85676729329816,Mong Kok,22.321624,114.172537,0,False,Very Close (<500m),True,True,True
227,2011,420.55144464939,Mong Kok,22.321624,114.172537,0,False,Very Close (<500m),True,True,True
288,2011,556.4742988383992,Choi Hung,22.334161,114.210289,0,False,Close (500-1000m),True,True,True
288,2011,292.4160534100636,Choi Hung,22.334161,114.210289,0,False,Very Close (<500m),True,True,True
288,2011,191.6453087681511,Choi Hung,22.334161,114.210289,0,False,Very Close (<500m),True,True,True
288,2011,506.58869140034307,Diamond Hill,22.339189,114.202382,0,False,Close (500-1000m),True,True,True
288,2011,444.30059160622403,Choi Hung,22.334161,114.210289,0,False,Very Close (<500m),True,True,True
288,2011,707.2991795092652,Choi Hung,22.334161,114.210289,0,False,Close (500-1000m),False,True,True
288,2011,717.0780685331853,Diamond Hill,22.339189,114.202382,0,False,Close (500-1000m),False,True,True
288,2011,803.2944789279983,Choi Hung,22.334161,114.210289,0,False,Close (500-1000m),False,True,True
288,2011,792.6091879270574,Diamond Hill,22.339189,114.202382,0,False,Close (500-1000m),False,True,True
288,2011,773.1916283159107,Diamond Hill,22.339189,114.202382,0,False,Close (500-1000m),False,True,True
260,2011,199.89583414567224,Mei Foo,22.336907,114.140573,0,False,Very Close (<500m),True,True,True
242,2011,200.78433446254326,To Kwa Wan,22.3172,114.1876,0,False,Very Close (<500m),True,True,True
242,2011,257.93550103230064,To Kwa Wan,22.3172,114.1876,0,False,Very Close (<500m),True,True,True
242,2011,338.07645115817513,To Kwa Wan,22.3172,114.1876,0,False,Very Close (<500m),True,True,True
242,2011,105.87798327960806,To Kwa Wan,22.3172,114.1876,0,False,Very Close (<500m),True,True,True
242,2011,137.1064747177191,To Kwa Wan,22.3172,114.1876,0,False,Very Close (<500m),True,True,True
242,2011,182.79524244404126,To Kwa Wan,22.3172,114.1876,0,False,Very Close (<500m),True,True,True
242,2011,304.769497495173,To Kwa Wan,22.3172,114.1876,0,False,Very Close (<500m),True,True,True
242,2011,414.4045051936037,To Kwa Wan,22.3172,114.1876,0,False,Very Close (<500m),True,True,True
265,2011,331.30490324630665,Cheung Sha Wan,22.3354,114.1563,0,False,Very Close (<500m),True,True,True
288,2011,337.976947879915,Choi Hung,22.334161,114.210289,0,False,Very Close (<500m),True,True,True
242,2011,238.42344878008976,To Kwa Wan,22.3172,114.1876,0,False,Very Close (<500m),True,True,True
290,2011,257.25435291959656,Kwun Tong,22.311559,114.227765,0,False,Very Close (<500m),True,True,True
290,2011,417.1293523630759,Kwun Tong,22.311559,114.227765,0,False,Very Close (<500m),True,True,True
214,2011,310.86889493195173,Tsim Sha Tsui,22.2973,114.1722,0,False,Very Close (<500m),True,True,True
214,2011,207.21222933081128,Tsim Sha Tsui,22.2973,114.1722,0,False,Very Close (<500m),True,True,True
221,2011,457.47902108935256,Prince Edward,22.3245,114.1683,0,False,Very Close (<500m),True,True,True
221,2011,362.8184121107631,Prince Edward,22.3245,114.1683,0,False,Very Close (<500m),True,True,True
221,2011,304.3314199347898,Prince Edward,22.3245,114.1683,0,False,Very Close (<500m),True,True,True
221,2011,273.26117973060286,Prince Edward,22.3245,114.1683,0,False,Very Close (<500m),True,True,True
221,2011,198.54562833750103,Prince Edward,22.3245,114.1683,0,False,Very Close (<500m),True,True,True
221,2011,340.52714608048024,Olympic,22.3178,114.1602,0,False,Very Close (<500m),True,True,True
221,2011,325.67829526758396,Olympic,22.3178,114.1602,0,False,Very Close (<500m),True,True,True
221,2011,385.67020406685344,Olympic,22.3178,114.1602,0,False,Very Close (<500m),True,True,True
221,2011,235.06917533200712,Olympic,22.3178,114.1602,0,False,Very Close (<500m),True,True,True
221,2011,252.8853436498749,Olympic,22.3178,114.1602,0,False,Very Close (<500m),True,True,True
222,2011,151.10740270763202,Prince Edward,22.3245,114.1683,0,False,Very Close (<500m),True,True,True
222,2011,170.13268343056092,Prince Edward,22.3245,114.1683,0,False,Very Close (<500m),True,True,True
222,2011,203.2047270565414,Prince Edward,22.3245,114.1683,0,False,Very Close (<500m),True,True,True
222,2011,248.2906927105538,Prince Edward,22.3245,114.1683,0,False,Very Close (<500m),True,True,True
222,2011,418.181050642741,Prince Edward,22.3245,114.1683,0,False,Very Close (<500m),True,True,True
222,2011,59.39012457611343,Prince Edward,22.3245,114.1683,1,True,Very Close (<500m),True,True,True
222,2011,148.29544144234757,Prince Edward,22.3245,114.1683,0,False,Very Close (<500m),True,True,True
222,2011,207.8347312063412,Prince Edward,22.3245,114.1683,0,False,Very Close (<500m),True,True,True
222,2011,319.4066134677629,Prince Edward,22.3245,114.1683,0,False,Very Close (<500m),True,True,True
222,2011,319.18411789332214,Mong Kok East,22.3222,114.1728,0,False,Very Close (<500m),True,True,True
222,2011,107.03950661067229,Prince Edward,22.3245,114.1683,0,False,Very Close (<500m),True,True,True
222,2011,139.0611927613884,Prince Edward,22.3245,114.1683,0,False,Very Close (<500m),True,True,True
510,2011,2238.0099576587363,Tin Shui Wai,22.446803,114.003028,0,False,Far (>2km),False,False,False
525,2011,793.2972140067654,Yuen Long,22.4461,114.0352,0,False,Close (500-1000m),False,True,True
526,2011,2709.3525037100358,Kam Sheung Road,22.4348,114.0634,0,False,Far (>2km),False,False,True
513,2011,3827.861449013425,Siu Hong,22.413564,113.979115,0,False,Far (>2km),False,False,False
513,2011,2614.6434171920814,Tin Shui Wai,22.446803,114.003028,0,False,Far (>2km),False,False,False
515,2011,740.6447142150148,Tin Shui Wai,22.446803,114.003028,0,False,Close (500-1000m),True,True,True
515,2011,361.62771063578407,Tin Shui Wai,22.446803,114.003028,0,False,Very Close (<500m),True,True,True
522,2011,2172.05390872798,Yuen Long,22.4461,114.0352,0,False,Far (>2km),False,False,True
522,2011,2146.5638799044823,Yuen Long,22.4461,114.0352,0,False,Far (>2km),False,False,True
513,2011,4381.765253557545,Siu Hong,22.413564,113.979115,0,False,Far (>2km),False,False,False
516,2011,3027.385402974072,Long Ping,22.449302,114.027269,0,False,Far (>2km),False,False,False
288,2011,880.218160537133,Choi Hung,22.334161,114.210289,0,False,Close (500-1000m),False,True,True
288,2011,113.76312984176302,Choi Hung,22.334161,114.210289,0,False,Very Close (<500m),True,True,True
288,2011,938.3318002441549,Choi Hung,22.334161,114.210289,0,False,Close (500-1000m),False,True,True
290,2011,233.52798554705342,Lam Tin,22.305367,114.234261,1,True,Very Close (<500m),True,True,True
214,2011,282.65657143143005,East Tsim Sha Tsui,22.295195,114.174446,0,False,Very Close (<500m),True,True,True
214,2011,130.2515574698469,Tsim Sha Tsui,22.2973,114.1722,0,False,Very Close (<500m),True,True,True
214,2011,200.7532844391149,Tsim Sha Tsui,22.2973,114.1722,0,False,Very Close (<500m),True,True,True
214,2011,170.93353455093148,East Tsim Sha Tsui,22.295195,114.174446,0,False,Very Close (<500m),True,True,True
214,2011,198.7800681981752,East Tsim Sha Tsui,22.295195,114.174446,0,False,Very Close (<500m),True,True,True
214,2011,103.46374706176817,East Tsim Sha Tsui,22.295195,114.174446,0,False,Very Close (<500m),True,True,True
214,2011,149.38246450511213,East Tsim Sha Tsui,22.295195,114.174446,0,False,Very Close (<500m),True,True,True
214,2011,21.2773992663049,East Tsim Sha Tsui,22.295195,114.174446,1,True,Very Close (<500m),True,True,True
214,2011,38.57110049642871,Tsim Sha Tsui,22.2973,114.1722,1,True,Very Close (<500m),True,True,True
214,2011,144.18200489871617,Tsim Sha Tsui,22.2973,114.1722,0,False,Very Close (<500m),True,True,True
282,2011,314.3548581662765,Lok Fu,22.338,114.1871,0,False,Very Close (<500m),True,True,True
269,2011,371.5587743042199,Nam Cheong,22.32829,114.1538,0,False,Very Close (<500m),True,True,True
271,2011,738.7956100246128,Kowloon Tong,22.336809,114.177245,0,False,Close (500-1000m),False,True,True
271,2011,736.6853616592908,Kowloon Tong,22.336809,114.177245,0,False,Close (500-1000m),False,True,True
271,2011,664.6799366324319,Kowloon Tong,22.336809,114.177245,0,False,Close (500-1000m),False,True,True
282,2011,193.0749861207214,Lok Fu,22.338,114.1871,0,False,Very Close (<500m),True,True,True
283,2011,391.49381504276295,Lok Fu,22.338,114.1871,0,False,Very Close (<500m),True,True,True
271,2011,80.45084627005012,Kowloon Tong,22.336809,114.177245,0,False,Very Close (<500m),True,True,True
271,2011,94.38780543158443,Kowloon Tong,22.336809,114.177245,1,True,Very Close (<500m),True,True,True
271,2011,221.74031271855293,Kowloon Tong,22.336809,114.177245,0,False,Very Close (<500m),True,True,True
271,2011,349.2669010069761,Kowloon Tong,22.336809,114.177245,0,False,Very Close (<500m),True,True,True
271,2011,439.66096826216943,Kowloon Tong,22.336809,114.177245,0,False,Very Close (<500m),True,True,True
271,2011,472.18405329484256,Kowloon Tong,22.336809,114.177245,0,False,Very Close (<500m),True,True,True
271,2011,533.8841600133704,Kowloon Tong,22.336809,114.177245,0,False,Close (500-1000m),True,True,True
271,2011,580.5619570511305,Kowloon Tong,22.336809,114.177245,0,False,Close (500-1000m),True,True,True
265,2011,317.89325610803155,Cheung Sha Wan,22.3354,114.1563,0,False,Very Close (<500m),True,True,True
265,2011,475.7727978482025,Sham Shui Po,22.330141,114.163247,0,False,Very Close (<500m),True,True,True
265,2011,500.277214395699,Sham Shui Po,22.330141,114.163247,0,False,Close (500-1000m),True,True,True
265,2011,446.80566229581535,Nam Cheong,22.32829,114.1538,0,False,Very Close (<500m),True,True,True
175,2011,206.32426202318257,Ocean Park,22.2486,114.1743,1,True,Very Close (<500m),True,True,True
175,2011,868.2690440815564,Hong Kong station,22.234767,114.170817,0,False,Close (500-1000m),False,True,True
175,2011,403.35678491747535,Wong Chuk Hang,22.248,114.1681,0,False,Very Close (<500m),True,True,True
175,2011,385.23093138652945,Wong Chuk Hang,22.248,114.1681,0,False,Very Close (<500m),True,True,True
175,2011,245.93546439030794,Ocean Park,22.2486,114.1743,0,False,Very Close (<500m),True,True,True
175,2011,462.7541266919768,Ocean Park,22.2486,114.1743,0,False,Very Close (<500m),True,True,True
192,2011,2117.4325059145967,Ocean Park,22.2486,114.1743,0,False,Far (>2km),False,False,False
282,2011,238.2974239895562,Lok Fu,22.338,114.1871,0,False,Very Close (<500m),True,True,True
235,2011,631.1898864782668,Yau Ma Tei,22.3129,114.1707,0,False,Close (500-1000m),False,True,True
235,2011,631.6178452946178,Yau Ma Tei,22.3129,114.1707,0,False,Close (500-1000m),False,True,True
235,2011,554.5012724312501,Yau Ma Tei,22.3129,114.1707,0,False,Close (500-1000m),False,True,True
269,2011,941.9233590248283,Mei Foo,22.336907,114.140573,0,False,Close (500-1000m),False,True,True
264,2011,462.98811822747,Sham Shui Po,22.330141,114.163247,0,False,Very Close (<500m),True,True,True
264,2011,433.9065314630263,Cheung Sha Wan,22.3354,114.1563,0,False,Very Close (<500m),True,True,True
264,2011,468.7896499370274,Cheung Sha Wan,22.3354,114.1563,0,False,Very Close (<500m),True,True,True
264,2011,457.573393075652,Lai Chi Kok,22.3373,114.1482,0,False,Very Close (<500m),True,True,True
264,2011,420.86247322999816,Cheung Sha Wan,22.3354,114.1563,0,False,Very Close (<500m),True,True,True
264,2011,371.9049592692889,Cheung Sha Wan,22.3354,114.1563,0,False,Very Close (<500m),True,True,True
286,2011,507.65065310466764,Ngau Tau Kok,22.3154,114.2193,0,False,Close (500-1000m),True,True,True
286,2011,1242.380835060321,Ngau Tau Kok,22.3154,114.2193,0,False,Moderate (1-2km),False,True,True
227,2011,358.1716161754339,Yau Ma Tei,22.3129,114.1707,0,False,Very Close (<500m),True,True,True
227,2011,376.4865610533649,Yau Ma Tei,22.3129,114.1707,0,False,Very Close (<500m),True,True,True
227,2011,477.82389910303095,Yau Ma Tei,22.3129,114.1707,0,False,Very Close (<500m),True,True,True
271,2011,586.8570497561699,Kowloon Tong,22.336809,114.177245,0,False,Close (500-1000m),True,True,True
271,2011,587.4498547233212,Kowloon Tong,22.336809,114.177245,0,False,Close (500-1000m),True,True,True
271,2011,589.7469164096311,Kowloon Tong,22.336809,114.177245,0,False,Close (500-1000m),True,True,True
271,2011,624.2936796017809,Kowloon Tong,22.336809,114.177245,0,False,Close (500-1000m),True,True,True
271,2011,593.7238872208588,Kowloon Tong,22.336809,114.177245,0,False,Close (500-1000m),False,True,True
271,2011,654.062459466283,Kowloon Tong,22.336809,114.177245,0,False,Close (500-1000m),False,True,True
271,2011,697.8810009089403,Kowloon Tong,22.336809,114.177245,0,False,Close (500-1000m),False,True,True
271,2011,742.9851111970032,Kowloon Tong,22.336809,114.177245,0,False,Close (500-1000m),False,True,True
271,2011,749.1359760767966,Kowloon Tong,22.336809,114.177245,0,False,Close (500-1000m),False,True,True
283,2011,552.5255939922006,Sung Wong Toi,22.326139,114.190407,0,False,Close (500-1000m),False,True,True
283,2011,611.513143352253,Kai Tak,22.3304,114.1994,0,False,Close (500-1000m),True,True,True
283,2011,165.72952697031192,Wong Tai Sin,22.341839,114.192124,0,False,Very Close (<500m),True,True,True
283,2011,255.14250950960619,Wong Tai Sin,22.341839,114.192124,0,False,Very Close (<500m),True,True,True
283,2011,220.99696831027202,Wong Tai Sin,22.341839,114.192124,0,False,Very Close (<500m),True,True,True
283,2011,221.70631376284516,Wong Tai Sin,22.341839,114.192124,0,False,Very Close (<500m),True,True,True
286,2011,727.7579727429356,Ngau Tau Kok,22.3154,114.2193,0,False,Close (500-1000m),False,True,True
286,2011,881.7592364906458,Ngau Tau Kok,22.3154,114.2193,0,False,Close (500-1000m),False,True,True
193,2011,3909.4972938952,Hong Kong station,22.234767,114.170817,0,False,Far (>2km),False,False,False
192,2011,2187.449843975218,Ocean Park,22.2486,114.1743,0,False,Far (>2km),False,False,True
264,2011,327.67484471567457,Lai Chi Kok,22.3373,114.1482,0,False,Very Close (<500m),True,True,True
265,2011,212.07641767821073,Cheung Sha Wan,22.3354,114.1563,0,False,Very Close (<500m),True,True,True
265,2011,329.96826049945145,Cheung Sha Wan,22.3354,114.1563,0,False,Very Close (<500m),True,True,True
265,2011,441.8463079652915,Cheung Sha Wan,22.3354,114.1563,0,False,Very Close (<500m),True,True,True
265,2011,452.32593719462585,Cheung Sha Wan,22.3354,114.1563,0,False,Very Close (<500m),True,True,True
265,2011,357.6463521069123,Sham Shui Po,22.330141,114.163247,0,False,Very Close (<500m),True,True,True
265,2011,368.5633665211051,Sham Shui Po,22.330141,114.163247,0,False,Very Close (<500m),True,True,True
265,2011,353.15467134054575,Nam Cheong,22.32829,114.1538,0,False,Very Close (<500m),True,True,True
265,2011,398.32464034865035,Nam Cheong,22.32829,114.1538,0,False,Very Close (<500m),True,True,True
265,2011,375.2633266244413,Sham Shui Po,22.330141,114.163247,0,False,Very Close (<500m),True,True,True
242,2011,328.90277765067117,To Kwa Wan,22.3172,114.1876,0,False,Very Close (<500m),True,True,True
242,2011,381.5706322452423,To Kwa Wan,22.3172,114.1876,0,False,Very Close (<500m),True,True,True
243,2011,438.8012822577605,To Kwa Wan,22.3172,114.1876,0,False,Very Close (<500m),True,True,True
243,2011,517.7652865611198,To Kwa Wan,22.3172,114.1876,0,False,Close (500-1000m),True,True,True
261,2011,413.32837586023015,Lai Chi Kok,22.3373,114.1482,0,False,Very Close (<500m),True,True,True
261,2011,364.85597564930566,Lai Chi Kok,22.3373,114.1482,0,False,Very Close (<500m),True,True,True
262,2011,642.7670432015195,Cheung Sha Wan,22.3354,114.1563,0,False,Close (500-1000m),True,True,True
227,2011,400.5134939727795,Yau Ma Tei,22.3129,114.1707,0,False,Very Close (<500m),True,True,True
246,2011,243.71609105342642,Sung Wong Toi,22.326139,114.190407,0,False,Very Close (<500m),True,True,True
247,2011,476.4592909219066,To Kwa Wan,22.3172,114.1876,0,False,Very Close (<500m),True,True,True
247,2011,510.2143100084628,To Kwa Wan,22.3172,114.1876,0,False,Close (500-1000m),True,True,True
211,2011,198.65107686275184,Jordan,22.3049,114.1718,0,False,Very Close (<500m),True,True,True
211,2011,150.30183586130403,Jordan,22.3049,114.1718,0,False,Very Close (<500m),True,True,True
211,2011,99.05112930456042,Jordan,22.3049,114.1718,0,False,Very Close (<500m),True,True,True
211,2011,44.03717931854226,Jordan,22.3049,114.1718,0,False,Very Close (<500m),True,True,True
247,2011,572.2795587837365,To Kwa Wan,22.3172,114.1876,0,False,Close (500-1000m),False,True,True
247,2011,535.0847185680951,To Kwa Wan,22.3172,114.1876,0,False,Close (500-1000m),True,True,True
