TPU_ID,YEAR,nearest_mtr_distance,nearest_mtr_station,nearest_mtr_lat,nearest_mtr_lon,mtr_stations_count,has_mtr_station,mtr_proximity_category,within_500m_buffer,within_1000m_buffer,within_2000m_buffer
920,2016,12448.50248075157,Disneyland Resort,22.3155,114.0451,0,False,Far (>2km),False,False,False
920,2016,12645.17082910177,Disneyland Resort,22.3155,114.0451,0,False,Far (>2km),False,False,False
911,2016,5770.215103376655,Hong Kong station,22.234767,114.170817,0,False,Far (>2km),False,False,False
920,2016,12786.686808198288,Tung Chung,22.2893,113.9416,0,False,Far (>2km),False,False,False
933,2016,11484.841163552037,Tung Chung,22.2893,113.9416,0,False,Far (>2km),False,False,False
920,2016,13049.59359617708,Disneyland Resort,22.3155,114.0451,0,False,Far (>2km),False,False,False
911,2016,5141.719531305751,South Horizons,22.2425,114.1491,0,False,Far (>2km),False,False,False
920,2016,12687.357838176713,Disneyland Resort,22.3155,114.0451,0,False,Far (>2km),False,False,False
920,2016,12679.961963483724,Disneyland Resort,22.3155,114.0451,0,False,Far (>2km),False,False,False
934,2016,15164.383740918982,Tung Chung,22.2893,113.9416,0,False,Far (>2km),False,False,False
934,2016,15000.391264892747,Tung Chung,22.2893,113.9416,0,False,Far (>2km),False,False,False
913,2016,11592.34951307818,Chai Wan,22.2644,114.2368,0,False,Far (>2km),False,False,False
920,2016,12038.672479835817,South Horizons,22.2425,114.1491,0,False,Far (>2km),False,False,False
920,2016,12044.757817473737,Disneyland Resort,22.3155,114.0451,0,False,Far (>2km),False,False,False
911,2016,4463.034554105341,South Horizons,22.2425,114.1491,0,False,Far (>2km),False,False,False
195,2016,4564.13561464125,Hong Kong station,22.234767,114.170817,0,False,Far (>2km),False,False,False
195,2016,4904.943876993809,Hong Kong station,22.234767,114.170817,0,False,Far (>2km),False,False,False
911,2016,3729.501970116459,South Horizons,22.2425,114.1491,0,False,Far (>2km),False,False,False
912,2016,4031.329976728823,South Horizons,22.2425,114.1491,0,False,Far (>2km),False,False,False
193,2016,3812.6937570580953,Hong Kong station,22.234767,114.170817,0,False,Far (>2km),False,False,False
193,2016,3739.9225892246445,Hong Kong station,22.234767,114.170817,0,False,Far (>2km),False,False,False
912,2016,3234.1195977218167,South Horizons,22.2425,114.1491,0,False,Far (>2km),False,False,False
195,2016,4580.962652210288,Hong Kong station,22.234767,114.170817,0,False,Far (>2km),False,False,False
920,2016,10886.904356052844,Disneyland Resort,22.3155,114.0451,0,False,Far (>2km),False,False,False
912,2016,5141.024297101821,South Horizons,22.2425,114.1491,0,False,Far (>2km),False,False,False
942,2016,12394.107677004917,Tung Chung,22.2893,113.9416,0,False,Far (>2km),False,False,False
920,2016,10636.784389485494,Disneyland Resort,22.3155,114.0451,0,False,Far (>2km),False,False,False
195,2016,4129.645474317372,Hong Kong station,22.234767,114.170817,0,False,Far (>2km),False,False,False
197,2016,4034.144670284403,Wan Chai,22.264453,114.237044,0,False,Far (>2km),False,False,False
941,2016,10183.680869581587,Tung Chung,22.2893,113.9416,0,False,Far (>2km),False,False,False
912,2016,3544.5146473274367,South Horizons,22.2425,114.1491,0,False,Far (>2km),False,False,False
192,2016,2909.6400472240507,Hong Kong station,22.234767,114.170817,0,False,Far (>2km),False,False,False
931,2016,9924.167599212946,Disneyland Resort,22.3155,114.0451,0,False,Far (>2km),False,False,False
197,2016,4051.526448337933,Wan Chai,22.264453,114.237044,0,False,Far (>2km),False,False,False
174,2016,1124.1653009414247,Hong Kong station,22.234767,114.170817,0,False,Moderate (1-2km),False,True,True
196,2016,6182.748039765798,Chai Wan,22.2644,114.2368,0,False,Far (>2km),False,False,False
193,2016,3909.595255889957,Hong Kong station,22.234767,114.170817,0,False,Far (>2km),False,False,False
920,2016,11482.56007982413,Disneyland Resort,22.3155,114.0451,0,False,Far (>2km),False,False,False
195,2016,5516.457730312035,Hong Kong station,22.234767,114.170817,0,False,Far (>2km),False,False,False
193,2016,2597.433503772808,Hong Kong station,22.234767,114.170817,0,False,Far (>2km),False,False,False
920,2016,11710.780519346754,Disneyland Resort,22.3155,114.0451,0,False,Far (>2km),False,False,False
942,2016,13484.941711106985,Tung Chung,22.2893,113.9416,0,False,Far (>2km),False,False,False
195,2016,5057.1117517048,Hong Kong station,22.234767,114.170817,0,False,Far (>2km),False,False,False
195,2016,4807.597439467038,Hong Kong station,22.234767,114.170817,0,False,Far (>2km),False,False,False
934,2016,14265.144317708246,Tung Chung,22.2893,113.9416,0,False,Far (>2km),False,False,False
934,2016,14420.526547011192,Tung Chung,22.2893,113.9416,0,False,Far (>2km),False,False,False
934,2016,13647.080514961608,Tung Chung,22.2893,113.9416,0,False,Far (>2km),False,False,False
934,2016,13312.486931248646,Tung Chung,22.2893,113.9416,0,False,Far (>2km),False,False,False
195,2016,5269.143595449835,Hong Kong station,22.234767,114.170817,0,False,Far (>2km),False,False,False
911,2016,4138.641106540269,South Horizons,22.2425,114.1491,0,False,Far (>2km),False,False,False
911,2016,3683.93049432968,Hong Kong station,22.234767,114.170817,0,False,Far (>2km),False,False,False
941,2016,13014.430149459353,Tung Chung,22.2893,113.9416,0,False,Far (>2km),False,False,False
195,2016,5483.7485610440335,Hong Kong station,22.234767,114.170817,0,False,Far (>2km),False,False,False
911,2016,4783.575403117075,South Horizons,22.2425,114.1491,0,False,Far (>2km),False,False,False
195,2016,5251.908424924805,Hong Kong station,22.234767,114.170817,0,False,Far (>2km),False,False,False
912,2016,3954.4428358291607,South Horizons,22.2425,114.1491,0,False,Far (>2km),False,False,False
912,2016,2476.714024662689,South Horizons,22.2425,114.1491,0,False,Far (>2km),False,False,False
197,2016,4762.628881614737,Wan Chai,22.264453,114.237044,0,False,Far (>2km),False,False,False
912,2016,3378.2328535676243,South Horizons,22.2425,114.1491,0,False,Far (>2km),False,False,False
932,2016,8445.071435927497,Tung Chung,22.2893,113.9416,0,False,Far (>2km),False,False,False
931,2016,8413.431593087753,Tung Chung,22.2893,113.9416,0,False,Far (>2km),False,False,False
941,2016,8714.862356614949,Tung Chung,22.2893,113.9416,0,False,Far (>2km),False,False,False
931,2016,10092.80966283266,Tung Chung,22.2893,113.9416,0,False,Far (>2km),False,False,False
195,2016,3818.2869431604067,Hong Kong station,22.234767,114.170817,0,False,Far (>2km),False,False,False
196,2016,4224.251419852894,Chai Wan,22.2644,114.2368,0,False,Far (>2km),False,False,False
912,2016,4071.660186123598,South Horizons,22.2425,114.1491,0,False,Far (>2km),False,False,False
197,2016,5385.859806377939,Wan Chai,22.264453,114.237044,0,False,Far (>2km),False,False,False
196,2016,4548.995309694185,Chai Wan,22.2644,114.2368,0,False,Far (>2km),False,False,False
912,2016,4183.1089460613275,South Horizons,22.2425,114.1491,0,False,Far (>2km),False,False,False
197,2016,4293.360798050503,Wan Chai,22.264453,114.237044,0,False,Far (>2km),False,False,False
197,2016,4389.069323906347,Wan Chai,22.264453,114.237044,0,False,Far (>2km),False,False,False
195,2016,4515.353352805302,Hong Kong station,22.234767,114.170817,0,False,Far (>2km),False,False,False
195,2016,4797.413337204917,Hong Kong station,22.234767,114.170817,0,False,Far (>2km),False,False,False
195,2016,4252.516424527409,Hong Kong station,22.234767,114.170817,0,False,Far (>2km),False,False,False
195,2016,4065.8596770943777,Hong Kong station,22.234767,114.170817,0,False,Far (>2km),False,False,False
941,2016,9170.665103730444,Tung Chung,22.2893,113.9416,0,False,Far (>2km),False,False,False
934,2016,13328.74269315479,Tung Chung,22.2893,113.9416,0,False,Far (>2km),False,False,False
913,2016,9481.263060142459,Hong Kong station,22.234767,114.170817,0,False,Far (>2km),False,False,False
934,2016,12638.674212967922,Tung Chung,22.2893,113.9416,0,False,Far (>2km),False,False,False
934,2016,12578.431657699803,Tung Chung,22.2893,113.9416,0,False,Far (>2km),False,False,False
934,2016,12735.896335008307,Tung Chung,22.2893,113.9416,0,False,Far (>2km),False,False,False
934,2016,12350.27213994763,Tung Chung,22.2893,113.9416,0,False,Far (>2km),False,False,False
913,2016,10913.020963205818,Wan Chai,22.264453,114.237044,0,False,Far (>2km),False,False,False
913,2016,11266.846666620984,Wan Chai,22.264453,114.237044,0,False,Far (>2km),False,False,False
913,2016,11373.884932884503,Wan Chai,22.264453,114.237044,0,False,Far (>2km),False,False,False
934,2016,12235.008186776719,Tung Chung,22.2893,113.9416,0,False,Far (>2km),False,False,False
913,2016,11179.816907652243,Wan Chai,22.264453,114.237044,0,False,Far (>2km),False,False,False
913,2016,10180.84542570372,Wan Chai,22.264453,114.237044,0,False,Far (>2km),False,False,False
913,2016,8911.809232022048,Chai Wan,22.2644,114.2368,0,False,Far (>2km),False,False,False
913,2016,9990.12758114738,Wan Chai,22.264453,114.237044,0,False,Far (>2km),False,False,False
920,2016,12594.898702603605,Disneyland Resort,22.3155,114.0451,0,False,Far (>2km),False,False,False
912,2016,4204.1012408024635,South Horizons,22.2425,114.1491,0,False,Far (>2km),False,False,False
195,2016,4565.602609325082,Hong Kong station,22.234767,114.170817,0,False,Far (>2km),False,False,False
912,2016,4436.555331465082,South Horizons,22.2425,114.1491,0,False,Far (>2km),False,False,False
192,2016,2612.7766673267492,Hong Kong station,22.234767,114.170817,0,False,Far (>2km),False,False,False
192,2016,2525.6364381313124,Hong Kong station,22.234767,114.170817,0,False,Far (>2km),False,False,False
912,2016,4029.662282057278,South Horizons,22.2425,114.1491,0,False,Far (>2km),False,False,False
174,2016,340.47601122954757,Lei Tung,22.2421,114.1562,0,False,Very Close (<500m),True,True,True
174,2016,308.6011260275554,Lei Tung,22.2421,114.1562,0,False,Very Close (<500m),True,True,True
942,2016,11473.750563655029,Tung Chung,22.2893,113.9416,0,False,Far (>2km),False,False,False
174,2016,357.7503442632299,Lei Tung,22.2421,114.1562,0,False,Very Close (<500m),True,True,True
174,2016,228.3155304434705,South Horizons,22.2425,114.1491,0,False,Very Close (<500m),True,True,True
942,2016,10598.879881311736,Tung Chung,22.2893,113.9416,0,False,Far (>2km),False,False,False
196,2016,3702.6290567381334,Chai Wan,22.2644,114.2368,0,False,Far (>2km),False,False,False
912,2016,3228.7066085978327,South Horizons,22.2425,114.1491,0,False,Far (>2km),False,False,False
931,2016,9449.970406916009,Tung Chung,22.2893,113.9416,0,False,Far (>2km),False,False,False
912,2016,4007.5649740400545,South Horizons,22.2425,114.1491,0,False,Far (>2km),False,False,False
192,2016,3131.5305693383348,Hong Kong station,22.234767,114.170817,0,False,Far (>2km),False,False,False
191,2016,1509.5950637148987,Hong Kong station,22.234767,114.170817,0,False,Moderate (1-2km),False,False,True
192,2016,2847.4891963839627,Hong Kong station,22.234767,114.170817,0,False,Far (>2km),False,False,False
912,2016,3936.682193453821,South Horizons,22.2425,114.1491,0,False,Far (>2km),False,False,False
197,2016,3824.5969651698883,Wan Chai,22.264453,114.237044,0,False,Far (>2km),False,False,False
931,2016,5949.107671556642,Tung Chung,22.2893,113.9416,0,False,Far (>2km),False,False,False
192,2016,2956.723317763752,Hong Kong station,22.234767,114.170817,0,False,Far (>2km),False,False,False
912,2016,3973.901290485981,South Horizons,22.2425,114.1491,0,False,Far (>2km),False,False,False
912,2016,3882.8020965265896,South Horizons,22.2425,114.1491,0,False,Far (>2km),False,False,False
192,2016,2426.5767214491334,Hong Kong station,22.234767,114.170817,0,False,Far (>2km),False,False,False
912,2016,4157.644693946435,South Horizons,22.2425,114.1491,0,False,Far (>2km),False,False,False
941,2016,8511.404906199856,Tung Chung,22.2893,113.9416,0,False,Far (>2km),False,False,False
195,2016,4674.985967254617,Hong Kong station,22.234767,114.170817,0,False,Far (>2km),False,False,False
912,2016,4577.883247741263,South Horizons,22.2425,114.1491,0,False,Far (>2km),False,False,False
931,2016,9411.300598327534,Tung Chung,22.2893,113.9416,0,False,Far (>2km),False,False,False
195,2016,4339.2562704430065,Hong Kong station,22.234767,114.170817,0,False,Far (>2km),False,False,False
920,2016,12470.92175109297,Disneyland Resort,22.3155,114.0451,0,False,Far (>2km),False,False,False
198,2016,6144.401617388585,Hong Kong station,22.234767,114.170817,0,False,Far (>2km),False,False,False
920,2016,12365.234756325674,Disneyland Resort,22.3155,114.0451,0,False,Far (>2km),False,False,False
197,2016,6958.645159810093,Wan Chai,22.264453,114.237044,0,False,Far (>2km),False,False,False
920,2016,12346.869970084486,South Horizons,22.2425,114.1491,0,False,Far (>2km),False,False,False
911,2016,6251.41498827801,South Horizons,22.2425,114.1491,0,False,Far (>2km),False,False,False
920,2016,12287.537031874646,Disneyland Resort,22.3155,114.0451,0,False,Far (>2km),False,False,False
195,2016,6179.566187781212,Hong Kong station,22.234767,114.170817,0,False,Far (>2km),False,False,False
911,2016,5082.930969427699,South Horizons,22.2425,114.1491,0,False,Far (>2km),False,False,False
920,2016,12069.302958893582,Disneyland Resort,22.3155,114.0451,0,False,Far (>2km),False,False,False
174,2016,52.3254225615646,Lei Tung,22.2421,114.1562,1,True,Very Close (<500m),True,True,True
174,2016,120.94538565392759,Lei Tung,22.2421,114.1562,0,False,Very Close (<500m),True,True,True
174,2016,332.9607920144347,Lei Tung,22.2421,114.1562,0,False,Very Close (<500m),True,True,True
174,2016,359.20919519074863,Lei Tung,22.2421,114.1562,0,False,Very Close (<500m),True,True,True
174,2016,208.34383786523148,Lei Tung,22.2421,114.1562,0,False,Very Close (<500m),True,True,True
174,2016,119.34139909113438,South Horizons,22.2425,114.1491,1,True,Very Close (<500m),True,True,True
174,2016,219.89714715821876,Lei Tung,22.2421,114.1562,0,False,Very Close (<500m),True,True,True
174,2016,218.47818849077927,Lei Tung,22.2421,114.1562,0,False,Very Close (<500m),True,True,True
174,2016,203.16539405620864,South Horizons,22.2425,114.1491,0,False,Very Close (<500m),True,True,True
174,2016,243.60940948828232,Lei Tung,22.2421,114.1562,0,False,Very Close (<500m),True,True,True
174,2016,376.93158632211185,Lei Tung,22.2421,114.1562,0,False,Very Close (<500m),True,True,True
174,2016,286.4412647344049,Lei Tung,22.2421,114.1562,0,False,Very Close (<500m),True,True,True
174,2016,275.3443069296739,Lei Tung,22.2421,114.1562,0,False,Very Close (<500m),True,True,True
174,2016,260.53981933443396,Lei Tung,22.2421,114.1562,0,False,Very Close (<500m),True,True,True
174,2016,267.12862293635436,Lei Tung,22.2421,114.1562,0,False,Very Close (<500m),True,True,True
174,2016,288.94593411867663,Lei Tung,22.2421,114.1562,0,False,Very Close (<500m),True,True,True
196,2016,2919.653616203781,Chai Wan,22.2644,114.2368,0,False,Far (>2km),False,False,False
942,2016,7946.478928117461,Tung Chung,22.2893,113.9416,0,False,Far (>2km),False,False,False
191,2016,494.21559620417787,Ocean Park,22.2486,114.1743,0,False,Very Close (<500m),True,True,True
175,2016,254.7819334534341,Ocean Park,22.2486,114.1743,1,True,Very Close (<500m),True,True,True
175,2016,208.30468505372394,Wong Chuk Hang,22.248,114.1681,0,False,Very Close (<500m),True,True,True
173,2016,831.502089835997,Lei Tung,22.2421,114.1562,0,False,Close (500-1000m),False,True,True
173,2016,864.652286449658,South Horizons,22.2425,114.1491,0,False,Close (500-1000m),False,True,True
173,2016,930.3465528550694,Lei Tung,22.2421,114.1562,0,False,Close (500-1000m),False,True,True
173,2016,933.7008134118357,Lei Tung,22.2421,114.1562,0,False,Close (500-1000m),False,True,True
192,2016,2159.182910125844,Ocean Park,22.2486,114.1743,0,False,Far (>2km),False,False,True
173,2016,879.0670292290919,South Horizons,22.2425,114.1491,0,False,Close (500-1000m),False,True,True
197,2016,2323.7487261284496,Wan Chai,22.264453,114.237044,0,False,Far (>2km),False,False,True
173,2016,844.4722318484826,Lei Tung,22.2421,114.1562,0,False,Close (500-1000m),False,True,True
942,2016,7409.886540650434,Tung Chung,22.2893,113.9416,0,False,Far (>2km),False,False,False
167,2016,2302.117300978989,Wan Chai,22.264453,114.237044,0,False,Far (>2km),False,False,False
191,2016,759.7150624601143,Ocean Park,22.2486,114.1743,0,False,Close (500-1000m),False,True,True
173,2016,974.0489634564915,Lei Tung,22.2421,114.1562,0,False,Close (500-1000m),False,True,True
174,2016,574.3647088404167,Lei Tung,22.2421,114.1562,0,False,Close (500-1000m),True,True,True
192,2016,2725.249031239485,Hong Kong station,22.234767,114.170817,0,False,Far (>2km),False,False,False
196,2016,3508.8400650292515,Chai Wan,22.2644,114.2368,0,False,Far (>2km),False,False,False
174,2016,541.8688135542939,Lei Tung,22.2421,114.1562,0,False,Close (500-1000m),True,True,True
191,2016,2061.6340372172094,Hong Kong station,22.234767,114.170817,0,False,Far (>2km),False,False,True
931,2016,8684.107279864544,Tung Chung,22.2893,113.9416,0,False,Far (>2km),False,False,False
192,2016,2851.6935498984026,Ocean Park,22.2486,114.1743,0,False,Far (>2km),False,False,False
174,2016,524.1070795618906,Lei Tung,22.2421,114.1562,0,False,Close (500-1000m),True,True,True
932,2016,6587.68299709703,Tung Chung,22.2893,113.9416,0,False,Far (>2km),False,False,False
192,2016,2625.974156515691,Ocean Park,22.2486,114.1743,0,False,Far (>2km),False,False,False
192,2016,2274.180520796749,Ocean Park,22.2486,114.1743,0,False,Far (>2km),False,False,False
174,2016,472.0858241257792,Lei Tung,22.2421,114.1562,0,False,Very Close (<500m),True,True,True
931,2016,5919.499747538978,Tung Chung,22.2893,113.9416,0,False,Far (>2km),False,False,False
196,2016,3493.5701953551393,Chai Wan,22.2644,114.2368,0,False,Far (>2km),False,False,False
174,2016,444.4247467595047,South Horizons,22.2425,114.1491,0,False,Very Close (<500m),True,True,True
192,2016,2143.378736719077,Ocean Park,22.2486,114.1743,0,False,Far (>2km),False,False,True
931,2016,7980.107338501335,Tung Chung,22.2893,113.9416,0,False,Far (>2km),False,False,False
192,2016,2442.5688975397575,Ocean Park,22.2486,114.1743,0,False,Far (>2km),False,False,False
931,2016,8681.934542917399,Tung Chung,22.2893,113.9416,0,False,Far (>2km),False,False,False
191,2016,1872.61512974077,Hong Kong station,22.234767,114.170817,0,False,Moderate (1-2km),False,False,True
192,2016,3025.0574260788394,Ocean Park,22.2486,114.1743,0,False,Far (>2km),False,False,False
196,2016,4151.579881266562,Chai Wan,22.2644,114.2368,0,False,Far (>2km),False,False,False
197,2016,3469.3841344031016,Wan Chai,22.264453,114.237044,0,False,Far (>2km),False,False,False
174,2016,634.4609485078709,South Horizons,22.2425,114.1491,0,False,Close (500-1000m),False,True,True
912,2016,3260.32078424763,South Horizons,22.2425,114.1491,0,False,Far (>2km),False,False,False
834,2016,6100.586138735019,Wan Chai,22.264453,114.237044,0,False,Far (>2km),False,False,False
174,2016,414.87367499460083,Lei Tung,22.2421,114.1562,0,False,Very Close (<500m),True,True,True
931,2016,7589.460336449092,Tung Chung,22.2893,113.9416,0,False,Far (>2km),False,False,False
174,2016,428.0944216953198,Lei Tung,22.2421,114.1562,0,False,Very Close (<500m),True,True,True
834,2016,5109.256056593104,Wan Chai,22.264453,114.237044,0,False,Far (>2km),False,False,False
175,2016,868.5781425043987,Hong Kong station,22.234767,114.170817,0,False,Close (500-1000m),False,True,True
941,2016,8028.4342281050185,Tung Chung,22.2893,113.9416,0,False,Far (>2km),False,False,False
834,2016,5201.930948567856,Wan Chai,22.264453,114.237044,0,False,Far (>2km),False,False,False
931,2016,6086.3963690841665,Tung Chung,22.2893,113.9416,0,False,Far (>2km),False,False,False
834,2016,5180.425304949552,Wan Chai,22.264453,114.237044,0,False,Far (>2km),False,False,False
174,2016,383.990160919575,Lei Tung,22.2421,114.1562,0,False,Very Close (<500m),True,True,True
173,2016,983.483733200389,South Horizons,22.2425,114.1491,0,False,Close (500-1000m),False,True,True
174,2016,187.55655518174888,Lei Tung,22.2421,114.1562,0,False,Very Close (<500m),True,True,True
175,2016,492.31615194144234,Wong Chuk Hang,22.248,114.1681,0,False,Very Close (<500m),True,True,True
176,2016,340.38672596992666,Ocean Park,22.2486,114.1743,0,False,Very Close (<500m),True,True,True
173,2016,858.3471990021621,South Horizons,22.2425,114.1491,0,False,Close (500-1000m),False,True,True
173,2016,707.4445889483469,South Horizons,22.2425,114.1491,0,False,Close (500-1000m),False,True,True
173,2016,732.8635432238741,South Horizons,22.2425,114.1491,0,False,Close (500-1000m),False,True,True
175,2016,296.5006021111498,Wong Chuk Hang,22.248,114.1681,0,False,Very Close (<500m),True,True,True
173,2016,815.201987035207,Lei Tung,22.2421,114.1562,0,False,Close (500-1000m),False,True,True
173,2016,779.4015805510662,South Horizons,22.2425,114.1491,0,False,Close (500-1000m),False,True,True
173,2016,796.4949348919607,South Horizons,22.2425,114.1491,0,False,Close (500-1000m),False,True,True
173,2016,758.8730102720164,South Horizons,22.2425,114.1491,0,False,Close (500-1000m),False,True,True
173,2016,760.2225999748175,Lei Tung,22.2421,114.1562,0,False,Close (500-1000m),False,True,True
173,2016,798.7516545242337,South Horizons,22.2425,114.1491,0,False,Close (500-1000m),False,True,True
173,2016,802.5480379780106,Lei Tung,22.2421,114.1562,0,False,Close (500-1000m),False,True,True
175,2016,91.88972189999727,Wong Chuk Hang,22.248,114.1681,0,False,Very Close (<500m),True,True,True
173,2016,840.8162166233561,Lei Tung,22.2421,114.1562,0,False,Close (500-1000m),False,True,True
173,2016,797.2337501256872,South Horizons,22.2425,114.1491,0,False,Close (500-1000m),False,True,True
173,2016,787.882610458665,South Horizons,22.2425,114.1491,0,False,Close (500-1000m),False,True,True
173,2016,869.4135984803041,Lei Tung,22.2421,114.1562,0,False,Close (500-1000m),False,True,True
173,2016,802.0187472004778,South Horizons,22.2425,114.1491,0,False,Close (500-1000m),False,True,True
944,2016,8796.604535235369,Tung Chung,22.2893,113.9416,0,False,Far (>2km),False,False,False
172,2016,1835.2629173449927,South Horizons,22.2425,114.1491,0,False,Moderate (1-2km),False,False,True
191,2016,1035.2601277784686,Ocean Park,22.2486,114.1743,0,False,Moderate (1-2km),False,True,True
834,2016,9695.47541319213,LOHAS Park,22.2957,114.2689,0,False,Far (>2km),False,False,False
174,2016,422.0268887303386,South Horizons,22.2425,114.1491,0,False,Very Close (<500m),True,True,True
174,2016,364.6814689771071,Lei Tung,22.2421,114.1562,0,False,Very Close (<500m),True,True,True
197,2016,3030.7254701227243,Wan Chai,22.264453,114.237044,0,False,Far (>2km),False,False,False
175,2016,399.2284389925827,Wong Chuk Hang,22.248,114.1681,0,False,Very Close (<500m),True,True,True
931,2016,6119.806522261742,Tung Chung,22.2893,113.9416,0,False,Far (>2km),False,False,False
191,2016,1440.1842126395993,Ocean Park,22.2486,114.1743,0,False,Moderate (1-2km),False,False,True
173,2016,665.3228186150336,Lei Tung,22.2421,114.1562,0,False,Close (500-1000m),False,True,True
173,2016,680.5936286396089,Lei Tung,22.2421,114.1562,0,False,Close (500-1000m),False,True,True
932,2016,5894.147467343457,Tung Chung,22.2893,113.9416,0,False,Far (>2km),False,False,False
191,2016,805.2239502283222,Ocean Park,22.2486,114.1743,0,False,Close (500-1000m),True,True,True
173,2016,776.7700648961248,Lei Tung,22.2421,114.1562,0,False,Close (500-1000m),False,True,True
173,2016,722.5354423479937,Wong Chuk Hang,22.248,114.1681,0,False,Close (500-1000m),False,True,True
173,2016,774.1766767478837,Lei Tung,22.2421,114.1562,0,False,Close (500-1000m),False,True,True
175,2016,637.2075389176258,Wong Chuk Hang,22.248,114.1681,0,False,Close (500-1000m),True,True,True
834,2016,9495.374661105436,LOHAS Park,22.2957,114.2689,0,False,Far (>2km),False,False,False
173,2016,1306.0874938146412,Lei Tung,22.2421,114.1562,0,False,Moderate (1-2km),False,True,True
183,2016,2022.7352225088273,Ocean Park,22.2486,114.1743,0,False,Far (>2km),False,False,True
172,2016,1859.4067352648378,South Horizons,22.2425,114.1491,0,False,Moderate (1-2km),False,False,True
931,2016,6723.897102981955,Tung Chung,22.2893,113.9416,0,False,Far (>2km),False,False,False
834,2016,9544.42337907282,LOHAS Park,22.2957,114.2689,0,False,Far (>2km),False,False,False
944,2016,9541.908071661803,Tung Chung,22.2893,113.9416,0,False,Far (>2km),False,False,False
182,2016,1863.8314442028457,South Horizons,22.2425,114.1491,0,False,Moderate (1-2km),False,False,True
194,2016,3559.1711555163097,Chai Wan,22.2644,114.2368,0,False,Far (>2km),False,False,True
172,2016,2231.3105429090774,South Horizons,22.2425,114.1491,0,False,Far (>2km),False,False,False
834,2016,9468.019050239029,LOHAS Park,22.2957,114.2689,0,False,Far (>2km),False,False,False
834,2016,9381.327570796455,LOHAS Park,22.2957,114.2689,0,False,Far (>2km),False,False,False
834,2016,9413.083882135192,LOHAS Park,22.2957,114.2689,0,False,Far (>2km),False,False,False
176,2016,594.0892422355447,Ocean Park,22.2486,114.1743,0,False,Close (500-1000m),True,True,True
191,2016,964.8134827418771,Ocean Park,22.2486,114.1743,0,False,Close (500-1000m),False,True,True
176,2016,385.31297892516017,Hong Kong station,22.234767,114.170817,1,True,Very Close (<500m),True,True,True
175,2016,405.6943804687114,Wong Chuk Hang,22.248,114.1681,0,False,Very Close (<500m),True,True,True
944,2016,9733.337965246314,Tung Chung,22.2893,113.9416,0,False,Far (>2km),False,False,False
931,2016,7267.374947055186,Tung Chung,22.2893,113.9416,0,False,Far (>2km),False,False,False
931,2016,6975.302235434621,Tung Chung,22.2893,113.9416,0,False,Far (>2km),False,False,False
173,2016,561.9587884673036,Lei Tung,22.2421,114.1562,0,False,Close (500-1000m),False,True,True
175,2016,670.9196709926434,Wong Chuk Hang,22.248,114.1681,0,False,Close (500-1000m),False,True,True
942,2016,7528.779514011707,Tung Chung,22.2893,113.9416,0,False,Far (>2km),False,False,False
173,2016,618.0911770587438,Lei Tung,22.2421,114.1562,0,False,Close (500-1000m),False,True,True
175,2016,355.78606229791,Wong Chuk Hang,22.248,114.1681,0,False,Very Close (<500m),True,True,True
173,2016,588.1429675817661,Lei Tung,22.2421,114.1562,0,False,Close (500-1000m),False,True,True
173,2016,626.7369481570946,Lei Tung,22.2421,114.1562,0,False,Close (500-1000m),False,True,True
173,2016,655.2304221106988,Lei Tung,22.2421,114.1562,0,False,Close (500-1000m),False,True,True
173,2016,651.2089013845012,Lei Tung,22.2421,114.1562,0,False,Close (500-1000m),False,True,True
173,2016,689.5268854358026,Lei Tung,22.2421,114.1562,0,False,Close (500-1000m),False,True,True
173,2016,655.3631641796044,South Horizons,22.2425,114.1491,0,False,Close (500-1000m),False,True,True
173,2016,710.4217895030251,Lei Tung,22.2421,114.1562,0,False,Close (500-1000m),False,True,True
175,2016,120.98969987703519,Wong Chuk Hang,22.248,114.1681,1,True,Very Close (<500m),True,True,True
175,2016,364.4487907660882,Ocean Park,22.2486,114.1743,0,False,Very Close (<500m),True,True,True
173,2016,630.6485632269638,South Horizons,22.2425,114.1491,0,False,Close (500-1000m),False,True,True
173,2016,732.9907148575511,South Horizons,22.2425,114.1491,0,False,Close (500-1000m),False,True,True
173,2016,717.7178049118857,Lei Tung,22.2421,114.1562,0,False,Close (500-1000m),False,True,True
173,2016,714.2288188767031,Lei Tung,22.2421,114.1562,0,False,Close (500-1000m),False,True,True
173,2016,679.5968805740124,South Horizons,22.2425,114.1491,0,False,Close (500-1000m),False,True,True
191,2016,406.27443202041394,Ocean Park,22.2486,114.1743,0,False,Very Close (<500m),True,True,True
175,2016,245.9354373506609,Ocean Park,22.2486,114.1743,0,False,Very Close (<500m),True,True,True
944,2016,9080.539560323035,Tung Chung,22.2893,113.9416,0,False,Far (>2km),False,False,False
173,2016,1033.0192002105273,Lei Tung,22.2421,114.1562,0,False,Moderate (1-2km),False,True,True
944,2016,9040.272909061912,Tung Chung,22.2893,113.9416,0,False,Far (>2km),False,False,False
172,2016,1300.392887408998,South Horizons,22.2425,114.1491,0,False,Moderate (1-2km),False,False,True
931,2016,7147.408487808839,Tung Chung,22.2893,113.9416,0,False,Far (>2km),False,False,False
931,2016,5580.731674613393,Tung Chung,22.2893,113.9416,0,False,Far (>2km),False,False,False
174,2016,264.16994976359405,South Horizons,22.2425,114.1491,0,False,Very Close (<500m),True,True,True
175,2016,626.0752331046479,Ocean Park,22.2486,114.1743,0,False,Close (500-1000m),True,True,True
191,2016,1516.1512441549173,Ocean Park,22.2486,114.1743,0,False,Moderate (1-2km),False,True,True
196,2016,3204.7972003336217,Chai Wan,22.2644,114.2368,0,False,Far (>2km),False,False,True
197,2016,2133.3763907461607,Wan Chai,22.264453,114.237044,0,False,Far (>2km),False,True,True
192,2016,2117.4325746937707,Ocean Park,22.2486,114.1743,0,False,Far (>2km),False,False,False
942,2016,7144.541559154215,Tung Chung,22.2893,113.9416,0,False,Far (>2km),False,False,False
192,2016,2187.4499310529472,Ocean Park,22.2486,114.1743,0,False,Far (>2km),False,False,True
834,2016,9629.350892057615,LOHAS Park,22.2957,114.2689,0,False,Far (>2km),False,False,False
183,2016,1936.9955037171596,Ocean Park,22.2486,114.1743,0,False,Moderate (1-2km),False,False,True
963,2016,7066.822883887828,Disneyland Resort,22.3155,114.0451,0,False,Far (>2km),False,False,False
834,2016,5625.689984291355,LOHAS Park,22.2957,114.2689,0,False,Far (>2km),False,False,False
182,2016,1776.8416552933072,South Horizons,22.2425,114.1491,0,False,Moderate (1-2km),False,False,True
944,2016,8684.914042311848,Tung Chung,22.2893,113.9416,0,False,Far (>2km),False,False,False
192,2016,2810.6446201629974,Ocean Park,22.2486,114.1743,0,False,Far (>2km),False,False,False
171,2016,2406.2310116350104,Kennedy Town,22.2812,114.1285,0,False,Far (>2km),False,False,False
941,2016,6050.411580333397,Tung Chung,22.2893,113.9416,0,False,Far (>2km),False,False,False
834,2016,8664.853981721748,LOHAS Park,22.2957,114.2689,0,False,Far (>2km),False,False,False
144,2016,1936.961440216356,Causeway Bay,22.279392,114.182926,0,False,Moderate (1-2km),False,False,True
931,2016,5440.784358014716,Tung Chung,22.2893,113.9416,0,False,Far (>2km),False,False,False
165,2016,290.916926060603,Wan Chai,22.264453,114.237044,0,False,Very Close (<500m),True,True,True
832,2016,3577.5823593929435,LOHAS Park,22.2957,114.2689,0,False,Far (>2km),False,False,False
144,2016,1738.3770276145606,Causeway Bay,22.279392,114.182926,0,False,Moderate (1-2km),False,False,True
834,2016,9331.527875200683,LOHAS Park,22.2957,114.2689,0,False,Far (>2km),False,False,False
944,2016,8433.754353814185,Tung Chung,22.2893,113.9416,0,False,Far (>2km),False,False,False
171,2016,2223.751037391018,South Horizons,22.2425,114.1491,0,False,Far (>2km),False,False,True
171,2016,2168.041570647608,South Horizons,22.2425,114.1491,0,False,Far (>2km),False,False,True
944,2016,9013.632235193772,Tung Chung,22.2893,113.9416,0,False,Far (>2km),False,False,False
942,2016,8939.476958411835,Tung Chung,22.2893,113.9416,0,False,Far (>2km),False,False,False
834,2016,9361.966764115696,LOHAS Park,22.2957,114.2689,0,False,Far (>2km),False,False,False
931,2016,7651.498201929081,Tung Chung,22.2893,113.9416,0,False,Far (>2km),False,False,False
834,2016,9421.176858672248,LOHAS Park,22.2957,114.2689,0,False,Far (>2km),False,False,False
175,2016,360.23107681981946,Ocean Park,22.2486,114.1743,0,False,Very Close (<500m),True,True,True
944,2016,9647.862985167154,Tung Chung,22.2893,113.9416,0,False,Far (>2km),False,False,False
173,2016,993.0651484169488,South Horizons,22.2425,114.1491,0,False,Close (500-1000m),False,True,True
191,2016,966.497800879716,Ocean Park,22.2486,114.1743,0,False,Close (500-1000m),False,True,True
944,2016,9148.307383568357,Tung Chung,22.2893,113.9416,0,False,Far (>2km),False,False,False
175,2016,462.75413545473265,Ocean Park,22.2486,114.1743,0,False,Very Close (<500m),True,True,True
173,2016,875.3218473676025,Wong Chuk Hang,22.248,114.1681,0,False,Close (500-1000m),False,True,True
171,2016,1918.4602742049835,Kennedy Town,22.2812,114.1285,0,False,Moderate (1-2km),False,False,True
167,2016,1435.6664112031917,Wan Chai,22.264453,114.237044,0,False,Moderate (1-2km),False,False,True
944,2016,8841.197754357521,Tung Chung,22.2893,113.9416,0,False,Far (>2km),False,False,False
172,2016,1673.5293747898424,South Horizons,22.2425,114.1491,0,False,Moderate (1-2km),False,False,True
175,2016,714.2633170366203,Ocean Park,22.2486,114.1743,0,False,Close (500-1000m),False,True,True
172,2016,1612.8448854394933,South Horizons,22.2425,114.1491,0,False,Moderate (1-2km),False,False,True
944,2016,8698.404284813385,Tung Chung,22.2893,113.9416,0,False,Far (>2km),False,False,False
944,2016,8928.082779925071,Tung Chung,22.2893,113.9416,0,False,Far (>2km),False,False,False
944,2016,8633.034113361842,Tung Chung,22.2893,113.9416,0,False,Far (>2km),False,False,False
834,2016,9207.74495259403,LOHAS Park,22.2957,114.2689,0,False,Far (>2km),False,False,False
944,2016,8890.775683054293,Tung Chung,22.2893,113.9416,0,False,Far (>2km),False,False,False
167,2016,1341.2343553574076,Wan Chai,22.264453,114.237044,0,False,Moderate (1-2km),False,False,True
171,2016,2215.7861799957536,Kennedy Town,22.2812,114.1285,0,False,Far (>2km),False,False,False
943,2016,7344.688702338556,Tung Chung,22.2893,113.9416,0,False,Far (>2km),False,False,False
167,2016,1055.148988909735,Wan Chai,22.264453,114.237044,0,False,Moderate (1-2km),False,True,True
182,2016,2252.363066226416,South Horizons,22.2425,114.1491,0,False,Far (>2km),False,False,False
165,2016,216.87811014197243,Chai Wan,22.2644,114.2368,0,False,Very Close (<500m),True,True,True
165,2016,347.4334272634029,Chai Wan,22.2644,114.2368,0,False,Very Close (<500m),True,True,True
165,2016,427.50560404393764,Chai Wan,22.2644,114.2368,0,False,Very Close (<500m),True,True,True
144,2016,2080.5881602061495,Causeway Bay,22.279392,114.182926,0,False,Far (>2km),False,False,False
144,2016,2014.7700155407679,Causeway Bay,22.279392,114.182926,0,False,Far (>2km),False,False,True
165,2016,688.7870396893538,Chai Wan,22.2644,114.2368,0,False,Close (500-1000m),True,True,True
144,2016,1947.7021388657352,Causeway Bay,22.279392,114.182926,0,False,Moderate (1-2km),False,False,True
167,2016,1205.0627684463598,Wan Chai,22.264453,114.237044,0,False,Moderate (1-2km),False,False,True
163,2016,185.5197696948692,Chai Wan,22.2644,114.2368,0,False,Very Close (<500m),True,True,True
149,2016,1654.43677550029,Causeway Bay,22.279392,114.182926,0,False,Moderate (1-2km),False,False,True
834,2016,10600.91227534835,LOHAS Park,22.2957,114.2689,0,False,Far (>2km),False,False,False
190,2016,1751.152866435938,Tin Hau,22.2827,114.1917,0,False,Moderate (1-2km),False,False,True
163,2016,859.4189753633738,Wan Chai,22.264453,114.237044,0,False,Close (500-1000m),False,True,True
144,2016,1382.3167633376488,Causeway Bay,22.279392,114.182926,0,False,Moderate (1-2km),False,False,True
182,2016,1653.8751554616529,Admiralty,22.278399,114.16433,0,False,Moderate (1-2km),False,False,True
163,2016,505.677237481454,Wan Chai,22.264453,114.237044,0,False,Close (500-1000m),True,True,True
183,2016,1652.8054112140603,Ocean Park,22.2486,114.1743,0,False,Moderate (1-2km),False,False,True
144,2016,1392.7408787622862,Causeway Bay,22.279392,114.182926,0,False,Moderate (1-2km),False,False,True
167,2016,1568.153368396866,Wan Chai,22.264453,114.237044,0,False,Moderate (1-2km),False,False,True
144,2016,1948.0540923222409,Causeway Bay,22.279392,114.182926,0,False,Moderate (1-2km),False,False,True
182,2016,2116.1490248184264,South Horizons,22.2425,114.1491,0,False,Far (>2km),False,False,True
171,2016,2141.504466903346,Kennedy Town,22.2812,114.1285,0,False,Far (>2km),False,False,True
171,2016,1998.0234790246825,Kennedy Town,22.2812,114.1285,0,False,Moderate (1-2km),False,False,True
834,2016,3665.584820790188,LOHAS Park,22.2957,114.2689,0,False,Far (>2km),False,False,False
144,2016,1822.2719180728973,Causeway Bay,22.279392,114.182926,0,False,Moderate (1-2km),False,False,True
144,2016,1838.8668693648397,Causeway Bay,22.279392,114.182926,0,False,Moderate (1-2km),False,False,True
943,2016,7994.741428828269,Tung Chung,22.2893,113.9416,0,False,Far (>2km),False,False,False
165,2016,588.4627384454619,Wan Chai,22.264453,114.237044,0,False,Close (500-1000m),True,True,True
172,2016,2370.5893852976487,Kennedy Town,22.2812,114.1285,0,False,Far (>2km),False,False,True
149,2016,1740.822379736755,Causeway Bay,22.279392,114.182926,0,False,Moderate (1-2km),False,False,True
144,2016,1565.8722524215116,Causeway Bay,22.279392,114.182926,0,False,Moderate (1-2km),False,False,True
172,2016,2117.4484256581736,HKU,22.2841,114.1356,0,False,Far (>2km),False,False,False
144,2016,1621.8739743575497,Causeway Bay,22.279392,114.182926,0,False,Moderate (1-2km),False,False,True
171,2016,1762.8461176735586,Kennedy Town,22.2812,114.1285,0,False,Moderate (1-2km),False,False,True
182,2016,1995.494330473631,Admiralty,22.278399,114.16433,0,False,Moderate (1-2km),False,False,True
171,2016,1900.9548607602915,Kennedy Town,22.2812,114.1285,0,False,Moderate (1-2km),False,False,True
834,2016,10754.067184737136,LOHAS Park,22.2957,114.2689,0,False,Far (>2km),False,False,False
165,2016,383.2541897780865,Wan Chai,22.264453,114.237044,0,False,Very Close (<500m),True,True,True
167,2016,1305.0640531429458,Wan Chai,22.264453,114.237044,0,False,Moderate (1-2km),False,False,True
963,2016,6052.636247378617,Disneyland Resort,22.3155,114.0451,0,False,Far (>2km),False,False,False
163,2016,203.31990842660022,Wan Chai,22.264453,114.237044,0,False,Very Close (<500m),True,True,True
167,2016,1516.511663377105,Wan Chai,22.264453,114.237044,0,False,Moderate (1-2km),False,True,True
165,2016,383.5604897420106,Chai Wan,22.2644,114.2368,0,False,Very Close (<500m),True,True,True
163,2016,186.67279099271394,Wan Chai,22.264453,114.237044,0,False,Very Close (<500m),True,True,True
165,2016,757.3396797471263,Chai Wan,22.2644,114.2368,0,False,Close (500-1000m),True,True,True
163,2016,338.57389163436454,Wan Chai,22.264453,114.237044,0,False,Very Close (<500m),True,True,True
144,2016,1668.8626615499445,Causeway Bay,22.279392,114.182926,0,False,Moderate (1-2km),False,False,True
190,2016,1934.444346334407,Causeway Bay,22.279392,114.182926,0,False,Moderate (1-2km),False,False,True
163,2016,119.15814882149328,Chai Wan,22.2644,114.2368,0,False,Very Close (<500m),True,True,True
962,2016,6704.185825701169,Tung Chung,22.2893,113.9416,0,False,Far (>2km),False,False,False
165,2016,598.0911525663882,Wan Chai,22.264453,114.237044,0,False,Close (500-1000m),True,True,True
163,2016,31.92928126755281,Wan Chai,22.264453,114.237044,1,True,Very Close (<500m),True,True,True
171,2016,1978.6862384757715,Kennedy Town,22.2812,114.1285,0,False,Moderate (1-2km),False,False,True
163,2016,464.43874046176336,Chai Wan,22.2644,114.2368,0,False,Very Close (<500m),True,True,True
149,2016,1571.2476306223587,Causeway Bay,22.279392,114.182926,0,False,Moderate (1-2km),False,False,True
144,2016,1253.9780544457396,Causeway Bay,22.279392,114.182926,0,False,Moderate (1-2km),False,False,True
165,2016,479.5087596656002,Chai Wan,22.2644,114.2368,0,False,Very Close (<500m),True,True,True
144,2016,1253.8420716024802,Causeway Bay,22.279392,114.182926,0,False,Moderate (1-2km),False,False,True
163,2016,880.8691987601519,Wan Chai,22.264453,114.237044,0,False,Close (500-1000m),False,True,True
144,2016,1290.2239913266937,Causeway Bay,22.279392,114.182926,0,False,Moderate (1-2km),False,False,True
163,2016,282.4793529808713,Wan Chai,22.264453,114.237044,0,False,Very Close (<500m),True,True,True
144,2016,1393.896683678676,Causeway Bay,22.279392,114.182926,0,False,Moderate (1-2km),False,False,True
163,2016,252.51177919091907,Wan Chai,22.264453,114.237044,0,False,Very Close (<500m),True,True,True
950,2016,4115.954451435855,Tung Chung,22.2893,113.9416,0,False,Far (>2km),False,False,False
144,2016,1480.9654073559143,Causeway Bay,22.279392,114.182926,0,False,Moderate (1-2km),False,False,True
144,2016,1411.6672834604503,Causeway Bay,22.279392,114.182926,0,False,Moderate (1-2km),False,False,True
171,2016,1636.3594373695457,Kennedy Town,22.2812,114.1285,0,False,Moderate (1-2km),False,False,True
149,2016,1707.7603673932185,Causeway Bay,22.279392,114.182926,0,False,Moderate (1-2km),False,False,True
182,2016,1406.3710978274853,Admiralty,22.278399,114.16433,0,False,Moderate (1-2km),False,False,True
144,2016,1380.4976441398533,Causeway Bay,22.279392,114.182926,0,False,Moderate (1-2km),False,False,True
144,2016,1321.1041858663418,Causeway Bay,22.279392,114.182926,0,False,Moderate (1-2km),False,False,True
171,2016,1617.0647766539482,Kennedy Town,22.2812,114.1285,0,False,Moderate (1-2km),False,False,True
144,2016,1629.665646533995,Causeway Bay,22.279392,114.182926,0,False,Moderate (1-2km),False,False,True
163,2016,342.03493568449164,Chai Wan,22.2644,114.2368,0,False,Very Close (<500m),True,True,True
144,2016,1293.1435858399864,Causeway Bay,22.279392,114.182926,0,False,Moderate (1-2km),False,False,True
144,2016,1352.8081924361975,Causeway Bay,22.279392,114.182926,0,False,Moderate (1-2km),False,False,True
163,2016,293.71926810170396,Chai Wan,22.2644,114.2368,0,False,Very Close (<500m),True,True,True
165,2016,912.6142046956379,Wan Chai,22.264453,114.237044,0,False,Close (500-1000m),False,True,True
190,2016,1794.8511325300672,Causeway Bay,22.279392,114.182926,0,False,Moderate (1-2km),False,False,True
183,2016,1116.1231360166848,Ocean Park,22.2486,114.1743,0,False,Moderate (1-2km),False,True,True
163,2016,174.38741969812028,Chai Wan,22.2644,114.2368,0,False,Very Close (<500m),True,True,True
171,2016,1860.1815308647917,Kennedy Town,22.2812,114.1285,0,False,Moderate (1-2km),False,False,True
190,2016,1800.9493209302216,Causeway Bay,22.279392,114.182926,0,False,Moderate (1-2km),False,False,True
931,2016,4832.636994653059,Tung Chung,22.2893,113.9416,0,False,Far (>2km),False,False,False
962,2016,6029.842671095538,Tung Chung,22.2893,113.9416,0,False,Far (>2km),False,False,False
834,2016,10939.272252713428,LOHAS Park,22.2957,114.2689,0,False,Far (>2km),False,False,False
834,2016,10921.285667726846,LOHAS Park,22.2957,114.2689,0,False,Far (>2km),False,False,False
184,2016,1730.81816712481,Causeway Bay,22.279392,114.182926,0,False,Moderate (1-2km),False,False,True
163,2016,122.33982228364438,Chai Wan,22.2644,114.2368,1,True,Very Close (<500m),True,True,True
182,2016,1667.8104385919319,Admiralty,22.278399,114.16433,0,False,Moderate (1-2km),False,False,True
171,2016,1835.8327621775045,Kennedy Town,22.2812,114.1285,0,False,Moderate (1-2km),False,False,True
149,2016,1666.3524170436922,Causeway Bay,22.279392,114.182926,0,False,Moderate (1-2km),False,False,True
144,2016,1339.4996683762993,Causeway Bay,22.279392,114.182926,0,False,Moderate (1-2km),False,False,True
171,2016,1539.6440714957673,Kennedy Town,22.2812,114.1285,0,False,Moderate (1-2km),False,False,True
182,2016,1462.7018069858414,Admiralty,22.278399,114.16433,0,False,Moderate (1-2km),False,False,True
171,2016,1825.93960363106,Kennedy Town,22.2812,114.1285,0,False,Moderate (1-2km),False,False,True
172,2016,1866.9413935366333,South Horizons,22.2425,114.1491,0,False,Moderate (1-2km),False,False,True
149,2016,1678.2631300495989,Causeway Bay,22.279392,114.182926,0,False,Moderate (1-2km),False,False,True
163,2016,351.37343533786384,Chai Wan,22.2644,114.2368,0,False,Very Close (<500m),True,True,True
144,2016,1531.3271850734172,Causeway Bay,22.279392,114.182926,0,False,Moderate (1-2km),False,False,True
167,2016,1208.7969062481677,Wan Chai,22.264453,114.237044,0,False,Moderate (1-2km),False,False,True
962,2016,6668.897460740086,Tung Chung,22.2893,113.9416,0,False,Far (>2km),False,False,False
182,2016,1996.033315737528,Central,22.281938,114.158077,0,False,Moderate (1-2km),False,False,True
182,2016,1771.4437496999958,Admiralty,22.278399,114.16433,0,False,Moderate (1-2km),False,False,True
144,2016,1476.2253558601751,Causeway Bay,22.279392,114.182926,0,False,Moderate (1-2km),False,False,True
144,2016,1535.0000812044982,Causeway Bay,22.279392,114.182926,0,False,Moderate (1-2km),False,False,True
190,2016,1771.4954099655447,Causeway Bay,22.279392,114.182926,0,False,Moderate (1-2km),False,False,True
171,2016,1495.1098637442587,Kennedy Town,22.2812,114.1285,0,False,Moderate (1-2km),False,False,True
149,2016,1478.36280254698,Causeway Bay,22.279392,114.182926,0,False,Moderate (1-2km),False,False,True
144,2016,1250.3183201864636,Causeway Bay,22.279392,114.182926,0,False,Moderate (1-2km),False,False,True
182,2016,1483.899320722211,Admiralty,22.278399,114.16433,0,False,Moderate (1-2km),False,False,True
163,2016,609.7515416058129,Wan Chai,22.264453,114.237044,0,False,Close (500-1000m),False,True,True
171,2016,1227.1245262288312,Kennedy Town,22.2812,114.1285,0,False,Moderate (1-2km),False,False,True
171,2016,1732.7644395368156,Kennedy Town,22.2812,114.1285,0,False,Moderate (1-2km),False,False,True
144,2016,1199.9065843707513,Causeway Bay,22.279392,114.182926,0,False,Moderate (1-2km),False,False,True
149,2016,1548.1592550439634,Causeway Bay,22.279392,114.182926,0,False,Moderate (1-2km),False,False,True
149,2016,1519.1622218200391,Causeway Bay,22.279392,114.182926,0,False,Moderate (1-2km),False,False,True
164,2016,804.5739566720067,Shau Kei Wan,22.2789,114.2289,0,False,Close (500-1000m),False,True,True
144,2016,872.8157128204756,Causeway Bay,22.279392,114.182926,0,False,Close (500-1000m),False,True,True
143,2016,1055.7699833785161,Central,22.281938,114.158077,0,False,Moderate (1-2km),False,True,True
143,2016,837.3132458904664,Admiralty,22.278399,114.16433,0,False,Close (500-1000m),False,True,True
950,2016,3173.2081162613704,Tung Chung,22.2893,113.9416,0,False,Far (>2km),False,False,False
131,2016,932.4646364964251,Exhibition Centre,22.281613,114.17569,0,False,Close (500-1000m),False,True,True
962,2016,5201.006216999188,Tung Chung,22.2893,113.9416,0,False,Far (>2km),False,False,False
131,2016,903.1320226471508,Exhibition Centre,22.281613,114.17569,0,False,Close (500-1000m),False,True,True
143,2016,1051.9360195667516,Central,22.281938,114.158077,0,False,Moderate (1-2km),False,True,True
144,2016,841.6132622829465,Causeway Bay,22.279392,114.182926,0,False,Close (500-1000m),False,True,True
144,2016,1191.0118322756732,Causeway Bay,22.279392,114.182926,0,False,Moderate (1-2km),False,False,True
167,2016,1388.2861516688843,Wan Chai,22.264453,114.237044,0,False,Moderate (1-2km),False,False,True
163,2016,500.00250526197146,Wan Chai,22.264453,114.237044,0,False,Close (500-1000m),True,True,True
943,2016,7374.726765834371,Tung Chung,22.2893,113.9416,0,False,Far (>2km),False,False,False
950,2016,3667.1743562484717,Tung Chung,22.2893,113.9416,0,False,Far (>2km),False,False,False
149,2016,1575.2410558801614,Tin Hau,22.2827,114.1917,0,False,Moderate (1-2km),False,False,True
163,2016,1072.5934729082371,Wan Chai,22.264453,114.237044,0,False,Moderate (1-2km),False,False,True
144,2016,1149.724569570477,Causeway Bay,22.279392,114.182926,0,False,Moderate (1-2km),False,False,True
144,2016,1186.6627256316242,Causeway Bay,22.279392,114.182926,0,False,Moderate (1-2km),False,False,True
961,2016,5589.2003405861105,Disneyland Resort,22.3155,114.0451,0,False,Far (>2km),False,False,False
962,2016,5615.897769052016,Tung Chung,22.2893,113.9416,0,False,Far (>2km),False,False,False
182,2016,1682.052043300167,Central,22.281938,114.158077,0,False,Moderate (1-2km),False,False,True
144,2016,1180.1311013958236,Causeway Bay,22.279392,114.182926,0,False,Moderate (1-2km),False,False,True
950,2016,2514.522625690722,Tung Chung,22.2893,113.9416,0,False,Far (>2km),False,False,False
149,2016,1508.5907360490626,Tin Hau,22.2827,114.1917,0,False,Moderate (1-2km),False,False,True
144,2016,1144.2701162390438,Causeway Bay,22.279392,114.182926,0,False,Moderate (1-2km),False,False,True
144,2016,1526.9680479109295,Causeway Bay,22.279392,114.182926,0,False,Moderate (1-2km),False,False,True
144,2016,1325.9777454068317,Causeway Bay,22.279392,114.182926,0,False,Moderate (1-2km),False,False,True
171,2016,1524.8166978900067,Kennedy Town,22.2812,114.1285,0,False,Moderate (1-2km),False,False,True
184,2016,1376.284140355501,Causeway Bay,22.279392,114.182926,0,False,Moderate (1-2km),False,False,True
149,2016,1408.6065746644445,Causeway Bay,22.279392,114.182926,0,False,Moderate (1-2km),False,False,True
171,2016,1284.8811275574367,Kennedy Town,22.2812,114.1285,0,False,Moderate (1-2km),False,False,True
182,2016,1090.818856309909,Admiralty,22.278399,114.16433,0,False,Moderate (1-2km),False,True,True
182,2016,1289.5790088388653,Admiralty,22.278399,114.16433,0,False,Moderate (1-2km),False,False,True
163,2016,985.5870345952363,Wan Chai,22.264453,114.237044,0,False,Close (500-1000m),False,True,True
144,2016,1259.8880517835787,Causeway Bay,22.279392,114.182926,0,False,Moderate (1-2km),False,False,True
144,2016,1298.5490363229412,Causeway Bay,22.279392,114.182926,0,False,Moderate (1-2km),False,False,True
950,2016,2662.430425934201,Tung Chung,22.2893,113.9416,0,False,Far (>2km),False,False,False
144,2016,1292.3771913313362,Causeway Bay,22.279392,114.182926,0,False,Moderate (1-2km),False,False,True
163,2016,393.6005939152515,Wan Chai,22.264453,114.237044,0,False,Very Close (<500m),True,True,True
131,2016,936.6754931074025,Exhibition Centre,22.281613,114.17569,0,False,Close (500-1000m),False,True,True
171,2016,1380.9548176972355,Kennedy Town,22.2812,114.1285,0,False,Moderate (1-2km),False,False,True
140,2016,1284.7923256462564,Causeway Bay,22.279392,114.182926,0,False,Moderate (1-2km),False,False,True
144,2016,1099.9379781783857,Causeway Bay,22.279392,114.182926,0,False,Moderate (1-2km),False,False,True
144,2016,1095.6955879012498,Causeway Bay,22.279392,114.182926,0,False,Moderate (1-2km),False,False,True
184,2016,1753.6614889408067,Causeway Bay,22.279392,114.182926,0,False,Moderate (1-2km),False,False,True
171,2016,1293.4484107642725,Kennedy Town,22.2812,114.1285,0,False,Moderate (1-2km),False,False,True
149,2016,1558.031734808937,Tin Hau,22.2827,114.1917,0,False,Moderate (1-2km),False,False,True
950,2016,3691.309014424363,Tung Chung,22.2893,113.9416,0,False,Far (>2km),False,False,False
171,2016,1244.3416965882848,Kennedy Town,22.2812,114.1285,0,False,Moderate (1-2km),False,False,True
190,2016,1671.7349130401574,Tin Hau,22.2827,114.1917,0,False,Moderate (1-2km),False,False,True
171,2016,1124.8865498486666,Kennedy Town,22.2812,114.1285,0,False,Moderate (1-2km),False,False,True
171,2016,1291.983341540604,Kennedy Town,22.2812,114.1285,0,False,Moderate (1-2km),False,False,True
145,2016,1086.0879375869454,Causeway Bay,22.279392,114.182926,0,False,Moderate (1-2km),False,True,True
171,2016,1223.3350728732876,Kennedy Town,22.2812,114.1285,0,False,Moderate (1-2km),False,False,True
111,2016,1182.9221886137345,Kennedy Town,22.2812,114.1285,0,False,Moderate (1-2km),False,False,True
111,2016,1223.3673868785063,Kennedy Town,22.2812,114.1285,0,False,Moderate (1-2km),False,False,True
131,2016,868.9609784529955,Exhibition Centre,22.281613,114.17569,0,False,Close (500-1000m),False,True,True
163,2016,488.0746911815465,Heng Fa Chuen,22.2769,114.2398,0,False,Very Close (<500m),True,True,True
171,2016,1326.8169416021249,Kennedy Town,22.2812,114.1285,0,False,Moderate (1-2km),False,False,True
140,2016,863.3596605798707,Admiralty,22.278399,114.16433,0,False,Close (500-1000m),False,True,True
171,2016,1247.1594649542847,Kennedy Town,22.2812,114.1285,0,False,Moderate (1-2km),False,False,True
162,2016,717.1237892504156,Heng Fa Chuen,22.2769,114.2398,0,False,Close (500-1000m),True,True,True
131,2016,894.2971874544165,Exhibition Centre,22.281613,114.17569,0,False,Close (500-1000m),False,True,True
182,2016,1182.6927363464042,Admiralty,22.278399,114.16433,0,False,Moderate (1-2km),False,True,True
149,2016,1366.9064781489585,Causeway Bay,22.279392,114.182926,0,False,Moderate (1-2km),False,False,True
182,2016,2133.232628859842,Wong Chuk Hang,22.248,114.1681,0,False,Far (>2km),False,False,True
144,2016,1071.7137699172863,Causeway Bay,22.279392,114.182926,0,False,Moderate (1-2km),False,True,True
144,2016,1035.4610878353863,Causeway Bay,22.279392,114.182926,0,False,Moderate (1-2km),False,True,True
165,2016,652.9957252282427,Chai Wan,22.2644,114.2368,0,False,Close (500-1000m),False,True,True
182,2016,1516.3728874960188,Central,22.281938,114.158077,0,False,Moderate (1-2km),False,False,True
962,2016,6061.389880253935,Tung Chung,22.2893,113.9416,0,False,Far (>2km),False,False,False
834,2016,8782.749900663011,LOHAS Park,22.2957,114.2689,0,False,Far (>2km),False,False,False
171,2016,1356.274292044739,Kennedy Town,22.2812,114.1285,0,False,Moderate (1-2km),False,False,True
149,2016,1458.1269951052147,Tin Hau,22.2827,114.1917,0,False,Moderate (1-2km),False,False,True
149,2016,1309.6393441881485,Causeway Bay,22.279392,114.182926,0,False,Moderate (1-2km),False,False,True
131,2016,617.1175596349958,Admiralty,22.278399,114.16433,0,False,Close (500-1000m),False,True,True
131,2016,768.2234297623777,Exhibition Centre,22.281613,114.17569,0,False,Close (500-1000m),False,True,True
132,2016,650.7204468965293,Exhibition Centre,22.281613,114.17569,0,False,Close (500-1000m),False,True,True
143,2016,741.5112846830905,Central,22.281938,114.158077,0,False,Close (500-1000m),False,True,True
131,2016,752.7676519218584,Exhibition Centre,22.281613,114.17569,0,False,Close (500-1000m),False,True,True
132,2016,468.4001483463922,Causeway Bay,22.279392,114.182926,0,False,Very Close (<500m),True,True,True
132,2016,667.9395247727316,Exhibition Centre,22.281613,114.17569,0,False,Close (500-1000m),False,True,True
132,2016,685.823920036554,Exhibition Centre,22.281613,114.17569,0,False,Close (500-1000m),False,True,True
131,2016,743.0446958798639,Exhibition Centre,22.281613,114.17569,0,False,Close (500-1000m),False,True,True
131,2016,747.8551327855623,Admiralty,22.278399,114.16433,0,False,Close (500-1000m),False,True,True
131,2016,672.9991181167691,Exhibition Centre,22.281613,114.17569,0,False,Close (500-1000m),False,True,True
182,2016,1022.8289023719007,Admiralty,22.278399,114.16433,0,False,Moderate (1-2km),False,True,True
184,2016,1183.5368859614164,Admiralty,22.278399,114.16433,0,False,Moderate (1-2km),False,True,True
149,2016,1380.274456007258,Tin Hau,22.2827,114.1917,0,False,Moderate (1-2km),False,False,True
171,2016,1247.2621230066713,Kennedy Town,22.2812,114.1285,0,False,Moderate (1-2km),False,False,True
140,2016,1307.9745621411205,Exhibition Centre,22.281613,114.17569,0,False,Moderate (1-2km),False,False,True
163,2016,701.1069819950455,Wan Chai,22.264453,114.237044,0,False,Close (500-1000m),False,True,True
950,2016,2349.576697357057,Tung Chung,22.2893,113.9416,0,False,Far (>2km),False,False,False
171,2016,1540.3551006812309,Kennedy Town,22.2812,114.1285,0,False,Moderate (1-2km),False,False,True
950,2016,2610.713228312781,Tung Chung,22.2893,113.9416,0,False,Far (>2km),False,False,False
962,2016,5526.460922400874,Tung Chung,22.2893,113.9416,0,False,Far (>2km),False,False,False
834,2016,8877.198081743341,LOHAS Park,22.2957,114.2689,0,False,Far (>2km),False,False,False
834,2016,8855.194567354565,LOHAS Park,22.2957,114.2689,0,False,Far (>2km),False,False,False
171,2016,1136.4478994847655,Kennedy Town,22.2812,114.1285,0,False,Moderate (1-2km),False,True,True
171,2016,1093.4206922286917,Kennedy Town,22.2812,114.1285,0,False,Moderate (1-2km),False,True,True
182,2016,815.1771002960332,Admiralty,22.278399,114.16433,0,False,Close (500-1000m),False,True,True
131,2016,858.9268563051559,Exhibition Centre,22.281613,114.17569,0,False,Close (500-1000m),False,True,True
962,2016,5339.690458188218,Tung Chung,22.2893,113.9416,0,False,Far (>2km),False,False,False
163,2016,790.1785231109997,Heng Fa Chuen,22.2769,114.2398,0,False,Close (500-1000m),True,True,True
144,2016,701.8317897522905,Causeway Bay,22.279392,114.182926,0,False,Close (500-1000m),False,True,True
144,2016,623.2918081510239,Causeway Bay,22.279392,114.182926,0,False,Close (500-1000m),False,True,True
140,2016,1024.295001736007,Exhibition Centre,22.281613,114.17569,0,False,Moderate (1-2km),False,True,True
131,2016,804.7339431404239,Exhibition Centre,22.281613,114.17569,0,False,Close (500-1000m),False,True,True
182,2016,1089.1577532136594,Admiralty,22.278399,114.16433,0,False,Moderate (1-2km),False,True,True
144,2016,748.4128142393265,Causeway Bay,22.279392,114.182926,0,False,Close (500-1000m),True,True,True
950,2016,2051.250424840156,Tung Chung,22.2893,113.9416,0,False,Far (>2km),False,False,True
143,2016,518.0573837371168,Admiralty,22.278399,114.16433,0,False,Close (500-1000m),True,True,True
950,2016,3152.7977119887028,Tung Chung,22.2893,113.9416,0,False,Far (>2km),False,False,True
950,2016,2655.46196296795,Tung Chung,22.2893,113.9416,0,False,Far (>2km),False,False,False
171,2016,1440.786000772713,Kennedy Town,22.2812,114.1285,0,False,Moderate (1-2km),False,True,True
111,2016,698.8794766243485,Kennedy Town,22.2812,114.1285,0,False,Close (500-1000m),False,True,True
131,2016,795.5916432757767,Admiralty,22.278399,114.16433,0,False,Close (500-1000m),False,True,True
131,2016,811.6269832145183,Admiralty,22.278399,114.16433,0,False,Close (500-1000m),False,True,True
131,2016,985.3581179077871,Exhibition Centre,22.281613,114.17569,0,False,Close (500-1000m),False,True,True
163,2016,600.0579144205083,Heng Fa Chuen,22.2769,114.2398,0,False,Close (500-1000m),False,True,True
111,2016,1116.3287146949526,Kennedy Town,22.2812,114.1285,0,False,Moderate (1-2km),False,False,True
131,2016,940.6608478132003,Exhibition Centre,22.281613,114.17569,0,False,Close (500-1000m),False,True,True
181,2016,1738.6543392943395,HKU,22.2841,114.1356,0,False,Moderate (1-2km),False,True,True
144,2016,907.9585440304858,Causeway Bay,22.279392,114.182926,0,False,Close (500-1000m),False,True,True
143,2016,855.0076632418826,Admiralty,22.278399,114.16433,0,False,Close (500-1000m),False,True,True
171,2016,915.7751613683108,Kennedy Town,22.2812,114.1285,0,False,Close (500-1000m),False,True,True
164,2016,905.0630053117542,Chai Wan,22.2644,114.2368,0,False,Close (500-1000m),True,True,True
143,2016,610.210299096722,Admiralty,22.278399,114.16433,0,False,Close (500-1000m),True,True,True
144,2016,643.8041280459901,Causeway Bay,22.279392,114.182926,0,False,Close (500-1000m),True,True,True
143,2016,582.5863851807095,Admiralty,22.278399,114.16433,0,False,Close (500-1000m),True,True,True
144,2016,469.689251717964,Causeway Bay,22.279392,114.182926,0,False,Very Close (<500m),True,True,True
131,2016,916.6049945462819,Exhibition Centre,22.281613,114.17569,0,False,Close (500-1000m),False,True,True
144,2016,828.3252719463187,Causeway Bay,22.279392,114.182926,0,False,Close (500-1000m),False,True,True
131,2016,830.4860120851909,Exhibition Centre,22.281613,114.17569,0,False,Close (500-1000m),False,True,True
131,2016,851.504524425457,Exhibition Centre,22.281613,114.17569,0,False,Close (500-1000m),False,True,True
111,2016,1272.6462228541534,Kennedy Town,22.2812,114.1285,0,False,Moderate (1-2km),False,False,True
144,2016,948.6428634219708,Causeway Bay,22.279392,114.182926,0,False,Close (500-1000m),False,True,True
149,2016,1292.1245963051942,Tin Hau,22.2827,114.1917,0,False,Moderate (1-2km),False,True,True
131,2016,847.1876681481255,Exhibition Centre,22.281613,114.17569,0,False,Close (500-1000m),False,True,True
142,2016,583.4170897241817,Central,22.281938,114.158077,0,False,Close (500-1000m),False,True,True
161,2016,118.34941566088324,Shau Kei Wan,22.2789,114.2289,0,False,Very Close (<500m),True,True,True
132,2016,208.8513813008812,Causeway Bay,22.279392,114.182926,0,False,Very Close (<500m),True,True,True
132,2016,186.67160264221278,Causeway Bay,22.279392,114.182926,0,False,Very Close (<500m),True,True,True
146,2016,429.4545064435118,Causeway Bay,22.279392,114.182926,0,False,Very Close (<500m),True,True,True
132,2016,340.0779086121318,Causeway Bay,22.279392,114.182926,0,False,Very Close (<500m),True,True,True
142,2016,793.5439113812788,Central,22.281938,114.158077,0,False,Close (500-1000m),False,True,True
131,2016,653.6961044329332,Exhibition Centre,22.281613,114.17569,0,False,Close (500-1000m),False,True,True
131,2016,635.4078542688288,Exhibition Centre,22.281613,114.17569,0,False,Close (500-1000m),False,True,True
131,2016,511.4154169810769,Admiralty,22.278399,114.16433,0,False,Close (500-1000m),True,True,True
145,2016,728.534438248647,Tin Hau,22.2827,114.1917,0,False,Close (500-1000m),False,True,True
131,2016,611.6552341943686,Exhibition Centre,22.281613,114.17569,0,False,Close (500-1000m),False,True,True
962,2016,5047.565586991373,Tung Chung,22.2893,113.9416,0,False,Far (>2km),False,False,False
131,2016,574.8064882030114,Exhibition Centre,22.281613,114.17569,0,False,Close (500-1000m),False,True,True
145,2016,875.92400473098,Tin Hau,22.2827,114.1917,0,False,Close (500-1000m),False,True,True
131,2016,397.08310787642597,Admiralty,22.278399,114.16433,0,False,Very Close (<500m),True,True,True
132,2016,572.2931500864521,Exhibition Centre,22.281613,114.17569,0,False,Close (500-1000m),False,True,True
131,2016,696.0617556298063,Admiralty,22.278399,114.16433,0,False,Close (500-1000m),False,True,True
145,2016,1074.376273186577,Causeway Bay,22.279392,114.182926,0,False,Moderate (1-2km),False,True,True
171,2016,1109.5786467043924,Kennedy Town,22.2812,114.1285,0,False,Moderate (1-2km),False,True,True
184,2016,921.7391882940999,Admiralty,22.278399,114.16433,0,False,Close (500-1000m),False,True,True
171,2016,1152.0759224956091,Kennedy Town,22.2812,114.1285,0,False,Moderate (1-2km),False,False,True
943,2016,6664.206640660129,Tung Chung,22.2893,113.9416,0,False,Far (>2km),False,False,False
144,2016,1017.8406097763847,Causeway Bay,22.279392,114.182926,0,False,Moderate (1-2km),False,True,True
132,2016,300.6642984324198,Causeway Bay,22.279392,114.182926,0,False,Very Close (<500m),True,True,True
131,2016,436.72025689446065,Exhibition Centre,22.281613,114.17569,0,False,Very Close (<500m),True,True,True
132,2016,465.02206088566226,Exhibition Centre,22.281613,114.17569,0,False,Very Close (<500m),True,True,True
146,2016,445.51210332180807,Causeway Bay,22.279392,114.182926,0,False,Very Close (<500m),True,True,True
145,2016,518.6324057319667,Tin Hau,22.2827,114.1917,0,False,Close (500-1000m),True,True,True
132,2016,265.82436529420005,Causeway Bay,22.279392,114.182926,0,False,Very Close (<500m),True,True,True
131,2016,529.0278565736072,Admiralty,22.278399,114.16433,0,False,Close (500-1000m),True,True,True
145,2016,850.7071602811579,Tin Hau,22.2827,114.1917,0,False,Close (500-1000m),False,True,True
132,2016,663.3659748516967,Exhibition Centre,22.281613,114.17569,0,False,Close (500-1000m),False,True,True
140,2016,771.1585731709699,Admiralty,22.278399,114.16433,0,False,Close (500-1000m),True,True,True
131,2016,744.2658041418716,Exhibition Centre,22.281613,114.17569,0,False,Close (500-1000m),False,True,True
143,2016,595.9926826423336,Admiralty,22.278399,114.16433,0,False,Close (500-1000m),True,True,True
171,2016,816.9214707599102,Kennedy Town,22.2812,114.1285,0,False,Close (500-1000m),False,True,True
131,2016,724.3849065258743,Admiralty,22.278399,114.16433,0,False,Close (500-1000m),False,True,True
161,2016,466.8960232117427,Shau Kei Wan,22.2789,114.2289,0,False,Very Close (<500m),True,True,True
131,2016,623.66588812605,Admiralty,22.278399,114.16433,0,False,Close (500-1000m),False,True,True
143,2016,876.5107996863,Central,22.281938,114.158077,0,False,Close (500-1000m),False,True,True
131,2016,756.8297303726138,Exhibition Centre,22.281613,114.17569,0,False,Close (500-1000m),False,True,True
161,2016,535.8357128175193,Shau Kei Wan,22.2789,114.2289,0,False,Close (500-1000m),True,True,True
132,2016,613.0243551760052,Causeway Bay,22.279392,114.182926,0,False,Close (500-1000m),False,True,True
142,2016,1016.7409386759482,Central,22.281938,114.158077,0,False,Moderate (1-2km),False,True,True
111,2016,624.9203778055546,Kennedy Town,22.2812,114.1285,0,False,Close (500-1000m),False,True,True
131,2016,679.1315510573203,Admiralty,22.278399,114.16433,0,False,Close (500-1000m),False,True,True
162,2016,434.4660781235522,Heng Fa Chuen,22.2769,114.2398,0,False,Very Close (<500m),True,True,True
132,2016,748.1415174740703,Exhibition Centre,22.281613,114.17569,0,False,Close (500-1000m),False,True,True
143,2016,438.4506178337631,Admiralty,22.278399,114.16433,0,False,Very Close (<500m),True,True,True
131,2016,525.2470330911451,Admiralty,22.278399,114.16433,0,False,Close (500-1000m),True,True,True
131,2016,476.32042383771517,Admiralty,22.278399,114.16433,0,False,Very Close (<500m),True,True,True
962,2016,5504.974984184141,Tung Chung,22.2893,113.9416,0,False,Far (>2km),False,False,False
961,2016,5999.611949442631,Disneyland Resort,22.3155,114.0451,0,False,Far (>2km),False,False,False
161,2016,195.7081462011323,Shau Kei Wan,22.2789,114.2289,0,False,Very Close (<500m),True,True,True
145,2016,552.41951582152,Tin Hau,22.2827,114.1917,0,False,Close (500-1000m),False,True,True
145,2016,601.7864349139038,Tin Hau,22.2827,114.1917,0,False,Close (500-1000m),False,True,True
144,2016,393.6120188428698,Causeway Bay,22.279392,114.182926,0,False,Very Close (<500m),True,True,True
132,2016,440.8084824445462,Exhibition Centre,22.281613,114.17569,0,False,Very Close (<500m),True,True,True
132,2016,473.95530315028276,Exhibition Centre,22.281613,114.17569,0,False,Very Close (<500m),True,True,True
161,2016,141.8718591147232,Shau Kei Wan,22.2789,114.2289,0,False,Very Close (<500m),True,True,True
132,2016,446.80232139482007,Causeway Bay,22.279392,114.182926,0,False,Very Close (<500m),True,True,True
124,2016,536.0843702391804,Central,22.281938,114.158077,0,False,Close (500-1000m),True,True,True
145,2016,546.1060676294263,Tin Hau,22.2827,114.1917,0,False,Close (500-1000m),False,True,True
145,2016,705.5287696371071,Tin Hau,22.2827,114.1917,0,False,Close (500-1000m),True,True,True
145,2016,440.6584172591535,Tin Hau,22.2827,114.1917,0,False,Very Close (<500m),True,True,True
141,2016,466.88070156751377,Kennedy Town,22.2812,114.1285,0,False,Very Close (<500m),True,True,True
144,2016,261.7540815391493,Causeway Bay,22.279392,114.182926,0,False,Very Close (<500m),True,True,True
131,2016,533.2416009157199,Exhibition Centre,22.281613,114.17569,0,False,Close (500-1000m),True,True,True
142,2016,705.7830057273328,Central,22.281938,114.158077,0,False,Close (500-1000m),False,True,True
131,2016,635.5590923571141,Exhibition Centre,22.281613,114.17569,0,False,Close (500-1000m),False,True,True
145,2016,730.6491243433861,Tin Hau,22.2827,114.1917,0,False,Close (500-1000m),False,True,True
161,2016,288.7442009385295,Shau Kei Wan,22.2789,114.2289,0,False,Very Close (<500m),True,True,True
145,2016,531.31160724372,Tin Hau,22.2827,114.1917,0,False,Close (500-1000m),False,True,True
145,2016,593.1314337771687,Tin Hau,22.2827,114.1917,0,False,Close (500-1000m),False,True,True
145,2016,517.6751819399435,Tin Hau,22.2827,114.1917,0,False,Close (500-1000m),True,True,True
146,2016,303.4482554005508,Causeway Bay,22.279392,114.182926,0,False,Very Close (<500m),True,True,True
145,2016,500.4167528256922,Tin Hau,22.2827,114.1917,0,False,Close (500-1000m),True,True,True
141,2016,527.7106502518734,Kennedy Town,22.2812,114.1285,0,False,Close (500-1000m),True,True,True
146,2016,321.98941132365076,Causeway Bay,22.279392,114.182926,0,False,Very Close (<500m),True,True,True
962,2016,6206.420617666915,Disneyland Resort,22.3155,114.0451,0,False,Far (>2km),False,False,False
145,2016,499.308667516234,Tin Hau,22.2827,114.1917,0,False,Very Close (<500m),True,True,True
161,2016,210.43281217570012,Shau Kei Wan,22.2789,114.2289,0,False,Very Close (<500m),True,True,True
145,2016,484.5594344345242,Tin Hau,22.2827,114.1917,0,False,Very Close (<500m),True,True,True
133,2016,381.0509567154193,Exhibition Centre,22.281613,114.17569,0,False,Very Close (<500m),True,True,True
146,2016,367.96733813752843,Causeway Bay,22.279392,114.182926,0,False,Very Close (<500m),True,True,True
145,2016,488.16605371156345,Tin Hau,22.2827,114.1917,0,False,Very Close (<500m),True,True,True
148,2016,572.1001572792724,Tin Hau,22.2827,114.1917,0,False,Close (500-1000m),True,True,True
161,2016,297.7974536723058,Shau Kei Wan,22.2789,114.2289,0,False,Very Close (<500m),True,True,True
144,2016,627.4563067045998,Causeway Bay,22.279392,114.182926,0,False,Close (500-1000m),False,True,True
142,2016,857.476599993274,Central,22.281938,114.158077,0,False,Close (500-1000m),False,True,True
132,2016,552.699157918369,Exhibition Centre,22.281613,114.17569,0,False,Close (500-1000m),False,True,True
166,2016,331.61483906996637,Shau Kei Wan,22.2789,114.2289,0,False,Very Close (<500m),True,True,True
145,2016,665.1751894667453,Tin Hau,22.2827,114.1917,0,False,Close (500-1000m),False,True,True
132,2016,541.4435204017091,Exhibition Centre,22.281613,114.17569,0,False,Close (500-1000m),False,True,True
142,2016,849.3455237076416,Central,22.281938,114.158077,0,False,Close (500-1000m),False,True,True
190,2016,1923.0939299981185,Tin Hau,22.2827,114.1917,0,False,Moderate (1-2km),False,False,True
132,2016,541.7107600734167,Causeway Bay,22.279392,114.182926,0,False,Close (500-1000m),True,True,True
132,2016,541.8979126587373,Exhibition Centre,22.281613,114.17569,0,False,Close (500-1000m),True,True,True
143,2016,641.3449915874971,Central,22.281938,114.158077,0,False,Close (500-1000m),False,True,True
190,2016,1339.5950903456676,Tin Hau,22.2827,114.1917,0,False,Moderate (1-2km),False,False,True
111,2016,413.7362943281974,Kennedy Town,22.2812,114.1285,0,False,Very Close (<500m),True,True,True
161,2016,212.76855566978077,Sai Wan Ho,22.2816,114.2224,0,False,Very Close (<500m),True,True,True
943,2016,5965.220638224061,Tung Chung,22.2893,113.9416,0,False,Far (>2km),False,False,False
123,2016,361.1667972968778,Central,22.281938,114.158077,0,False,Very Close (<500m),True,True,True
133,2016,291.63095071539533,Causeway Bay,22.279392,114.182926,0,False,Very Close (<500m),True,True,True
123,2016,235.77234242270578,Central,22.281938,114.158077,0,False,Very Close (<500m),True,True,True
161,2016,333.09382075221595,Sai Wan Ho,22.2816,114.2224,0,False,Very Close (<500m),True,True,True
123,2016,299.4195918319035,Central,22.281938,114.158077,0,False,Very Close (<500m),True,True,True
161,2016,504.61028159685026,Shau Kei Wan,22.2789,114.2289,0,False,Close (500-1000m),True,True,True
161,2016,194.06864564116015,Shau Kei Wan,22.2789,114.2289,0,False,Very Close (<500m),True,True,True
145,2016,341.2153849099969,Tin Hau,22.2827,114.1917,0,False,Very Close (<500m),True,True,True
133,2016,129.33853391162503,Causeway Bay,22.279392,114.182926,0,False,Very Close (<500m),True,True,True
142,2016,902.5200558962724,Central,22.281938,114.158077,0,False,Close (500-1000m),False,True,True
132,2016,499.7465282603007,Exhibition Centre,22.281613,114.17569,0,False,Very Close (<500m),True,True,True
131,2016,411.2990344149745,Admiralty,22.278399,114.16433,0,False,Very Close (<500m),True,True,True
124,2016,572.2854413815353,Central,22.281938,114.158077,0,False,Close (500-1000m),False,True,True
132,2016,528.8709739331313,Exhibition Centre,22.281613,114.17569,0,False,Close (500-1000m),False,True,True
950,2016,2038.8842290615676,Tung Chung,22.2893,113.9416,0,False,Far (>2km),False,False,True
950,2016,1545.1323712101296,Tung Chung,22.2893,113.9416,0,False,Moderate (1-2km),False,False,True
132,2016,505.6789910532103,Exhibition Centre,22.281613,114.17569,0,False,Close (500-1000m),True,True,True
131,2016,572.4019554359992,Admiralty,22.278399,114.16433,0,False,Close (500-1000m),False,True,True
132,2016,430.2902578368974,Causeway Bay,22.279392,114.182926,0,False,Very Close (<500m),True,True,True
131,2016,607.2873499270488,Exhibition Centre,22.281613,114.17569,0,False,Close (500-1000m),False,True,True
132,2016,362.42864610402245,Causeway Bay,22.279392,114.182926,0,False,Very Close (<500m),True,True,True
132,2016,317.0516260673148,Causeway Bay,22.279392,114.182926,0,False,Very Close (<500m),True,True,True
839,2016,2828.6083816332166,LOHAS Park,22.2957,114.2689,0,False,Far (>2km),False,False,False
131,2016,683.5670907625362,Exhibition Centre,22.281613,114.17569,0,False,Close (500-1000m),False,True,True
132,2016,263.0872087202422,Causeway Bay,22.279392,114.182926,0,False,Very Close (<500m),True,True,True
141,2016,577.4995263503176,Kennedy Town,22.2812,114.1285,0,False,Close (500-1000m),False,True,True
161,2016,256.2665577211078,Shau Kei Wan,22.2789,114.2289,0,False,Very Close (<500m),True,True,True
145,2016,631.1791552036398,Tin Hau,22.2827,114.1917,0,False,Close (500-1000m),False,True,True
161,2016,196.71937424778102,Shau Kei Wan,22.2789,114.2289,0,False,Very Close (<500m),True,True,True
131,2016,513.3508157564229,Admiralty,22.278399,114.16433,0,False,Close (500-1000m),True,True,True
131,2016,590.0648804195367,Admiralty,22.278399,114.16433,0,False,Close (500-1000m),False,True,True
132,2016,485.62368124982174,Exhibition Centre,22.281613,114.17569,0,False,Very Close (<500m),True,True,True
146,2016,738.0912766962085,Causeway Bay,22.279392,114.182926,0,False,Close (500-1000m),False,True,True
131,2016,491.02659144582805,Exhibition Centre,22.281613,114.17569,0,False,Very Close (<500m),True,True,True
132,2016,547.9779260053708,Exhibition Centre,22.281613,114.17569,0,False,Close (500-1000m),True,True,True
144,2016,452.9141263928303,Causeway Bay,22.279392,114.182926,0,False,Very Close (<500m),True,True,True
161,2016,224.72730661670303,Shau Kei Wan,22.2789,114.2289,0,False,Very Close (<500m),True,True,True
132,2016,394.24409226708354,Causeway Bay,22.279392,114.182926,0,False,Very Close (<500m),True,True,True
131,2016,435.336105106458,Admiralty,22.278399,114.16433,0,False,Very Close (<500m),True,True,True
834,2016,5161.900837624344,LOHAS Park,22.2957,114.2689,0,False,Far (>2km),False,False,False
161,2016,177.33427974478735,Shau Kei Wan,22.2789,114.2289,0,False,Very Close (<500m),True,True,True
161,2016,7.139750180616008,Shau Kei Wan,22.2789,114.2289,1,True,Very Close (<500m),True,True,True
146,2016,102.39713789032962,Causeway Bay,22.279392,114.182926,0,False,Very Close (<500m),True,True,True
146,2016,240.47893450480478,Causeway Bay,22.279392,114.182926,0,False,Very Close (<500m),True,True,True
146,2016,391.9840963507375,Causeway Bay,22.279392,114.182926,0,False,Very Close (<500m),True,True,True
146,2016,254.73245756244788,Causeway Bay,22.279392,114.182926,0,False,Very Close (<500m),True,True,True
124,2016,392.0909132480176,Admiralty,22.278399,114.16433,0,False,Very Close (<500m),True,True,True
166,2016,449.3958195899149,Shau Kei Wan,22.2789,114.2289,0,False,Very Close (<500m),True,True,True
146,2016,532.9575310901001,Tin Hau,22.2827,114.1917,0,False,Close (500-1000m),True,True,True
161,2016,341.9947658451648,Shau Kei Wan,22.2789,114.2289,0,False,Very Close (<500m),True,True,True
133,2016,260.4298344750951,Exhibition Centre,22.281613,114.17569,0,False,Very Close (<500m),True,True,True
142,2016,713.3972321148909,Central,22.281938,114.158077,0,False,Close (500-1000m),False,True,True
145,2016,439.23022171163416,Tin Hau,22.2827,114.1917,0,False,Very Close (<500m),True,True,True
132,2016,144.9052061748465,Causeway Bay,22.279392,114.182926,0,False,Very Close (<500m),True,True,True
131,2016,322.16389872047887,Exhibition Centre,22.281613,114.17569,0,False,Very Close (<500m),True,True,True
132,2016,110.78434479231903,Causeway Bay,22.279392,114.182926,0,False,Very Close (<500m),True,True,True
145,2016,422.1560250879882,Tin Hau,22.2827,114.1917,0,False,Very Close (<500m),True,True,True
145,2016,426.64717796729207,Tin Hau,22.2827,114.1917,0,False,Very Close (<500m),True,True,True
124,2016,95.06814617259539,Admiralty,22.278399,114.16433,1,True,Very Close (<500m),True,True,True
950,2016,1335.1217302484322,Tung Chung,22.2893,113.9416,0,False,Moderate (1-2km),False,False,True
132,2016,296.6608304151841,Causeway Bay,22.279392,114.182926,0,False,Very Close (<500m),True,True,True
148,2016,453.8054111301415,Tin Hau,22.2827,114.1917,0,False,Very Close (<500m),True,True,True
146,2016,146.61273816040475,Causeway Bay,22.279392,114.182926,0,False,Very Close (<500m),True,True,True
146,2016,119.31739658164153,Causeway Bay,22.279392,114.182926,0,False,Very Close (<500m),True,True,True
145,2016,783.4158135662803,Tin Hau,22.2827,114.1917,0,False,Close (500-1000m),False,True,True
132,2016,576.1548494466853,Exhibition Centre,22.281613,114.17569,0,False,Close (500-1000m),False,True,True
131,2016,539.4713190491271,Admiralty,22.278399,114.16433,0,False,Close (500-1000m),True,True,True
132,2016,475.4436961149263,Causeway Bay,22.279392,114.182926,0,False,Very Close (<500m),True,True,True
145,2016,698.8287208884634,Tin Hau,22.2827,114.1917,0,False,Close (500-1000m),False,True,True
950,2016,1640.0835955829682,Tung Chung,22.2893,113.9416,0,False,Moderate (1-2km),False,False,True
144,2016,368.22657118754756,Causeway Bay,22.279392,114.182926,0,False,Very Close (<500m),True,True,True
143,2016,313.80207529709975,Admiralty,22.278399,114.16433,0,False,Very Close (<500m),True,True,True
161,2016,269.1459723515653,Shau Kei Wan,22.2789,114.2289,0,False,Very Close (<500m),True,True,True
131,2016,706.1819415517355,Exhibition Centre,22.281613,114.17569,0,False,Close (500-1000m),False,True,True
131,2016,642.6939133035709,Admiralty,22.278399,114.16433,0,False,Close (500-1000m),False,True,True
131,2016,463.4553056125556,Admiralty,22.278399,114.16433,0,False,Very Close (<500m),True,True,True
132,2016,98.08174565350741,Causeway Bay,22.279392,114.182926,0,False,Very Close (<500m),True,True,True
161,2016,327.26303583468535,Sai Wan Ho,22.2816,114.2224,0,False,Very Close (<500m),True,True,True
146,2016,26.343410867540054,Causeway Bay,22.279392,114.182926,1,True,Very Close (<500m),True,True,True
161,2016,260.71417643925133,Sai Wan Ho,22.2816,114.2224,0,False,Very Close (<500m),True,True,True
146,2016,427.3711833410998,Causeway Bay,22.279392,114.182926,0,False,Very Close (<500m),True,True,True
146,2016,101.320148854331,Causeway Bay,22.279392,114.182926,0,False,Very Close (<500m),True,True,True
122,2016,459.1221993799087,Central,22.281938,114.158077,0,False,Very Close (<500m),True,True,True
151,2016,327.07569123520915,Tin Hau,22.2827,114.1917,0,False,Very Close (<500m),True,True,True
146,2016,264.92226601289013,Causeway Bay,22.279392,114.182926,0,False,Very Close (<500m),True,True,True
161,2016,335.0040066306422,Shau Kei Wan,22.2789,114.2289,0,False,Very Close (<500m),True,True,True
146,2016,266.99502466957534,Causeway Bay,22.279392,114.182926,0,False,Very Close (<500m),True,True,True
142,2016,720.712136747245,Sheung Wan,22.285899,114.153707,0,False,Close (500-1000m),False,True,True
133,2016,342.07261772461726,Exhibition Centre,22.281613,114.17569,0,False,Very Close (<500m),True,True,True
122,2016,401.4780679171433,Central,22.281938,114.158077,0,False,Very Close (<500m),True,True,True
123,2016,294.6806421454872,Central,22.281938,114.158077,0,False,Very Close (<500m),True,True,True
161,2016,243.40899488698122,Sai Wan Ho,22.2816,114.2224,0,False,Very Close (<500m),True,True,True
161,2016,175.27452563927136,Sai Wan Ho,22.2816,114.2224,0,False,Very Close (<500m),True,True,True
161,2016,295.1883922273272,Sai Wan Ho,22.2816,114.2224,0,False,Very Close (<500m),True,True,True
162,2016,69.23943314845002,Heng Fa Chuen,22.2769,114.2398,1,True,Very Close (<500m),True,True,True
146,2016,130.0870886511409,Causeway Bay,22.279392,114.182926,0,False,Very Close (<500m),True,True,True
134,2016,375.77182989149946,Exhibition Centre,22.281613,114.17569,0,False,Very Close (<500m),True,True,True
151,2016,295.8655085846075,Tin Hau,22.2827,114.1917,0,False,Very Close (<500m),True,True,True
832,2016,3993.941565746682,LOHAS Park,22.2957,114.2689,0,False,Far (>2km),False,False,False
123,2016,238.0729997467795,Central,22.281938,114.158077,0,False,Very Close (<500m),True,True,True
141,2016,445.8371472768577,Kennedy Town,22.2812,114.1285,0,False,Very Close (<500m),True,True,True
142,2016,520.5761882188767,Central,22.281938,114.158077,0,False,Close (500-1000m),True,True,True
145,2016,402.7629165616769,Tin Hau,22.2827,114.1917,0,False,Very Close (<500m),True,True,True
146,2016,283.3187797330174,Causeway Bay,22.279392,114.182926,0,False,Very Close (<500m),True,True,True
145,2016,409.1318415257545,Tin Hau,22.2827,114.1917,0,False,Very Close (<500m),True,True,True
161,2016,293.5588278455055,Shau Kei Wan,22.2789,114.2289,0,False,Very Close (<500m),True,True,True
131,2016,450.5497941441576,Exhibition Centre,22.281613,114.17569,0,False,Very Close (<500m),True,True,True
146,2016,516.268633686372,Causeway Bay,22.279392,114.182926,0,False,Close (500-1000m),True,True,True
166,2016,410.17676876809827,Sai Wan Ho,22.2816,114.2224,0,False,Very Close (<500m),True,True,True
146,2016,385.2681284345746,Causeway Bay,22.279392,114.182926,0,False,Very Close (<500m),True,True,True
133,2016,335.9297827850939,Exhibition Centre,22.281613,114.17569,0,False,Very Close (<500m),True,True,True
132,2016,219.8196015090101,Causeway Bay,22.279392,114.182926,0,False,Very Close (<500m),True,True,True
146,2016,505.61067637053856,Tin Hau,22.2827,114.1917,0,False,Close (500-1000m),True,True,True
131,2016,555.8189636256106,Exhibition Centre,22.281613,114.17569,0,False,Close (500-1000m),True,True,True
133,2016,429.1023086103673,Causeway Bay,22.279392,114.182926,0,False,Very Close (<500m),True,True,True
132,2016,94.02344605500495,Causeway Bay,22.279392,114.182926,0,False,Very Close (<500m),True,True,True
132,2016,235.81159900398126,Causeway Bay,22.279392,114.182926,0,False,Very Close (<500m),True,True,True
161,2016,345.0286661143124,Shau Kei Wan,22.2789,114.2289,0,False,Very Close (<500m),True,True,True
124,2016,203.18822637711972,Admiralty,22.278399,114.16433,0,False,Very Close (<500m),True,True,True
145,2016,384.1067955246116,Tin Hau,22.2827,114.1917,0,False,Very Close (<500m),True,True,True
142,2016,845.8511201122719,Central,22.281938,114.158077,0,False,Close (500-1000m),False,True,True
131,2016,562.7159173759794,Admiralty,22.278399,114.16433,0,False,Close (500-1000m),True,True,True
131,2016,340.2575178490756,Exhibition Centre,22.281613,114.17569,0,False,Very Close (<500m),True,True,True
161,2016,241.4908526913971,Shau Kei Wan,22.2789,114.2289,0,False,Very Close (<500m),True,True,True
141,2016,632.8454515507859,Sai Ying Pun,22.2856,114.1427,0,False,Close (500-1000m),False,True,True
123,2016,179.68352746962145,Central,22.281938,114.158077,0,False,Very Close (<500m),True,True,True
133,2016,172.8564674048774,Causeway Bay,22.279392,114.182926,0,False,Very Close (<500m),True,True,True
146,2016,375.97637018795825,Causeway Bay,22.279392,114.182926,0,False,Very Close (<500m),True,True,True
135,2016,157.09537428300285,Exhibition Centre,22.281613,114.17569,0,False,Very Close (<500m),True,True,True
122,2016,471.7249531256114,Central,22.281938,114.158077,0,False,Very Close (<500m),True,True,True
123,2016,212.44872976647932,Central,22.281938,114.158077,0,False,Very Close (<500m),True,True,True
148,2016,601.4165191523718,Tin Hau,22.2827,114.1917,0,False,Close (500-1000m),True,True,True
148,2016,899.2776022251184,Tin Hau,22.2827,114.1917,0,False,Close (500-1000m),True,True,True
133,2016,391.9624297829638,Exhibition Centre,22.281613,114.17569,0,False,Very Close (<500m),True,True,True
950,2016,1334.6309349398152,Tung Chung,22.2893,113.9416,0,False,Moderate (1-2km),False,False,True
161,2016,120.37845036618502,Shau Kei Wan,22.2789,114.2289,0,False,Very Close (<500m),True,True,True
145,2016,455.5519471197796,Tin Hau,22.2827,114.1917,0,False,Very Close (<500m),True,True,True
950,2016,1473.8038520548266,Tung Chung,22.2893,113.9416,0,False,Moderate (1-2km),False,False,True
131,2016,541.9724443362826,Admiralty,22.278399,114.16433,0,False,Close (500-1000m),True,True,True
131,2016,389.5186880024365,Exhibition Centre,22.281613,114.17569,0,False,Very Close (<500m),True,True,True
133,2016,392.58586080552146,Exhibition Centre,22.281613,114.17569,0,False,Very Close (<500m),True,True,True
145,2016,445.0582230193228,Tin Hau,22.2827,114.1917,0,False,Very Close (<500m),True,True,True
146,2016,205.03621353910705,Causeway Bay,22.279392,114.182926,0,False,Very Close (<500m),True,True,True
133,2016,247.55082960639803,Causeway Bay,22.279392,114.182926,0,False,Very Close (<500m),True,True,True
161,2016,312.9214170709882,Sai Wan Ho,22.2816,114.2224,0,False,Very Close (<500m),True,True,True
133,2016,264.91608544513383,Causeway Bay,22.279392,114.182926,0,False,Very Close (<500m),True,True,True
161,2016,248.46912914420145,Shau Kei Wan,22.2789,114.2289,0,False,Very Close (<500m),True,True,True
132,2016,31.332975949195472,Causeway Bay,22.279392,114.182926,0,False,Very Close (<500m),True,True,True
133,2016,277.55208799465936,Exhibition Centre,22.281613,114.17569,0,False,Very Close (<500m),True,True,True
124,2016,346.90402246672136,Admiralty,22.278399,114.16433,0,False,Very Close (<500m),True,True,True
148,2016,386.86413106375693,Tin Hau,22.2827,114.1917,0,False,Very Close (<500m),True,True,True
146,2016,184.50440712495828,Causeway Bay,22.279392,114.182926,0,False,Very Close (<500m),True,True,True
161,2016,299.2893570216788,Shau Kei Wan,22.2789,114.2289,0,False,Very Close (<500m),True,True,True
123,2016,351.8329237568047,Central,22.281938,114.158077,0,False,Very Close (<500m),True,True,True
148,2016,550.2475095206582,Tin Hau,22.2827,114.1917,0,False,Close (500-1000m),True,True,True
148,2016,355.24347001015445,Tin Hau,22.2827,114.1917,0,False,Very Close (<500m),True,True,True
146,2016,471.67818058755694,Tin Hau,22.2827,114.1917,0,False,Very Close (<500m),True,True,True
156,2016,475.6934023040751,Tai Koo,22.2846,114.2161,0,False,Very Close (<500m),True,True,True
122,2016,453.03568295580186,Sheung Wan,22.285899,114.153707,0,False,Very Close (<500m),True,True,True
111,2016,525.7299145886981,Kennedy Town,22.2812,114.1285,0,False,Close (500-1000m),True,True,True
142,2016,585.4293351363315,Sheung Wan,22.285899,114.153707,0,False,Close (500-1000m),True,True,True
161,2016,233.82562783525734,Shau Kei Wan,22.2789,114.2289,0,False,Very Close (<500m),True,True,True
142,2016,572.9275558234852,Central,22.281938,114.158077,0,False,Close (500-1000m),True,True,True
161,2016,229.86462818668613,Sai Wan Ho,22.2816,114.2224,0,False,Very Close (<500m),True,True,True
181,2016,1104.800649251817,Sai Ying Pun,22.2856,114.1427,0,False,Moderate (1-2km),False,True,True
123,2016,244.78089701207975,Central,22.281938,114.158077,0,False,Very Close (<500m),True,True,True
961,2016,5453.483647463584,Disneyland Resort,22.3155,114.0451,0,False,Far (>2km),False,False,False
161,2016,118.34900657043755,Sai Wan Ho,22.2816,114.2224,0,False,Very Close (<500m),True,True,True
133,2016,334.8272177193533,Causeway Bay,22.279392,114.182926,0,False,Very Close (<500m),True,True,True
146,2016,159.80182809395652,Causeway Bay,22.279392,114.182926,0,False,Very Close (<500m),True,True,True
962,2016,5839.180949867544,Tung Chung,22.2893,113.9416,0,False,Far (>2km),False,False,False
146,2016,200.67898982360828,Causeway Bay,22.279392,114.182926,0,False,Very Close (<500m),True,True,True
141,2016,524.5365915144968,HKU,22.2841,114.1356,0,False,Close (500-1000m),True,True,True
123,2016,360.02231515543775,Central,22.281938,114.158077,0,False,Very Close (<500m),True,True,True
161,2016,313.73652559179527,Shau Kei Wan,22.2789,114.2289,0,False,Very Close (<500m),True,True,True
142,2016,762.6817155795028,Sai Ying Pun,22.2856,114.1427,0,False,Close (500-1000m),False,True,True
122,2016,554.1472855228891,Sheung Wan,22.285899,114.153707,0,False,Close (500-1000m),False,True,True
121,2016,282.0338811069522,Central,22.281938,114.158077,0,False,Very Close (<500m),True,True,True
123,2016,263.53241558839125,Central,22.281938,114.158077,0,False,Very Close (<500m),True,True,True
161,2016,311.1434777970633,Sai Wan Ho,22.2816,114.2224,0,False,Very Close (<500m),True,True,True
141,2016,382.2954650497119,Kennedy Town,22.2812,114.1285,0,False,Very Close (<500m),True,True,True
156,2016,1019.9808840445631,Tai Koo,22.2846,114.2161,0,False,Moderate (1-2km),True,True,True
135,2016,26.114557757765905,Exhibition Centre,22.281613,114.17569,1,True,Very Close (<500m),True,True,True
146,2016,241.82688952978623,Causeway Bay,22.279392,114.182926,0,False,Very Close (<500m),True,True,True
145,2016,170.1343683462082,Tin Hau,22.2827,114.1917,0,False,Very Close (<500m),True,True,True
161,2016,127.443304898663,Sai Wan Ho,22.2816,114.2224,0,False,Very Close (<500m),True,True,True
122,2016,501.8359664525455,Sheung Wan,22.285899,114.153707,0,False,Close (500-1000m),True,True,True
123,2016,225.41439394997,Central,22.281938,114.158077,0,False,Very Close (<500m),True,True,True
142,2016,641.6524271888866,Sheung Wan,22.285899,114.153707,0,False,Close (500-1000m),False,True,True
141,2016,406.0703849679349,HKU,22.2841,114.1356,0,False,Very Close (<500m),True,True,True
111,2016,356.26996239867657,Kennedy Town,22.2812,114.1285,0,False,Very Close (<500m),True,True,True
142,2016,694.7613029241866,Sai Ying Pun,22.2856,114.1427,0,False,Close (500-1000m),True,True,True
161,2016,489.34591653641246,Shau Kei Wan,22.2789,114.2289,0,False,Very Close (<500m),True,True,True
146,2016,279.0974371424242,Causeway Bay,22.279392,114.182926,0,False,Very Close (<500m),True,True,True
161,2016,525.5141878460355,Shau Kei Wan,22.2789,114.2289,0,False,Close (500-1000m),True,True,True
111,2016,205.96761890083292,Kennedy Town,22.2812,114.1285,0,False,Very Close (<500m),True,True,True
122,2016,460.3088336069201,Sheung Wan,22.285899,114.153707,0,False,Very Close (<500m),True,True,True
135,2016,235.956018353703,Exhibition Centre,22.281613,114.17569,0,False,Very Close (<500m),True,True,True
146,2016,295.9923764550133,Causeway Bay,22.279392,114.182926,0,False,Very Close (<500m),True,True,True
123,2016,132.89892308211438,Central,22.281938,114.158077,0,False,Very Close (<500m),True,True,True
124,2016,120.51745962663307,Admiralty,22.278399,114.16433,0,False,Very Close (<500m),True,True,True
961,2016,5701.0652230911555,Disneyland Resort,22.3155,114.0451,0,False,Far (>2km),False,False,False
161,2016,186.21947808280103,Shau Kei Wan,22.2789,114.2289,0,False,Very Close (<500m),True,True,True
161,2016,173.5200932993673,Sai Wan Ho,22.2816,114.2224,0,False,Very Close (<500m),True,True,True
134,2016,529.8932608540283,Admiralty,22.278399,114.16433,0,False,Close (500-1000m),True,True,True
114,2016,269.8452601726802,Sheung Wan,22.285899,114.153707,0,False,Very Close (<500m),True,True,True
111,2016,328.76736926537865,Kennedy Town,22.2812,114.1285,0,False,Very Close (<500m),True,True,True
121,2016,253.50138769131766,Railway stations in Hong Kong,22.284721,114.157986,0,False,Very Close (<500m),True,True,True
124,2016,380.72948897748444,Admiralty,22.278399,114.16433,0,False,Very Close (<500m),True,True,True
114,2016,334.51152988464924,Sheung Wan,22.285899,114.153707,0,False,Very Close (<500m),True,True,True
114,2016,288.3429262854742,Sheung Wan,22.285899,114.153707,0,False,Very Close (<500m),True,True,True
166,2016,355.6748958863803,Tai Koo,22.2846,114.2161,0,False,Very Close (<500m),True,True,True
161,2016,326.3515682291315,Sai Wan Ho,22.2816,114.2224,0,False,Very Close (<500m),True,True,True
121,2016,232.62001496103903,Central,22.281938,114.158077,0,False,Very Close (<500m),True,True,True
162,2016,563.1359330808011,Heng Fa Chuen,22.2769,114.2398,0,False,Close (500-1000m),True,True,True
161,2016,69.85577310645526,Shau Kei Wan,22.2789,114.2289,0,False,Very Close (<500m),True,True,True
145,2016,472.61643433811025,Tin Hau,22.2827,114.1917,0,False,Very Close (<500m),True,True,True
166,2016,416.786744977394,Sai Wan Ho,22.2816,114.2224,0,False,Very Close (<500m),True,True,True
131,2016,493.40050091255216,Exhibition Centre,22.281613,114.17569,0,False,Very Close (<500m),True,True,True
145,2016,491.9581866929636,Tin Hau,22.2827,114.1917,0,False,Very Close (<500m),True,True,True
131,2016,594.8648206523594,Exhibition Centre,22.281613,114.17569,0,False,Close (500-1000m),False,True,True
145,2016,469.2184280923377,Tin Hau,22.2827,114.1917,0,False,Very Close (<500m),True,True,True
132,2016,425.5722368324789,Causeway Bay,22.279392,114.182926,0,False,Very Close (<500m),True,True,True
950,2016,1697.295465160833,Tung Chung,22.2893,113.9416,0,False,Moderate (1-2km),False,False,True
145,2016,460.8152892497761,Tin Hau,22.2827,114.1917,0,False,Very Close (<500m),True,True,True
145,2016,469.27391544380396,Tin Hau,22.2827,114.1917,0,False,Very Close (<500m),True,True,True
166,2016,291.4096868037496,Tai Koo,22.2846,114.2161,0,False,Very Close (<500m),True,True,True
146,2016,457.0227550405396,Causeway Bay,22.279392,114.182926,0,False,Very Close (<500m),True,True,True
111,2016,284.90503765955316,Kennedy Town,22.2812,114.1285,0,False,Very Close (<500m),True,True,True
976,2016,3784.81555545863,Disneyland Resort,22.3155,114.0451,0,False,Far (>2km),False,False,False
157,2016,247.2119051711152,Sai Wan Ho,22.2816,114.2224,0,False,Very Close (<500m),True,True,True
147,2016,376.6112858253047,Causeway Bay,22.279392,114.182926,0,False,Very Close (<500m),True,True,True
122,2016,264.85568062679675,Sheung Wan,22.285899,114.153707,0,False,Very Close (<500m),True,True,True
111,2016,1027.0146183349407,Kennedy Town,22.2812,114.1285,0,False,Moderate (1-2km),False,True,True
111,2016,427.33270919464593,Kennedy Town,22.2812,114.1285,0,False,Very Close (<500m),True,True,True
141,2016,325.2289542914657,Sai Ying Pun,22.2856,114.1427,0,False,Very Close (<500m),True,True,True
111,2016,396.01412727555265,Kennedy Town,22.2812,114.1285,0,False,Very Close (<500m),True,True,True
111,2016,167.18888798983488,Kennedy Town,22.2812,114.1285,0,False,Very Close (<500m),True,True,True
161,2016,138.00840610675277,Sai Wan Ho,22.2816,114.2224,0,False,Very Close (<500m),True,True,True
124,2016,288.9181711969674,Admiralty,22.278399,114.16433,0,False,Very Close (<500m),True,True,True
161,2016,150.29457228557814,Sai Wan Ho,22.2816,114.2224,0,False,Very Close (<500m),True,True,True
123,2016,164.43030015189544,Central,22.281938,114.158077,0,False,Very Close (<500m),True,True,True
123,2016,201.31373228321468,Central,22.281938,114.158077,0,False,Very Close (<500m),True,True,True
950,2016,1512.2012612285444,Tung Chung,22.2893,113.9416,0,False,Moderate (1-2km),False,False,True
142,2016,593.1705563751126,Sheung Wan,22.285899,114.153707,0,False,Close (500-1000m),False,True,True
111,2016,293.05254896203263,Kennedy Town,22.2812,114.1285,0,False,Very Close (<500m),True,True,True
124,2016,582.3323450778088,Exhibition Centre,22.281613,114.17569,0,False,Close (500-1000m),True,True,True
111,2016,736.0651079164581,Kennedy Town,22.2812,114.1285,0,False,Close (500-1000m),True,True,True
122,2016,370.7589344671888,Central,22.281938,114.158077,0,False,Very Close (<500m),True,True,True
123,2016,134.7369361228696,Central,22.281938,114.158077,0,False,Very Close (<500m),True,True,True
161,2016,85.95491173369787,Sai Wan Ho,22.2816,114.2224,0,False,Very Close (<500m),True,True,True
122,2016,521.5749455079808,Sheung Wan,22.285899,114.153707,0,False,Close (500-1000m),True,True,True
123,2016,381.11319428036745,Central,22.281938,114.158077,0,False,Very Close (<500m),True,True,True
141,2016,535.8249081502336,Sai Ying Pun,22.2856,114.1427,0,False,Close (500-1000m),True,True,True
142,2016,732.2308171023242,Sheung Wan,22.285899,114.153707,0,False,Close (500-1000m),False,True,True
121,2016,192.89282440678878,Central,22.281938,114.158077,0,False,Very Close (<500m),True,True,True
111,2016,228.5636111452292,Kennedy Town,22.2812,114.1285,0,False,Very Close (<500m),True,True,True
123,2016,309.7421576052991,Central,22.281938,114.158077,0,False,Very Close (<500m),True,True,True
161,2016,50.189380373084894,Sai Wan Ho,22.2816,114.2224,0,False,Very Close (<500m),True,True,True
161,2016,150.2514830888949,Shau Kei Wan,22.2789,114.2289,0,False,Very Close (<500m),True,True,True
146,2016,382.71465295517237,Causeway Bay,22.279392,114.182926,0,False,Very Close (<500m),True,True,True
950,2016,1138.2381227136839,Tung Chung,22.2893,113.9416,0,False,Moderate (1-2km),False,True,True
166,2016,630.2764233174621,Sai Wan Ho,22.2816,114.2224,0,False,Close (500-1000m),True,True,True
161,2016,368.18397509954633,Shau Kei Wan,22.2789,114.2289,0,False,Very Close (<500m),True,True,True
122,2016,418.53182870511716,Central,22.281938,114.158077,0,False,Very Close (<500m),True,True,True
161,2016,428.63500463638127,Shau Kei Wan,22.2789,114.2289,0,False,Very Close (<500m),True,True,True
161,2016,472.86407004218495,Shau Kei Wan,22.2789,114.2289,0,False,Very Close (<500m),True,True,True
161,2016,165.2713863610824,Sai Wan Ho,22.2816,114.2224,0,False,Very Close (<500m),True,True,True
123,2016,92.81421074284403,Central,22.281938,114.158077,0,False,Very Close (<500m),True,True,True
123,2016,62.191800348776106,Central,22.281938,114.158077,0,False,Very Close (<500m),True,True,True
161,2016,45.28292385711912,Sai Wan Ho,22.2816,114.2224,0,False,Very Close (<500m),True,True,True
839,2016,1955.774650783351,LOHAS Park,22.2957,114.2689,0,False,Moderate (1-2km),False,False,True
146,2016,258.18954525796033,Causeway Bay,22.279392,114.182926,0,False,Very Close (<500m),True,True,True
161,2016,250.94173125540416,Shau Kei Wan,22.2789,114.2289,0,False,Very Close (<500m),True,True,True
161,2016,65.40781895377678,Sai Wan Ho,22.2816,114.2224,1,True,Very Close (<500m),True,True,True
111,2016,132.82723850668896,Kennedy Town,22.2812,114.1285,0,False,Very Close (<500m),True,True,True
156,2016,416.7963329231212,Tai Koo,22.2846,114.2161,0,False,Very Close (<500m),True,True,True
161,2016,609.4716060851905,Shau Kei Wan,22.2789,114.2289,0,False,Close (500-1000m),False,True,True
146,2016,452.1839448947153,Causeway Bay,22.279392,114.182926,0,False,Very Close (<500m),True,True,True
123,2016,58.871798360867956,Central,22.281938,114.158077,1,True,Very Close (<500m),True,True,True
111,2016,260.1924896368237,Kennedy Town,22.2812,114.1285,0,False,Very Close (<500m),True,True,True
161,2016,536.1034761888984,Shau Kei Wan,22.2789,114.2289,0,False,Close (500-1000m),True,True,True
166,2016,328.72779026482414,Sai Wan Ho,22.2816,114.2224,0,False,Very Close (<500m),True,True,True
121,2016,142.10538422715015,Central,22.281938,114.158077,0,False,Very Close (<500m),True,True,True
141,2016,411.172796175392,Sai Ying Pun,22.2856,114.1427,0,False,Very Close (<500m),True,True,True
122,2016,419.8995968407859,Sheung Wan,22.285899,114.153707,0,False,Very Close (<500m),True,True,True
161,2016,459.35560739842975,Shau Kei Wan,22.2789,114.2289,0,False,Very Close (<500m),True,True,True
156,2016,334.4664562965991,Tai Koo,22.2846,114.2161,0,False,Very Close (<500m),True,True,True
114,2016,476.3010292818458,Sheung Wan,22.285899,114.153707,0,False,Very Close (<500m),True,True,True
135,2016,125.51173128330524,Exhibition Centre,22.281613,114.17569,0,False,Very Close (<500m),True,True,True
111,2016,331.02397366277546,Kennedy Town,22.2812,114.1285,0,False,Very Close (<500m),True,True,True
122,2016,280.03151568380946,Sheung Wan,22.285899,114.153707,0,False,Very Close (<500m),True,True,True
111,2016,247.16837731982665,Kennedy Town,22.2812,114.1285,0,False,Very Close (<500m),True,True,True
161,2016,278.60107258803623,Sai Wan Ho,22.2816,114.2224,0,False,Very Close (<500m),True,True,True
124,2016,570.6123024164734,Exhibition Centre,22.281613,114.17569,0,False,Close (500-1000m),True,True,True
976,2016,3558.699212931615,Disneyland Resort,22.3155,114.0451,0,False,Far (>2km),False,False,False
121,2016,180.6164592091468,Central,22.281938,114.158077,0,False,Very Close (<500m),True,True,True
122,2016,362.2725819547509,Sheung Wan,22.285899,114.153707,0,False,Very Close (<500m),True,True,True
151,2016,85.51956119117933,Tin Hau,22.2827,114.1917,0,False,Very Close (<500m),True,True,True
151,2016,149.57858618273124,Tin Hau,22.2827,114.1917,0,False,Very Close (<500m),True,True,True
156,2016,401.0457321952418,Tai Koo,22.2846,114.2161,0,False,Very Close (<500m),True,True,True
114,2016,380.31273746579313,Sheung Wan,22.285899,114.153707,0,False,Very Close (<500m),True,True,True
142,2016,512.8130992902777,Sai Ying Pun,22.2856,114.1427,0,False,Close (500-1000m),True,True,True
111,2016,354.7303453625517,Kennedy Town,22.2812,114.1285,0,False,Very Close (<500m),True,True,True
142,2016,577.091470454854,Sai Ying Pun,22.2856,114.1427,0,False,Close (500-1000m),True,True,True
156,2016,246.3843200455258,Tai Koo,22.2846,114.2161,0,False,Very Close (<500m),True,True,True
121,2016,160.43864095084538,Railway stations in Hong Kong,22.284721,114.157986,0,False,Very Close (<500m),True,True,True
111,2016,277.74871617332,Kennedy Town,22.2812,114.1285,0,False,Very Close (<500m),True,True,True
121,2016,260.82676967701747,Railway stations in Hong Kong,22.284721,114.157986,0,False,Very Close (<500m),True,True,True
151,2016,101.61064818208682,Tin Hau,22.2827,114.1917,0,False,Very Close (<500m),True,True,True
950,2016,1025.2093859843933,Tung Chung,22.2893,113.9416,0,False,Moderate (1-2km),False,True,True
111,2016,299.2368589666625,Kennedy Town,22.2812,114.1285,0,False,Very Close (<500m),True,True,True
114,2016,398.0711364753925,Sheung Wan,22.285899,114.153707,0,False,Very Close (<500m),True,True,True
141,2016,311.1106746353337,Sai Ying Pun,22.2856,114.1427,0,False,Very Close (<500m),True,True,True
151,2016,138.4856185187492,Tin Hau,22.2827,114.1917,0,False,Very Close (<500m),True,True,True
113,2016,536.6849311697283,Sheung Wan,22.285899,114.153707,0,False,Close (500-1000m),True,True,True
161,2016,413.48298873569456,Shau Kei Wan,22.2789,114.2289,0,False,Very Close (<500m),True,True,True
145,2016,338.93102215099634,Tin Hau,22.2827,114.1917,0,False,Very Close (<500m),True,True,True
161,2016,60.31595554505283,Sai Wan Ho,22.2816,114.2224,0,False,Very Close (<500m),True,True,True
122,2016,309.07388095961704,Central,22.281938,114.158077,0,False,Very Close (<500m),True,True,True
121,2016,98.24806915641248,Central,22.281938,114.158077,0,False,Very Close (<500m),True,True,True
122,2016,479.1250944197573,Sheung Wan,22.285899,114.153707,0,False,Very Close (<500m),True,True,True
122,2016,385.4824513751186,Central,22.281938,114.158077,0,False,Very Close (<500m),True,True,True
161,2016,104.54986972470145,Sai Wan Ho,22.2816,114.2224,0,False,Very Close (<500m),True,True,True
146,2016,369.713823349855,Causeway Bay,22.279392,114.182926,0,False,Very Close (<500m),True,True,True
111,2016,149.8673294690397,Kennedy Town,22.2812,114.1285,1,True,Very Close (<500m),True,True,True
122,2016,419.80325152743956,Sheung Wan,22.285899,114.153707,0,False,Very Close (<500m),True,True,True
122,2016,393.53533962082776,Sheung Wan,22.285899,114.153707,0,False,Very Close (<500m),True,True,True
111,2016,123.14850966022546,Kennedy Town,22.2812,114.1285,0,False,Very Close (<500m),True,True,True
161,2016,186.788674301398,Sai Wan Ho,22.2816,114.2224,0,False,Very Close (<500m),True,True,True
122,2016,431.71865057145493,Sheung Wan,22.285899,114.153707,0,False,Very Close (<500m),True,True,True
950,2016,1200.3632223723948,Tung Chung,22.2893,113.9416,0,False,Moderate (1-2km),False,False,True
146,2016,399.7825954229437,Causeway Bay,22.279392,114.182926,0,False,Very Close (<500m),True,True,True
161,2016,437.3545344921424,Shau Kei Wan,22.2789,114.2289,0,False,Very Close (<500m),True,True,True
961,2016,4983.737376450807,Tung Chung,22.2893,113.9416,0,False,Far (>2km),False,False,False
950,2016,2543.4689171960845,Tung Chung,22.2893,113.9416,0,False,Far (>2km),False,False,True
121,2016,256.62541925149316,Central,22.281938,114.158077,0,False,Very Close (<500m),True,True,True
976,2016,3729.246262872349,Disneyland Resort,22.3155,114.0451,0,False,Far (>2km),False,False,False
124,2016,516.1377471872248,Admiralty,22.278399,114.16433,0,False,Close (500-1000m),True,True,True
152,2016,531.3479886935805,Tin Hau,22.2827,114.1917,0,False,Close (500-1000m),True,True,True
111,2016,209.39403793158172,Kennedy Town,22.2812,114.1285,0,False,Very Close (<500m),True,True,True
111,2016,330.4281451629916,Kennedy Town,22.2812,114.1285,0,False,Very Close (<500m),True,True,True
111,2016,228.80428397720388,Kennedy Town,22.2812,114.1285,0,False,Very Close (<500m),True,True,True
122,2016,349.9545023018148,Central,22.281938,114.158077,0,False,Very Close (<500m),True,True,True
976,2016,3687.0491822393096,Disneyland Resort,22.3155,114.0451,0,False,Far (>2km),False,False,False
114,2016,328.68096074033895,Sheung Wan,22.285899,114.153707,0,False,Very Close (<500m),True,True,True
121,2016,214.57236313056484,Central,22.281938,114.158077,0,False,Very Close (<500m),True,True,True
161,2016,222.35375505075456,Sai Wan Ho,22.2816,114.2224,0,False,Very Close (<500m),True,True,True
114,2016,434.54250242363,Sheung Wan,22.285899,114.153707,0,False,Very Close (<500m),True,True,True
142,2016,575.8032428836744,Sheung Wan,22.285899,114.153707,0,False,Close (500-1000m),True,True,True
111,2016,328.39044185024005,Kennedy Town,22.2812,114.1285,0,False,Very Close (<500m),True,True,True
111,2016,201.8648814360525,Kennedy Town,22.2812,114.1285,0,False,Very Close (<500m),True,True,True
161,2016,291.5490001202357,Sai Wan Ho,22.2816,114.2224,0,False,Very Close (<500m),True,True,True
114,2016,355.9735407557705,Sheung Wan,22.285899,114.153707,0,False,Very Close (<500m),True,True,True
123,2016,104.291392998178,Central,22.281938,114.158077,0,False,Very Close (<500m),True,True,True
161,2016,137.69874087336618,Sai Wan Ho,22.2816,114.2224,0,False,Very Close (<500m),True,True,True
141,2016,302.0772446701527,Sai Ying Pun,22.2856,114.1427,0,False,Very Close (<500m),True,True,True
122,2016,313.7348213339558,Sheung Wan,22.285899,114.153707,0,False,Very Close (<500m),True,True,True
961,2016,5994.337635957181,Disneyland Resort,22.3155,114.0451,0,False,Far (>2km),False,False,False
976,2016,3637.0116217096415,Disneyland Resort,22.3155,114.0451,0,False,Far (>2km),False,False,False
122,2016,331.4558140856314,Sheung Wan,22.285899,114.153707,0,False,Very Close (<500m),True,True,True
141,2016,333.78949743743703,Sai Ying Pun,22.2856,114.1427,0,False,Very Close (<500m),True,True,True
121,2016,250.31751318448184,Central,22.281938,114.158077,0,False,Very Close (<500m),True,True,True
161,2016,212.45366651300043,Sai Wan Ho,22.2816,114.2224,0,False,Very Close (<500m),True,True,True
151,2016,78.62817905619661,Tin Hau,22.2827,114.1917,0,False,Very Close (<500m),True,True,True
294,2016,638.9389981061792,Kwun Tong,22.311559,114.227765,0,False,Close (500-1000m),True,True,True
242,2016,485.6721993888662,To Kwa Wan,22.3172,114.1876,0,False,Very Close (<500m),True,True,True
837,2016,890.1666772716181,Hang Hau,22.3156,114.2644,0,False,Close (500-1000m),False,True,True
241,2016,256.2382724343304,To Kwa Wan,22.3172,114.1876,0,False,Very Close (<500m),True,True,True
227,2016,289.52872821855914,Mong Kok,22.321624,114.172537,0,False,Very Close (<500m),True,True,True
247,2016,663.2577988504737,To Kwa Wan,22.3172,114.1876,0,False,Close (500-1000m),False,True,True
247,2016,770.3452206814682,To Kwa Wan,22.3172,114.1876,0,False,Close (500-1000m),False,True,True
835,2016,719.1557777146407,Tiu Keng Leng,22.305056,114.251907,0,False,Close (500-1000m),True,True,True
254,2016,416.59352772617905,Olympic,22.3178,114.1602,0,False,Very Close (<500m),True,True,True
837,2016,754.720106824454,Hang Hau,22.3156,114.2644,0,False,Close (500-1000m),False,True,True
221,2016,138.61795117010348,Prince Edward,22.3245,114.1683,0,False,Very Close (<500m),True,True,True
135,2016,366.6076957678666,Exhibition Centre,22.281613,114.17569,0,False,Very Close (<500m),True,True,True
141,2016,402.29306833852564,Sai Ying Pun,22.2856,114.1427,0,False,Very Close (<500m),True,True,True
156,2016,591.1975012392796,Tai Koo,22.2846,114.2161,0,False,Close (500-1000m),True,True,True
111,2016,192.8001611435459,Kennedy Town,22.2812,114.1285,0,False,Very Close (<500m),True,True,True
161,2016,165.2814652912183,Sai Wan Ho,22.2816,114.2224,0,False,Very Close (<500m),True,True,True
111,2016,369.1934861142572,Kennedy Town,22.2812,114.1285,0,False,Very Close (<500m),True,True,True
976,2016,3749.288570975495,Disneyland Resort,22.3155,114.0451,0,False,Far (>2km),False,False,False
976,2016,3720.0118089356165,Disneyland Resort,22.3155,114.0451,0,False,Far (>2km),False,False,False
161,2016,238.03616388826856,Sai Wan Ho,22.2816,114.2224,0,False,Very Close (<500m),True,True,True
122,2016,352.95026792656125,Sheung Wan,22.285899,114.153707,0,False,Very Close (<500m),True,True,True
151,2016,12.83632745010361,Tin Hau,22.2827,114.1917,1,True,Very Close (<500m),True,True,True
111,2016,269.5786126771012,Kennedy Town,22.2812,114.1285,0,False,Very Close (<500m),True,True,True
115,2016,340.09919528307734,Sai Ying Pun,22.2856,114.1427,0,False,Very Close (<500m),True,True,True
151,2016,127.72155307755311,Fortress Hill,22.2881,114.1936,0,False,Very Close (<500m),True,True,True
112,2016,302.27332482291445,Sai Ying Pun,22.2856,114.1427,0,False,Very Close (<500m),True,True,True
112,2016,394.9480208868405,Sai Ying Pun,22.2856,114.1427,0,False,Very Close (<500m),True,True,True
112,2016,324.7682770915977,Sai Ying Pun,22.2856,114.1427,0,False,Very Close (<500m),True,True,True
152,2016,360.18543645476024,North Point,22.2909,114.2007,0,False,Very Close (<500m),True,True,True
112,2016,455.3330507072585,HKU,22.2841,114.1356,0,False,Very Close (<500m),True,True,True
151,2016,50.79083729934112,Fortress Hill,22.2881,114.1936,0,False,Very Close (<500m),True,True,True
121,2016,212.33898844292432,Hong Kong,22.285,114.158,0,False,Very Close (<500m),True,True,True
153,2016,383.36653052309845,Fortress Hill,22.2881,114.1936,0,False,Very Close (<500m),True,True,True
151,2016,170.87795711230225,Fortress Hill,22.2881,114.1936,0,False,Very Close (<500m),True,True,True
943,2016,4734.756339300904,Tung Chung,22.2893,113.9416,0,False,Far (>2km),False,False,False
153,2016,397.3038535055384,Fortress Hill,22.2881,114.1936,0,False,Very Close (<500m),True,True,True
151,2016,81.16596940116706,Fortress Hill,22.2881,114.1936,0,False,Very Close (<500m),True,True,True
961,2016,4144.495719991666,Tung Chung,22.2893,113.9416,0,False,Far (>2km),False,False,False
241,2016,394.74339549284576,To Kwa Wan,22.3172,114.1876,0,False,Very Close (<500m),True,True,True
294,2016,315.36176108307774,Ngau Tau Kok,22.3154,114.2193,0,False,Very Close (<500m),True,True,True
350,2016,3351.492518873406,Lai King,22.3484,114.1261,0,False,Far (>2km),False,False,False
255,2016,241.126950451362,Nam Cheong,22.32829,114.1538,0,False,Very Close (<500m),True,True,True
814,2016,10709.22484835499,Hang Hau,22.3156,114.2644,0,False,Far (>2km),False,False,False
267,2016,203.6912370370942,Sham Shui Po,22.330141,114.163247,0,False,Very Close (<500m),True,True,True
269,2016,941.9488165749862,Mei Foo,22.336907,114.140573,0,False,Close (500-1000m),False,True,True
271,2016,742.985196832375,Kowloon Tong,22.336809,114.177245,0,False,Close (500-1000m),False,True,True
297,2016,84.13594579291454,Lam Tin,22.305367,114.234261,0,False,Very Close (<500m),True,True,True
245,2016,403.58743472806157,Ho Man Tin,22.308953,114.181612,0,False,Very Close (<500m),True,True,True
245,2016,243.49542592350414,Whampoa,22.305852,114.188799,0,False,Very Close (<500m),True,True,True
291,2016,583.5415008302294,Kowloon Bay,22.3235,114.2141,0,False,Close (500-1000m),True,True,True
284,2016,445.1582858128414,Kai Tak,22.3304,114.1994,0,False,Very Close (<500m),True,True,True
264,2016,364.0794898108471,Cheung Sha Wan,22.3354,114.1563,0,False,Very Close (<500m),True,True,True
283,2016,550.4848304075816,Kai Tak,22.3304,114.1994,0,False,Close (500-1000m),True,True,True
271,2016,221.74022741180246,Kowloon Tong,22.336809,114.177245,0,False,Very Close (<500m),True,True,True
264,2016,119.24202576610843,Cheung Sha Wan,22.3354,114.1563,0,False,Very Close (<500m),True,True,True
814,2016,11129.859167626852,Hang Hau,22.3156,114.2644,0,False,Far (>2km),False,False,False
286,2016,232.69720926478055,Kai Tak,22.3304,114.1994,1,True,Very Close (<500m),True,True,True
351,2016,3567.1170868632007,Tsing Yi,22.360206,114.107587,0,False,Far (>2km),False,False,False
244,2016,623.2357199614736,Whampoa,22.305852,114.188799,0,False,Close (500-1000m),False,True,True
252,2016,496.94777021526613,Yau Ma Tei,22.3129,114.1707,0,False,Very Close (<500m),True,True,True
272,2016,719.4120131955249,Lok Fu,22.338,114.1871,0,False,Close (500-1000m),True,True,True
831,2016,2144.2795902957046,Po Lam,22.3224,114.258,0,False,Far (>2km),False,False,True
268,2016,516.461754434169,Shek Kip Mei,22.332,114.1687,0,False,Close (500-1000m),True,True,True
264,2016,240.4416806441012,Cheung Sha Wan,22.3354,114.1563,0,False,Very Close (<500m),True,True,True
265,2016,329.9683249983632,Cheung Sha Wan,22.3354,114.1563,0,False,Very Close (<500m),True,True,True
288,2016,938.3317692637693,Choi Hung,22.334161,114.210289,0,False,Close (500-1000m),False,True,True
264,2016,462.98825869597397,Sham Shui Po,22.330141,114.163247,0,False,Very Close (<500m),True,True,True
264,2016,468.7896430903352,Cheung Sha Wan,22.3354,114.1563,0,False,Very Close (<500m),True,True,True
251,2016,166.66681144894736,Austin,22.304236,114.166601,1,True,Very Close (<500m),True,True,True
225,2016,193.8719764042844,Jordan,22.3049,114.1718,0,False,Very Close (<500m),True,True,True
252,2016,190.69268340412304,Austin station,22.306294,114.164522,0,False,Very Close (<500m),True,True,True
245,2016,272.671745258251,Whampoa,22.305852,114.188799,0,False,Very Close (<500m),True,True,True
286,2016,893.5793480701726,Kwun Tong,22.311559,114.227765,0,False,Close (500-1000m),False,True,True
225,2016,271.76005015485896,Jordan,22.3049,114.1718,0,False,Very Close (<500m),True,True,True
243,2016,422.5973828759042,Ho Man Tin,22.308953,114.181612,0,False,Very Close (<500m),True,True,True
244,2016,440.65336542799747,To Kwa Wan,22.3172,114.1876,0,False,Very Close (<500m),True,True,True
241,2016,477.95667630873135,To Kwa Wan,22.3172,114.1876,0,False,Very Close (<500m),True,True,True
228,2016,302.8367730170798,Yau Ma Tei,22.3129,114.1707,0,False,Very Close (<500m),True,True,True
228,2016,214.95213311497753,Yau Ma Tei,22.3129,114.1707,0,False,Very Close (<500m),True,True,True
244,2016,469.1640428566067,To Kwa Wan,22.3172,114.1876,0,False,Very Close (<500m),True,True,True
228,2016,170.88231219706807,Yau Ma Tei,22.3129,114.1707,0,False,Very Close (<500m),True,True,True
294,2016,185.86859653127044,Kwun Tong,22.311559,114.227765,0,False,Very Close (<500m),True,True,True
228,2016,121.0224510149984,Yau Ma Tei,22.3129,114.1707,0,False,Very Close (<500m),True,True,True
290,2016,545.2936777204278,Lam Tin,22.305367,114.234261,0,False,Close (500-1000m),True,True,True
256,2016,323.00488996509563,Airport,22.304925,114.1616,0,False,Very Close (<500m),True,True,True
256,2016,302.58145099464144,Austin,22.304236,114.166601,0,False,Very Close (<500m),True,True,True
832,2016,4454.001576158167,LOHAS Park,22.2957,114.2689,0,False,Far (>2km),False,False,False
256,2016,381.36283268611317,Airport,22.304925,114.1616,0,False,Very Close (<500m),True,True,True
256,2016,214.9481677905346,Austin,22.304236,114.166601,0,False,Very Close (<500m),True,True,True
225,2016,283.4057977924968,Austin station,22.306294,114.164522,0,False,Very Close (<500m),True,True,True
243,2016,391.150436681917,Ho Man Tin,22.308953,114.181612,0,False,Very Close (<500m),True,True,True
225,2016,325.2557352101487,Jordan,22.3049,114.1718,0,False,Very Close (<500m),True,True,True
226,2016,306.9037631631341,Jordan,22.3049,114.1718,0,False,Very Close (<500m),True,True,True
226,2016,271.4574673637638,Jordan,22.3049,114.1718,0,False,Very Close (<500m),True,True,True
225,2016,308.33264052838024,Austin,22.304236,114.166601,0,False,Very Close (<500m),True,True,True
243,2016,368.2478027478294,Whampoa,22.305852,114.188799,0,False,Very Close (<500m),True,True,True
243,2016,215.19759934338245,Ho Man Tin,22.308953,114.181612,0,False,Very Close (<500m),True,True,True
243,2016,207.33029324402966,Whampoa,22.305852,114.188799,0,False,Very Close (<500m),True,True,True
225,2016,355.2458278495589,Jordan,22.3049,114.1718,0,False,Very Close (<500m),True,True,True
243,2016,186.97088483362182,Ho Man Tin,22.308953,114.181612,0,False,Very Close (<500m),True,True,True
243,2016,266.08140240457715,Ho Man Tin,22.308953,114.181612,0,False,Very Close (<500m),True,True,True
225,2016,222.1983272137175,Austin station,22.306294,114.164522,0,False,Very Close (<500m),True,True,True
268,2016,580.8567588476526,Shek Kip Mei,22.332,114.1687,0,False,Close (500-1000m),True,True,True
814,2016,11087.183604846372,Hang Hau,22.3156,114.2644,0,False,Far (>2km),False,False,False
254,2016,245.41157719153813,Olympic,22.3178,114.1602,0,False,Very Close (<500m),True,True,True
280,2016,785.6386847770065,Kowloon Bay,22.3235,114.2141,0,False,Close (500-1000m),False,True,True
831,2016,1867.4066726982337,Hang Hau,22.3156,114.2644,0,False,Moderate (1-2km),False,False,True
221,2016,548.4840997407144,Olympic,22.3178,114.1602,0,False,Close (500-1000m),False,True,True
242,2016,555.6620542115948,To Kwa Wan,22.3172,114.1876,0,False,Close (500-1000m),True,True,True
154,2016,161.2846138629222,Quarry Bay,22.2878,114.2096,0,False,Very Close (<500m),True,True,True
295,2016,402.22144054321063,Ngau Tau Kok,22.3154,114.2193,0,False,Very Close (<500m),True,True,True
961,2016,4740.028113167134,AsiaWorld–Expo,22.321988,113.942221,0,False,Far (>2km),False,False,True
228,2016,182.05536606778745,Yau Ma Tei,22.3129,114.1707,0,False,Very Close (<500m),True,True,True
244,2016,516.6819160168931,To Kwa Wan,22.3172,114.1876,0,False,Close (500-1000m),True,True,True
222,2016,207.8346939121048,Prince Edward,22.3245,114.1683,0,False,Very Close (<500m),True,True,True
268,2016,631.0688647250292,Shek Kip Mei,22.332,114.1687,0,False,Close (500-1000m),False,True,True
267,2016,165.44719346167957,Sham Shui Po,22.330141,114.163247,0,False,Very Close (<500m),True,True,True
266,2016,477.5657013608926,Sham Shui Po,22.330141,114.163247,0,False,Very Close (<500m),True,True,True
291,2016,496.2235102605493,Kowloon Bay,22.3235,114.2141,0,False,Very Close (<500m),True,True,True
280,2016,739.8430317215317,Kai Tak,22.3304,114.1994,0,False,Close (500-1000m),False,True,True
268,2016,382.35106498210496,Shek Kip Mei,22.332,114.1687,0,False,Very Close (<500m),True,True,True
350,2016,3851.831718932819,Tsing Yi,22.360206,114.107587,0,False,Far (>2km),False,False,False
263,2016,184.1371641237356,Shek Kip Mei,22.332,114.1687,0,False,Very Close (<500m),True,True,True
292,2016,1659.528680743433,Kowloon Bay,22.3235,114.2141,0,False,Moderate (1-2km),False,False,True
255,2016,617.1527969815322,Lai Chi Kok,22.3373,114.1482,0,False,Close (500-1000m),True,True,True
272,2016,387.06457099597054,Kowloon Tong,22.336809,114.177245,0,False,Very Close (<500m),True,True,True
294,2016,684.5356378073438,Ngau Tau Kok,22.3154,114.2193,0,False,Close (500-1000m),False,True,True
227,2016,420.5514294223726,Mong Kok,22.321624,114.172537,0,False,Very Close (<500m),True,True,True
837,2016,246.46260784501598,Hang Hau,22.3156,114.2644,0,False,Very Close (<500m),True,True,True
241,2016,33.98526803395559,To Kwa Wan,22.3172,114.1876,1,True,Very Close (<500m),True,True,True
242,2016,200.78433304413596,To Kwa Wan,22.3172,114.1876,0,False,Very Close (<500m),True,True,True
831,2016,2355.715309516842,Hang Hau,22.3156,114.2644,0,False,Far (>2km),False,False,True
294,2016,508.70094591477607,Kwun Tong,22.311559,114.227765,0,False,Close (500-1000m),True,True,True
222,2016,342.63347669015974,Mong Kok,22.321624,114.172537,0,False,Very Close (<500m),True,True,True
835,2016,1156.575560542949,Po Lam,22.3224,114.258,0,False,Moderate (1-2km),False,False,True
221,2016,524.2759678043435,Prince Edward,22.3245,114.1683,0,False,Close (500-1000m),True,True,True
221,2016,389.80704009890786,Prince Edward,22.3245,114.1683,0,False,Very Close (<500m),True,True,True
241,2016,507.18528251943496,To Kwa Wan,22.3172,114.1876,0,False,Close (500-1000m),True,True,True
242,2016,571.2349549513734,Sung Wong Toi,22.326139,114.190407,0,False,Close (500-1000m),False,True,True
232,2016,429.5938688981745,Mong Kok East,22.3222,114.1728,0,False,Very Close (<500m),True,True,True
234,2016,709.5192757022628,Mong Kok East,22.3222,114.1728,0,False,Close (500-1000m),False,True,True
221,2016,457.4788910371691,Prince Edward,22.3245,114.1683,0,False,Very Close (<500m),True,True,True
221,2016,534.1781341591307,Olympic,22.3178,114.1602,0,False,Close (500-1000m),True,True,True
221,2016,359.3613447047315,Prince Edward,22.3245,114.1683,0,False,Very Close (<500m),True,True,True
242,2016,552.5112561736491,Sung Wong Toi,22.326139,114.190407,0,False,Close (500-1000m),False,True,True
280,2016,469.42526732034037,Kowloon Bay,22.3235,114.2141,0,False,Very Close (<500m),True,True,True
286,2016,1242.390430601337,Ngau Tau Kok,22.3154,114.2193,0,False,Moderate (1-2km),False,True,True
836,2016,600.6508310049151,Po Lam,22.3224,114.258,0,False,Close (500-1000m),True,True,True
246,2016,284.68608460699227,Sung Wong Toi,22.326139,114.190407,0,False,Very Close (<500m),True,True,True
221,2016,365.1539134062166,Prince Edward,22.3245,114.1683,0,False,Very Close (<500m),True,True,True
244,2016,510.7746353265847,To Kwa Wan,22.3172,114.1876,0,False,Close (500-1000m),True,True,True
235,2016,655.3335518383788,Mong Kok,22.321624,114.172537,0,False,Close (500-1000m),True,True,True
836,2016,965.4240075458839,Po Lam,22.3224,114.258,0,False,Close (500-1000m),False,True,True
268,2016,489.9796892171394,Prince Edward,22.3245,114.1683,0,False,Very Close (<500m),True,True,True
266,2016,303.67398098486984,Sham Shui Po,22.330141,114.163247,0,False,Very Close (<500m),True,True,True
267,2016,338.729986100149,Sham Shui Po,22.330141,114.163247,0,False,Very Close (<500m),True,True,True
265,2016,398.32458570836457,Nam Cheong,22.32829,114.1538,0,False,Very Close (<500m),True,True,True
268,2016,310.5368372438655,Shek Kip Mei,22.332,114.1687,0,False,Very Close (<500m),True,True,True
284,2016,409.612983400613,Kai Tak,22.3304,114.1994,0,False,Very Close (<500m),True,True,True
291,2016,66.4374428817984,Choi Hung,22.334161,114.210289,1,True,Very Close (<500m),True,True,True
266,2016,156.5820544967313,Sham Shui Po,22.330141,114.163247,0,False,Very Close (<500m),True,True,True
285,2016,409.5028324448958,Sung Wong Toi,22.326139,114.190407,0,False,Very Close (<500m),True,True,True
283,2016,473.89640832867434,Lok Fu,22.338,114.1871,0,False,Very Close (<500m),True,True,True
221,2016,346.57226796002794,Prince Edward,22.3245,114.1683,0,False,Very Close (<500m),True,True,True
242,2016,533.8094366635688,Sung Wong Toi,22.326139,114.190407,0,False,Close (500-1000m),True,True,True
280,2016,879.0550559525967,Kowloon Bay,22.3235,114.2141,0,False,Close (500-1000m),False,True,True
247,2016,741.3329387824471,Sung Wong Toi,22.326139,114.190407,0,False,Close (500-1000m),False,True,True
835,2016,1268.9394017647637,Po Lam,22.3224,114.258,0,False,Moderate (1-2km),False,False,True
221,2016,525.9657718697208,Olympic,22.3178,114.1602,0,False,Close (500-1000m),True,True,True
242,2016,515.8606458953548,Sung Wong Toi,22.326139,114.190407,0,False,Close (500-1000m),True,True,True
837,2016,650.3669982342337,Hang Hau,22.3156,114.2644,0,False,Close (500-1000m),False,True,True
222,2016,281.64847669644416,Mong Kok,22.321624,114.172537,0,False,Very Close (<500m),True,True,True
242,2016,499.07288834716167,Sung Wong Toi,22.326139,114.190407,0,False,Very Close (<500m),True,True,True
286,2016,946.8229297437811,Kowloon Bay,22.3235,114.2141,0,False,Close (500-1000m),False,True,True
234,2016,779.098513363316,To Kwa Wan,22.3172,114.1876,0,False,Close (500-1000m),False,True,True
241,2016,509.41658789105736,To Kwa Wan,22.3172,114.1876,0,False,Close (500-1000m),True,True,True
286,2016,689.54684142702,Kai Tak,22.3304,114.1994,0,False,Close (500-1000m),False,True,True
233,2016,570.87602967747,Sung Wong Toi,22.326139,114.190407,0,False,Close (500-1000m),False,True,True
267,2016,404.29755505883844,Sham Shui Po,22.330141,114.163247,0,False,Very Close (<500m),True,True,True
231,2016,647.2251075326776,Mong Kok East,22.3222,114.1728,0,False,Close (500-1000m),False,True,True
836,2016,642.77211345762,Hang Hau,22.3156,114.2644,0,False,Close (500-1000m),True,True,True
229,2016,654.7249717968849,Olympic,22.3178,114.1602,0,False,Close (500-1000m),False,True,True
235,2016,433.431548670476,Mong Kok,22.321624,114.172537,0,False,Very Close (<500m),True,True,True
229,2016,657.1321722423742,Mong Kok,22.321624,114.172537,0,False,Close (500-1000m),False,True,True
754,2016,282.57768311121737,Tai Wai,22.3731,114.1786,0,False,Very Close (<500m),True,True,True
324,2016,730.885315346082,Tsuen Wan West,22.36755,114.11098,0,False,Close (500-1000m),True,True,True
324,2016,791.250533583274,Tsuen Wan West,22.36755,114.11098,0,False,Close (500-1000m),False,True,True
829,2016,5446.860901836973,Tai Shui Hang,22.4088,114.223,0,False,Far (>2km),False,False,False
426,2016,2668.831511435051,Tuen Mun,22.394156,113.973948,0,False,Far (>2km),False,False,False
813,2016,5954.435405415413,Po Lam,22.3224,114.258,0,False,Far (>2km),False,False,False
294,2016,494.5396111674386,Kwun Tong,22.311559,114.227765,0,False,Very Close (<500m),True,True,True
813,2016,7237.16340316378,Po Lam,22.3224,114.258,0,False,Far (>2km),False,False,False
814,2016,10690.309241745748,Hang Hau,22.3156,114.2644,0,False,Far (>2km),False,False,False
285,2016,427.5317985177447,Sung Wong Toi,22.326139,114.190407,0,False,Very Close (<500m),True,True,True
285,2016,451.5429218234532,Sung Wong Toi,22.326139,114.190407,0,False,Very Close (<500m),True,True,True
285,2016,482.68152060288674,Sung Wong Toi,22.326139,114.190407,0,False,Very Close (<500m),True,True,True
285,2016,518.227865089887,Sung Wong Toi,22.326139,114.190407,0,False,Close (500-1000m),True,True,True
271,2016,873.3108138585305,Sung Wong Toi,22.326139,114.190407,0,False,Close (500-1000m),False,True,True
268,2016,576.4666769745686,Shek Kip Mei,22.332,114.1687,0,False,Close (500-1000m),True,True,True
266,2016,24.401689295106653,Sham Shui Po,22.330141,114.163247,1,True,Very Close (<500m),True,True,True
814,2016,10770.504877719686,Hang Hau,22.3156,114.2644,0,False,Far (>2km),False,False,False
266,2016,285.546077127837,Sham Shui Po,22.330141,114.163247,0,False,Very Close (<500m),True,True,True
268,2016,434.34376006651763,Kowloon Tong,22.336809,114.177245,0,False,Very Close (<500m),True,True,True
284,2016,547.6275537407024,Kai Tak,22.3304,114.1994,0,False,Close (500-1000m),False,True,True
212,2016,400.97567115120677,Jordan,22.3049,114.1718,0,False,Very Close (<500m),True,True,True
297,2016,535.7227864580299,Lam Tin,22.305367,114.234261,0,False,Close (500-1000m),True,True,True
297,2016,647.658548189002,Lam Tin,22.305367,114.234261,0,False,Close (500-1000m),False,True,True
243,2016,620.1403551297478,To Kwa Wan,22.3172,114.1876,0,False,Close (500-1000m),False,True,True
244,2016,568.331685022973,To Kwa Wan,22.3172,114.1876,0,False,Close (500-1000m),False,True,True
294,2016,230.55679555431132,Ngau Tau Kok,22.3154,114.2193,0,False,Very Close (<500m),True,True,True
814,2016,10744.871737287684,LOHAS Park,22.2957,114.2689,0,False,Far (>2km),False,False,False
236,2016,355.3106405733158,Ho Man Tin,22.308953,114.181612,0,False,Very Close (<500m),True,True,True
228,2016,310.1592388310297,Yau Ma Tei,22.3129,114.1707,0,False,Very Close (<500m),True,True,True
234,2016,708.6681218114376,Mong Kok,22.321624,114.172537,0,False,Close (500-1000m),False,True,True
227,2016,442.33787099153477,Mong Kok,22.321624,114.172537,0,False,Very Close (<500m),True,True,True
253,2016,260.0455647998972,Olympic,22.3178,114.1602,0,False,Very Close (<500m),True,True,True
227,2016,408.0848964468502,Mong Kok,22.321624,114.172537,0,False,Very Close (<500m),True,True,True
294,2016,208.6428463757086,Ngau Tau Kok,22.3154,114.2193,0,False,Very Close (<500m),True,True,True
253,2016,124.41490450549412,Olympic,22.3178,114.1602,1,True,Very Close (<500m),True,True,True
241,2016,135.12190746579577,To Kwa Wan,22.3172,114.1876,0,False,Very Close (<500m),True,True,True
242,2016,483.73738017795404,To Kwa Wan,22.3172,114.1876,0,False,Very Close (<500m),True,True,True
838,2016,530.1422722443874,Tseung Kwan O,22.308658,114.260241,0,False,Close (500-1000m),True,True,True
226,2016,165.10275371211083,Jordan,22.3049,114.1718,0,False,Very Close (<500m),True,True,True
245,2016,100.31163713585948,Whampoa,22.305852,114.188799,0,False,Very Close (<500m),True,True,True
225,2016,231.4112653832376,Jordan,22.3049,114.1718,0,False,Very Close (<500m),True,True,True
243,2016,312.2986216636267,Ho Man Tin,22.308953,114.181612,0,False,Very Close (<500m),True,True,True
252,2016,359.83084237862795,Austin station,22.306294,114.164522,0,False,Very Close (<500m),True,True,True
295,2016,115.09629013195801,Kwun Tong,22.311559,114.227765,0,False,Very Close (<500m),True,True,True
243,2016,584.749179950701,Ho Man Tin,22.308953,114.181612,0,False,Close (500-1000m),False,True,True
225,2016,284.9742313409069,Yau Ma Tei,22.3129,114.1707,0,False,Very Close (<500m),True,True,True
225,2016,178.63217811403072,Yau Ma Tei,22.3129,114.1707,0,False,Very Close (<500m),True,True,True
226,2016,445.75039821379255,Ho Man Tin,22.308953,114.181612,0,False,Very Close (<500m),True,True,True
832,2016,4407.891887889996,LOHAS Park,22.2957,114.2689,0,False,Far (>2km),False,False,False
243,2016,325.6594288025881,Ho Man Tin,22.308953,114.181612,0,False,Very Close (<500m),True,True,True
225,2016,290.13100817178446,Jordan,22.3049,114.1718,0,False,Very Close (<500m),True,True,True
255,2016,593.9581502783316,Nam Cheong,22.32829,114.1538,0,False,Close (500-1000m),True,True,True
836,2016,818.0144441946981,Po Lam,22.3224,114.258,0,False,Close (500-1000m),False,True,True
221,2016,384.6229293153648,Prince Edward,22.3245,114.1683,0,False,Very Close (<500m),True,True,True
233,2016,914.7629202184148,Sung Wong Toi,22.326139,114.190407,0,False,Close (500-1000m),False,True,True
221,2016,517.9604004861203,Sham Shui Po,22.330141,114.163247,0,False,Close (500-1000m),True,True,True
266,2016,249.5943742775548,Sham Shui Po,22.330141,114.163247,0,False,Very Close (<500m),True,True,True
271,2016,860.025511262238,Kowloon Tong,22.336809,114.177245,0,False,Close (500-1000m),False,True,True
836,2016,1065.688092627719,Po Lam,22.3224,114.258,0,False,Moderate (1-2km),False,False,True
292,2016,1342.092488223995,Kowloon Bay,22.3235,114.2141,0,False,Moderate (1-2km),False,False,True
271,2016,739.0891916015854,Mong Kok East,22.3222,114.1728,0,False,Close (500-1000m),False,True,True
271,2016,940.4977513941412,Kowloon Tong,22.336809,114.177245,0,False,Close (500-1000m),False,True,True
271,2016,829.8784569788413,Kowloon Tong,22.336809,114.177245,0,False,Close (500-1000m),False,True,True
266,2016,43.587049104627425,Sham Shui Po,22.330141,114.163247,0,False,Very Close (<500m),True,True,True
271,2016,772.2004080865529,Kowloon Tong,22.336809,114.177245,0,False,Close (500-1000m),False,True,True
265,2016,500.2771138464668,Sham Shui Po,22.330141,114.163247,0,False,Close (500-1000m),True,True,True
271,2016,828.9975965871407,Kowloon Tong,22.336809,114.177245,0,False,Close (500-1000m),False,True,True
831,2016,2023.9653490228548,Kowloon Bay,22.3235,114.2141,0,False,Far (>2km),False,False,True
831,2016,1878.0366137961869,Po Lam,22.3224,114.258,0,False,Moderate (1-2km),False,False,True
833,2016,252.0640415243403,Tiu Keng Leng,22.305056,114.251907,0,False,Very Close (<500m),True,True,True
251,2016,47.894194567601865,Airport,22.304925,114.1616,3,True,Very Close (<500m),True,True,True
814,2016,10315.766111740235,LOHAS Park,22.2957,114.2689,0,False,Far (>2km),False,False,False
244,2016,656.0271226192315,Whampoa,22.305852,114.188799,0,False,Close (500-1000m),True,True,True
241,2016,372.49678489869007,To Kwa Wan,22.3172,114.1876,0,False,Very Close (<500m),True,True,True
244,2016,334.27858374554006,To Kwa Wan,22.3172,114.1876,0,False,Very Close (<500m),True,True,True
228,2016,151.78256182212658,Yau Ma Tei,22.3129,114.1707,0,False,Very Close (<500m),True,True,True
226,2016,223.30270898526152,Yau Ma Tei,22.3129,114.1707,0,False,Very Close (<500m),True,True,True
280,2016,385.8188797439392,Kowloon Bay,22.3235,114.2141,0,False,Very Close (<500m),True,True,True
814,2016,10163.160495454656,LOHAS Park,22.2957,114.2689,0,False,Far (>2km),False,False,False
221,2016,433.47586663810694,Olympic,22.3178,114.1602,0,False,Very Close (<500m),True,True,True
232,2016,282.9786548512742,Mong Kok,22.321624,114.172537,0,False,Very Close (<500m),True,True,True
294,2016,654.66081423446,Ngau Tau Kok,22.3154,114.2193,0,False,Close (500-1000m),True,True,True
242,2016,680.3601463371654,Sung Wong Toi,22.326139,114.190407,0,False,Close (500-1000m),False,True,True
832,2016,4511.07163239817,LOHAS Park,22.2957,114.2689,0,False,Far (>2km),False,False,False
215,2016,452.6142425056203,Hung Hom,22.3029,114.1816,0,False,Very Close (<500m),True,True,True
229,2016,604.3385596644497,Yau Ma Tei,22.3129,114.1707,0,False,Close (500-1000m),False,True,True
835,2016,641.7479353803179,Po Lam,22.3224,114.258,0,False,Close (500-1000m),False,True,True
244,2016,473.0264236889092,To Kwa Wan,22.3172,114.1876,0,False,Very Close (<500m),True,True,True
244,2016,462.3439852149871,To Kwa Wan,22.3172,114.1876,0,False,Very Close (<500m),True,True,True
231,2016,688.0156546503132,Sung Wong Toi,22.326139,114.190407,0,False,Close (500-1000m),False,True,True
231,2016,542.4855528706389,Sung Wong Toi,22.326139,114.190407,0,False,Close (500-1000m),True,True,True
255,2016,285.47226183160524,Nam Cheong,22.32829,114.1538,0,False,Very Close (<500m),True,True,True
255,2016,403.5785144003928,Nam Cheong,22.32829,114.1538,0,False,Very Close (<500m),True,True,True
285,2016,638.3534448461292,Sung Wong Toi,22.326139,114.190407,0,False,Close (500-1000m),False,True,True
831,2016,1597.0366789449122,Po Lam,22.3224,114.258,0,False,Moderate (1-2km),False,False,True
266,2016,492.72121012490095,Sham Shui Po,22.330141,114.163247,0,False,Very Close (<500m),True,True,True
271,2016,563.4357638112642,Sung Wong Toi,22.326139,114.190407,0,False,Close (500-1000m),True,True,True
267,2016,282.1612946077736,Sham Shui Po,22.330141,114.163247,0,False,Very Close (<500m),True,True,True
836,2016,841.1569078219286,Po Lam,22.3224,114.258,0,False,Close (500-1000m),False,True,True
350,2016,3004.3140839335038,Lai King,22.3484,114.1261,0,False,Far (>2km),False,False,False
285,2016,417.4595149881445,Sung Wong Toi,22.326139,114.190407,0,False,Very Close (<500m),True,True,True
285,2016,404.48667074445467,Sung Wong Toi,22.326139,114.190407,0,False,Very Close (<500m),True,True,True
272,2016,469.70513779509866,Lok Fu,22.338,114.1871,0,False,Very Close (<500m),True,True,True
229,2016,681.9259703544305,Olympic,22.3178,114.1602,0,False,Close (500-1000m),False,True,True
837,2016,388.74797020855254,Hang Hau,22.3156,114.2644,0,False,Very Close (<500m),True,True,True
229,2016,531.9376308945789,Mong Kok,22.321624,114.172537,0,False,Close (500-1000m),True,True,True
227,2016,483.646858216054,Mong Kok,22.321624,114.172537,0,False,Very Close (<500m),True,True,True
242,2016,160.1501113433522,To Kwa Wan,22.3172,114.1876,0,False,Very Close (<500m),True,True,True
242,2016,267.0208399590843,To Kwa Wan,22.3172,114.1876,0,False,Very Close (<500m),True,True,True
245,2016,335.06031924144025,Whampoa,22.305852,114.188799,0,False,Very Close (<500m),True,True,True
288,2016,556.4742520570919,Choi Hung,22.334161,114.210289,0,False,Close (500-1000m),True,True,True
263,2016,170.87834562950837,Shek Kip Mei,22.332,114.1687,0,False,Very Close (<500m),True,True,True
284,2016,527.2372273908635,Kai Tak,22.3304,114.1994,0,False,Close (500-1000m),True,True,True
241,2016,379.3283875959783,To Kwa Wan,22.3172,114.1876,0,False,Very Close (<500m),True,True,True
221,2016,408.3991802231902,Mong Kok,22.321624,114.172537,0,False,Very Close (<500m),True,True,True
254,2016,485.08502435540856,Olympic,22.3178,114.1602,0,False,Very Close (<500m),True,True,True
221,2016,570.2920578039314,Prince Edward,22.3245,114.1683,0,False,Close (500-1000m),False,True,True
221,2016,325.678340886138,Olympic,22.3178,114.1602,0,False,Very Close (<500m),True,True,True
222,2016,342.6817128224979,Mong Kok,22.321624,114.172537,0,False,Very Close (<500m),True,True,True
295,2016,274.27299437689265,Kwun Tong,22.311559,114.227765,0,False,Very Close (<500m),True,True,True
253,2016,578.5870449107182,Yau Ma Tei,22.3129,114.1707,0,False,Close (500-1000m),False,True,True
244,2016,492.0394214371615,To Kwa Wan,22.3172,114.1876,0,False,Very Close (<500m),True,True,True
236,2016,325.6476313102433,Ho Man Tin,22.308953,114.181612,0,False,Very Close (<500m),True,True,True
293,2016,873.1706084337956,Kwun Tong,22.311559,114.227765,0,False,Close (500-1000m),False,True,True
227,2016,379.65142199110574,Mong Kok,22.321624,114.172537,0,False,Very Close (<500m),True,True,True
253,2016,530.1088886555756,Olympic,22.3178,114.1602,0,False,Close (500-1000m),True,True,True
242,2016,362.22787382475633,To Kwa Wan,22.3172,114.1876,0,False,Very Close (<500m),True,True,True
293,2016,1245.2926136717288,Kwun Tong,22.311559,114.227765,0,False,Moderate (1-2km),False,False,True
227,2016,351.4510630590065,Mong Kok,22.321624,114.172537,0,False,Very Close (<500m),True,True,True
229,2016,620.8963983924474,Mong Kok,22.321624,114.172537,0,False,Close (500-1000m),False,True,True
247,2016,535.0846925813684,To Kwa Wan,22.3172,114.1876,0,False,Close (500-1000m),True,True,True
241,2016,147.52279122400518,To Kwa Wan,22.3172,114.1876,0,False,Very Close (<500m),True,True,True
229,2016,562.9390321012019,Mong Kok,22.321624,114.172537,0,False,Close (500-1000m),False,True,True
835,2016,659.9336514833117,Po Lam,22.3224,114.258,0,False,Close (500-1000m),False,True,True
837,2016,332.31207375899936,Hang Hau,22.3156,114.2644,0,False,Very Close (<500m),True,True,True
221,2016,188.1113872995078,Olympic,22.3178,114.1602,0,False,Very Close (<500m),True,True,True
221,2016,150.16771927163146,Olympic,22.3178,114.1602,0,False,Very Close (<500m),True,True,True
242,2016,255.6627359501482,To Kwa Wan,22.3172,114.1876,0,False,Very Close (<500m),True,True,True
229,2016,569.975700802493,Mong Kok,22.321624,114.172537,0,False,Close (500-1000m),True,True,True
215,2016,264.894593493908,Hung Hom,22.3029,114.1816,0,False,Very Close (<500m),True,True,True
153,2016,291.89986642661125,North Point,22.2909,114.2007,0,False,Very Close (<500m),True,True,True
153,2016,263.42834988122553,North Point,22.2909,114.2007,0,False,Very Close (<500m),True,True,True
973,2016,3292.3714032566813,Disneyland Resort,22.3155,114.0451,0,False,Far (>2km),False,False,False
153,2016,324.380532615247,Fortress Hill,22.2881,114.1936,0,False,Very Close (<500m),True,True,True
113,2016,536.7669419110805,Sheung Wan,22.285899,114.153707,0,False,Close (500-1000m),True,True,True
251,2016,41.66101147209414,Austin,22.304236,114.166601,1,True,Very Close (<500m),True,True,True
225,2016,303.24764902843714,Austin,22.304236,114.166601,0,False,Very Close (<500m),True,True,True
297,2016,399.05202556706377,Lam Tin,22.305367,114.234261,0,False,Very Close (<500m),True,True,True
245,2016,413.8093889201274,Whampoa,22.305852,114.188799,0,False,Very Close (<500m),True,True,True
225,2016,265.8048032309839,Austin,22.304236,114.166601,0,False,Very Close (<500m),True,True,True
225,2016,158.5300457191146,Jordan,22.3049,114.1718,0,False,Very Close (<500m),True,True,True
245,2016,416.07243492339745,Whampoa,22.305852,114.188799,0,False,Very Close (<500m),True,True,True
245,2016,132.04954820957113,Whampoa,22.305852,114.188799,0,False,Very Close (<500m),True,True,True
217,2016,490.6576349908017,Hung Hom,22.3029,114.1816,0,False,Very Close (<500m),True,True,True
256,2016,442.1828801806228,Airport,22.304925,114.1616,0,False,Very Close (<500m),True,True,True
212,2016,431.6262431338501,Tsim Sha Tsui,22.2973,114.1722,0,False,Very Close (<500m),True,True,True
256,2016,452.50161290653733,Airport,22.304925,114.1616,0,False,Very Close (<500m),True,True,True
832,2016,5308.7934258512205,LOHAS Park,22.2957,114.2689,0,False,Far (>2km),False,False,False
833,2016,1064.688892682367,Tiu Keng Leng,22.305056,114.251907,0,False,Moderate (1-2km),True,True,True
272,2016,575.918282183029,Lok Fu,22.338,114.1871,0,False,Close (500-1000m),False,True,True
284,2016,504.5935746171065,Kai Tak,22.3304,114.1994,0,False,Close (500-1000m),True,True,True
288,2016,674.7514185204368,Choi Hung,22.334161,114.210289,0,False,Close (500-1000m),False,True,True
264,2016,498.16356640243043,Cheung Sha Wan,22.3354,114.1563,0,False,Very Close (<500m),True,True,True
350,2016,2468.921072541949,Lai King,22.3484,114.1261,0,False,Far (>2km),False,False,False
263,2016,437.518865640711,Sham Shui Po,22.330141,114.163247,0,False,Very Close (<500m),True,True,True
263,2016,479.3840899943417,Sham Shui Po,22.330141,114.163247,0,False,Very Close (<500m),True,True,True
284,2016,636.7005638914202,Kai Tak,22.3304,114.1994,0,False,Close (500-1000m),False,True,True
295,2016,442.10152211744355,Kwun Tong,22.311559,114.227765,0,False,Very Close (<500m),True,True,True
294,2016,363.93045237361684,Ngau Tau Kok,22.3154,114.2193,0,False,Very Close (<500m),True,True,True
294,2016,491.61185906998355,Kwun Tong,22.311559,114.227765,0,False,Very Close (<500m),True,True,True
253,2016,581.9757962855215,Yau Ma Tei,22.3129,114.1707,0,False,Close (500-1000m),True,True,True
814,2016,8286.260986017816,LOHAS Park,22.2957,114.2689,0,False,Far (>2km),False,False,False
228,2016,352.06374339764125,Yau Ma Tei,22.3129,114.1707,0,False,Very Close (<500m),True,True,True
241,2016,280.885894130358,To Kwa Wan,22.3172,114.1876,0,False,Very Close (<500m),True,True,True
293,2016,1596.5568449778957,Kwun Tong,22.311559,114.227765,0,False,Moderate (1-2km),False,False,True
268,2016,725.8297195633492,Shek Kip Mei,22.332,114.1687,0,False,Close (500-1000m),False,True,True
265,2016,446.805633485524,Nam Cheong,22.32829,114.1538,0,False,Very Close (<500m),True,True,True
266,2016,105.51441205691981,Sham Shui Po,22.330141,114.163247,0,False,Very Close (<500m),True,True,True
267,2016,245.4752613767694,Sham Shui Po,22.330141,114.163247,0,False,Very Close (<500m),True,True,True
266,2016,366.08740509036164,Sham Shui Po,22.330141,114.163247,0,False,Very Close (<500m),True,True,True
267,2016,129.9977135851266,Sham Shui Po,22.330141,114.163247,0,False,Very Close (<500m),True,True,True
215,2016,300.59200507431126,Hung Hom,22.3029,114.1816,0,False,Very Close (<500m),True,True,True
298,2016,377.678655700881,Yau Tong,22.2979,114.2371,0,False,Very Close (<500m),True,True,True
837,2016,562.987429168588,Po Lam,22.3224,114.258,0,False,Close (500-1000m),True,True,True
225,2016,308.6941215807797,Jordan,22.3049,114.1718,0,False,Very Close (<500m),True,True,True
243,2016,326.39753749960136,Ho Man Tin,22.308953,114.181612,0,False,Very Close (<500m),True,True,True
225,2016,164.41724326699233,Austin station,22.306294,114.164522,0,False,Very Close (<500m),True,True,True
245,2016,394.60724436511674,Ho Man Tin,22.308953,114.181612,0,False,Very Close (<500m),True,True,True
832,2016,2443.382636065881,LOHAS Park,22.2957,114.2689,0,False,Far (>2km),False,False,False
226,2016,263.05874172845336,Jordan,22.3049,114.1718,0,False,Very Close (<500m),True,True,True
215,2016,79.49710047533524,Hung Hom,22.3029,114.1816,1,True,Very Close (<500m),True,True,True
225,2016,347.2613062048332,Jordan,22.3049,114.1718,0,False,Very Close (<500m),True,True,True
153,2016,316.3264296140979,Fortress Hill,22.2881,114.1936,0,False,Very Close (<500m),True,True,True
153,2016,398.0583392250158,North Point,22.2909,114.2007,0,False,Very Close (<500m),True,True,True
976,2016,3196.8827157496603,Disneyland Resort,22.3155,114.0451,0,False,Far (>2km),False,False,False
151,2016,231.2779817755714,Fortress Hill,22.2881,114.1936,0,False,Very Close (<500m),True,True,True
153,2016,347.4520622823013,North Point,22.2909,114.2007,0,False,Very Close (<500m),True,True,True
151,2016,85.48785859437437,Fortress Hill,22.2881,114.1936,1,True,Very Close (<500m),True,True,True
295,2016,508.31282592843985,Ngau Tau Kok,22.3154,114.2193,0,False,Close (500-1000m),True,True,True
294,2016,266.4381117193252,Kwun Tong,22.311559,114.227765,0,False,Very Close (<500m),True,True,True
244,2016,493.9515587525549,To Kwa Wan,22.3172,114.1876,0,False,Very Close (<500m),True,True,True
244,2016,482.69218255108746,To Kwa Wan,22.3172,114.1876,0,False,Very Close (<500m),True,True,True
225,2016,59.80232665024218,Yau Ma Tei,22.3129,114.1707,0,False,Very Close (<500m),True,True,True
243,2016,476.32064802977084,Ho Man Tin,22.308953,114.181612,0,False,Very Close (<500m),True,True,True
297,2016,656.0845669941248,Lam Tin,22.305367,114.234261,0,False,Close (500-1000m),False,True,True
839,2016,1152.2786585564795,LOHAS Park,22.2957,114.2689,0,False,Moderate (1-2km),False,True,True
294,2016,86.18723237057606,Kwun Tong,22.311559,114.227765,1,True,Very Close (<500m),True,True,True
226,2016,83.35024447581004,Yau Ma Tei,22.3129,114.1707,1,True,Very Close (<500m),True,True,True
244,2016,491.1561417887272,To Kwa Wan,22.3172,114.1876,0,False,Very Close (<500m),True,True,True
225,2016,388.89774699162655,Jordan,22.3049,114.1718,0,False,Very Close (<500m),True,True,True
267,2016,314.71478218794795,Shek Kip Mei,22.332,114.1687,0,False,Very Close (<500m),True,True,True
271,2016,784.4765607954043,Sung Wong Toi,22.326139,114.190407,0,False,Close (500-1000m),False,True,True
266,2016,200.53776776320473,Sham Shui Po,22.330141,114.163247,0,False,Very Close (<500m),True,True,True
254,2016,529.7339986684782,Olympic,22.3178,114.1602,0,False,Close (500-1000m),True,True,True
835,2016,913.5977569852245,Po Lam,22.3224,114.258,0,False,Close (500-1000m),False,True,True
222,2016,167.07835226522727,Mong Kok,22.321624,114.172537,0,False,Very Close (<500m),True,True,True
234,2016,674.9724551133149,Mong Kok East,22.3222,114.1728,0,False,Close (500-1000m),False,True,True
242,2016,464.60669861004936,Sung Wong Toi,22.326139,114.190407,0,False,Very Close (<500m),True,True,True
221,2016,462.1727168933065,Olympic,22.3178,114.1602,0,False,Very Close (<500m),True,True,True
241,2016,512.8481672623188,Sung Wong Toi,22.326139,114.190407,0,False,Close (500-1000m),True,True,True
836,2016,322.21215435562647,Po Lam,22.3224,114.258,0,False,Very Close (<500m),True,True,True
221,2016,473.21116024871725,Olympic,22.3178,114.1602,0,False,Very Close (<500m),True,True,True
232,2016,323.71680080465484,Mong Kok East,22.3222,114.1728,0,False,Very Close (<500m),True,True,True
254,2016,469.80954687776585,Nam Cheong,22.32829,114.1538,0,False,Very Close (<500m),True,True,True
832,2016,5111.938238120108,LOHAS Park,22.2957,114.2689,0,False,Far (>2km),False,False,False
212,2016,312.5943207958019,Tsim Sha Tsui,22.2973,114.1722,0,False,Very Close (<500m),True,True,True
298,2016,342.23211398408876,Yau Tong,22.2979,114.2371,0,False,Very Close (<500m),True,True,True
832,2016,5192.465455507422,LOHAS Park,22.2957,114.2689,0,False,Far (>2km),False,False,False
212,2016,478.8127141354719,Tsim Sha Tsui,22.2973,114.1722,0,False,Very Close (<500m),True,True,True
211,2016,474.8653059994979,Austin,22.304236,114.166601,0,False,Very Close (<500m),True,True,True
212,2016,434.52051822804293,Tsim Sha Tsui,22.2973,114.1722,0,False,Very Close (<500m),True,True,True
298,2016,112.14535559894469,Yau Tong,22.2979,114.2371,1,True,Very Close (<500m),True,True,True
226,2016,531.3392245962486,Yau Ma Tei,22.3129,114.1707,0,False,Close (500-1000m),True,True,True
252,2016,527.7179805871422,Austin station,22.306294,114.164522,0,False,Close (500-1000m),True,True,True
838,2016,232.4079851092376,Tseung Kwan O,22.308658,114.260241,0,False,Very Close (<500m),True,True,True
243,2016,527.3120509100896,Ho Man Tin,22.308953,114.181612,0,False,Close (500-1000m),True,True,True
225,2016,207.4734222882103,Yau Ma Tei,22.3129,114.1707,0,False,Very Close (<500m),True,True,True
236,2016,211.85715575621904,Ho Man Tin,22.308953,114.181612,0,False,Very Close (<500m),True,True,True
225,2016,173.436950088638,Yau Ma Tei,22.3129,114.1707,0,False,Very Close (<500m),True,True,True
838,2016,564.644690031396,Tseung Kwan O,22.308658,114.260241,0,False,Close (500-1000m),True,True,True
225,2016,152.35662461164446,Yau Ma Tei,22.3129,114.1707,0,False,Very Close (<500m),True,True,True
244,2016,611.8803568593191,Whampoa,22.305852,114.188799,0,False,Close (500-1000m),False,True,True
295,2016,208.3600646321899,Ngau Tau Kok,22.3154,114.2193,0,False,Very Close (<500m),True,True,True
226,2016,440.96030171284656,Yau Ma Tei,22.3129,114.1707,0,False,Very Close (<500m),True,True,True
155,2016,50.314346023803225,Quarry Bay,22.2878,114.2096,1,True,Very Close (<500m),True,True,True
839,2016,1334.4620804864976,LOHAS Park,22.2957,114.2689,0,False,Moderate (1-2km),False,False,True
153,2016,325.6113444113111,North Point,22.2909,114.2007,0,False,Very Close (<500m),True,True,True
961,2016,3738.377933454385,Tung Chung,22.2893,113.9416,0,False,Far (>2km),False,False,False
151,2016,166.93273111421686,Fortress Hill,22.2881,114.1936,0,False,Very Close (<500m),True,True,True
157,2016,406.99374842453034,Quarry Bay,22.2878,114.2096,0,False,Very Close (<500m),True,True,True
155,2016,213.68102869687698,Quarry Bay,22.2878,114.2096,0,False,Very Close (<500m),True,True,True
153,2016,218.76415660134708,Fortress Hill,22.2881,114.1936,0,False,Very Close (<500m),True,True,True
943,2016,2323.1010488030042,Tung Chung,22.2893,113.9416,0,False,Far (>2km),False,False,True
153,2016,152.20364969911748,North Point,22.2909,114.2007,0,False,Very Close (<500m),True,True,True
155,2016,176.14167987253444,Quarry Bay,22.2878,114.2096,0,False,Very Close (<500m),True,True,True
153,2016,347.2226418711509,Fortress Hill,22.2881,114.1936,0,False,Very Close (<500m),True,True,True
976,2016,3142.6813978641635,Disneyland Resort,22.3155,114.0451,0,False,Far (>2km),False,False,False
153,2016,111.39351378528485,North Point,22.2909,114.2007,0,False,Very Close (<500m),True,True,True
839,2016,1235.709580505961,LOHAS Park,22.2957,114.2689,0,False,Moderate (1-2km),False,True,True
814,2016,11088.031682413717,Hang Hau,22.3156,114.2644,0,False,Far (>2km),False,False,False
280,2016,451.86483201281,Choi Hung,22.334161,114.210289,0,False,Very Close (<500m),True,True,True
284,2016,613.2379371524333,Kai Tak,22.3304,114.1994,0,False,Close (500-1000m),False,True,True
221,2016,461.8323700281362,Olympic,22.3178,114.1602,0,False,Very Close (<500m),True,True,True
280,2016,476.0159145620664,Kowloon Bay,22.3235,114.2141,0,False,Very Close (<500m),True,True,True
241,2016,381.57644359685133,To Kwa Wan,22.3172,114.1876,0,False,Very Close (<500m),True,True,True
222,2016,166.54489926071508,Mong Kok,22.321624,114.172537,0,False,Very Close (<500m),True,True,True
221,2016,531.496974111237,Olympic,22.3178,114.1602,0,False,Close (500-1000m),True,True,True
221,2016,125.1802335223368,Prince Edward,22.3245,114.1683,0,False,Very Close (<500m),True,True,True
222,2016,319.4066349809731,Prince Edward,22.3245,114.1683,0,False,Very Close (<500m),True,True,True
221,2016,617.4230819144306,Prince Edward,22.3245,114.1683,0,False,Close (500-1000m),False,True,True
836,2016,466.82767216097847,Po Lam,22.3224,114.258,0,False,Very Close (<500m),True,True,True
255,2016,337.8089790706813,Nam Cheong,22.32829,114.1538,0,False,Very Close (<500m),True,True,True
271,2016,594.65822592134,Sung Wong Toi,22.326139,114.190407,0,False,Close (500-1000m),True,True,True
266,2016,220.75487419831586,Sham Shui Po,22.330141,114.163247,0,False,Very Close (<500m),True,True,True
280,2016,713.3095693984334,Choi Hung,22.334161,114.210289,0,False,Close (500-1000m),False,True,True
280,2016,611.7159088351057,Kowloon Bay,22.3235,114.2141,0,False,Close (500-1000m),False,True,True
951,2016,2699.5968990785013,AsiaWorld–Expo,22.321988,113.942221,0,False,Far (>2km),False,False,False
267,2016,276.2368790351204,Prince Edward,22.3245,114.1683,0,False,Very Close (<500m),True,True,True
231,2016,811.06871281326,Sung Wong Toi,22.326139,114.190407,0,False,Close (500-1000m),False,True,True
267,2016,399.29930854652827,Sham Shui Po,22.330141,114.163247,0,False,Very Close (<500m),True,True,True
836,2016,468.462040375272,Po Lam,22.3224,114.258,0,False,Very Close (<500m),True,True,True
251,2016,237.690616534191,Airport,22.304925,114.1616,0,False,Very Close (<500m),True,True,True
243,2016,292.6831408273429,Whampoa,22.305852,114.188799,0,False,Very Close (<500m),True,True,True
243,2016,266.7990795999446,Ho Man Tin,22.308953,114.181612,0,False,Very Close (<500m),True,True,True
225,2016,402.28829359599416,Austin,22.304236,114.166601,0,False,Very Close (<500m),True,True,True
152,2016,471.84577552978885,North Point,22.2909,114.2007,0,False,Very Close (<500m),True,True,True
112,2016,458.55745116535627,Sai Ying Pun,22.2856,114.1427,0,False,Very Close (<500m),True,True,True
154,2016,353.8918704653791,Quarry Bay,22.2878,114.2096,0,False,Very Close (<500m),True,True,True
286,2016,880.4712769845385,Kai Tak,22.3304,114.1994,0,False,Close (500-1000m),False,True,True
221,2016,36.857404077695605,Prince Edward,22.3245,114.1683,0,False,Very Close (<500m),True,True,True
298,2016,412.40433203566033,Yau Tong,22.2979,114.2371,0,False,Very Close (<500m),True,True,True
212,2016,376.12979936683973,Jordan,22.3049,114.1718,0,False,Very Close (<500m),True,True,True
832,2016,4410.428965516197,LOHAS Park,22.2957,114.2689,0,False,Far (>2km),False,False,False
225,2016,273.70552417245904,Jordan,22.3049,114.1718,0,False,Very Close (<500m),True,True,True
243,2016,309.03224617367374,Whampoa,22.305852,114.188799,0,False,Very Close (<500m),True,True,True
294,2016,187.5051073731794,Kwun Tong,22.311559,114.227765,0,False,Very Close (<500m),True,True,True
295,2016,231.64140781646861,Ngau Tau Kok,22.3154,114.2193,0,False,Very Close (<500m),True,True,True
220,2016,150.99319973728836,Yau Ma Tei,22.3129,114.1707,0,False,Very Close (<500m),True,True,True
294,2016,459.70626188990445,Kwun Tong,22.311559,114.227765,0,False,Very Close (<500m),True,True,True
298,2016,625.910942978008,Yau Tong,22.2979,114.2371,0,False,Close (500-1000m),True,True,True
256,2016,391.61444729901405,Austin,22.304236,114.166601,0,False,Very Close (<500m),True,True,True
256,2016,316.9686851073046,Austin,22.304236,114.166601,0,False,Very Close (<500m),True,True,True
212,2016,571.2572799002842,Jordan,22.3049,114.1718,0,False,Close (500-1000m),True,True,True
290,2016,760.4698167241398,Lam Tin,22.305367,114.234261,0,False,Close (500-1000m),False,True,True
212,2016,548.5744352367974,Jordan,22.3049,114.1718,0,False,Close (500-1000m),True,True,True
212,2016,342.1476280767095,Jordan,22.3049,114.1718,0,False,Very Close (<500m),True,True,True
225,2016,259.6262430857352,Austin station,22.306294,114.164522,0,False,Very Close (<500m),True,True,True
838,2016,405.80924637888603,Tseung Kwan O,22.308658,114.260241,0,False,Very Close (<500m),True,True,True
213,2016,354.7701852499887,Hung Hom,22.3029,114.1816,0,False,Very Close (<500m),True,True,True
243,2016,372.1178095018524,Whampoa,22.305852,114.188799,0,False,Very Close (<500m),True,True,True
225,2016,386.48060866827194,Jordan,22.3049,114.1718,0,False,Very Close (<500m),True,True,True
295,2016,709.9818805529746,Kwun Tong,22.311559,114.227765,0,False,Close (500-1000m),False,True,True
225,2016,190.87976260216087,Austin station,22.306294,114.164522,0,False,Very Close (<500m),True,True,True
832,2016,4361.868074527676,LOHAS Park,22.2957,114.2689,0,False,Far (>2km),False,False,False
112,2016,473.8349710980079,HKU,22.2841,114.1356,0,False,Very Close (<500m),True,True,True
157,2016,401.6024091059856,Tai Koo,22.2846,114.2161,0,False,Very Close (<500m),True,True,True
153,2016,166.00553618292088,North Point,22.2909,114.2007,0,False,Very Close (<500m),True,True,True
153,2016,199.9385308300062,North Point,22.2909,114.2007,0,False,Very Close (<500m),True,True,True
151,2016,144.52145824263607,Fortress Hill,22.2881,114.1936,0,False,Very Close (<500m),True,True,True
115,2016,661.4907600330363,Sai Ying Pun,22.2856,114.1427,0,False,Close (500-1000m),False,True,True
121,2016,300.2493432779715,Sheung Wan,22.285899,114.153707,0,False,Very Close (<500m),True,True,True
253,2016,606.6522683180631,Olympic,22.3178,114.1602,0,False,Close (500-1000m),True,True,True
244,2016,336.37901737774445,To Kwa Wan,22.3172,114.1876,0,False,Very Close (<500m),True,True,True
838,2016,410.58592264979785,Tseung Kwan O,22.308658,114.260241,0,False,Very Close (<500m),True,True,True
253,2016,446.9239670164834,Yau Ma Tei,22.3129,114.1707,0,False,Very Close (<500m),True,True,True
264,2016,473.3009249707107,Cheung Sha Wan,22.3354,114.1563,0,False,Very Close (<500m),True,True,True
237,2016,467.13954550002825,Ho Man Tin,22.308953,114.181612,0,False,Very Close (<500m),True,True,True
244,2016,429.9611822788821,To Kwa Wan,22.3172,114.1876,0,False,Very Close (<500m),True,True,True
294,2016,400.6043046427228,Kwun Tong,22.311559,114.227765,0,False,Very Close (<500m),True,True,True
972,2016,3987.5632858270324,Sunny Bay,22.33285,114.028222,0,False,Far (>2km),False,False,False
243,2016,438.80129396264624,To Kwa Wan,22.3172,114.1876,0,False,Very Close (<500m),True,True,True
244,2016,395.6007747685389,To Kwa Wan,22.3172,114.1876,0,False,Very Close (<500m),True,True,True
253,2016,606.1884110159358,Olympic,22.3178,114.1602,0,False,Close (500-1000m),False,True,True
220,2016,130.89617870863083,Yau Ma Tei,22.3129,114.1707,0,False,Very Close (<500m),True,True,True
228,2016,254.20413951574793,Yau Ma Tei,22.3129,114.1707,0,False,Very Close (<500m),True,True,True
244,2016,389.138768313995,To Kwa Wan,22.3172,114.1876,0,False,Very Close (<500m),True,True,True
244,2016,414.60191720360166,To Kwa Wan,22.3172,114.1876,0,False,Very Close (<500m),True,True,True
235,2016,554.5013501732602,Yau Ma Tei,22.3129,114.1707,0,False,Close (500-1000m),False,True,True
228,2016,218.18355629307737,Yau Ma Tei,22.3129,114.1707,0,False,Very Close (<500m),True,True,True
271,2016,349.2669248311796,Kowloon Tong,22.336809,114.177245,0,False,Very Close (<500m),True,True,True
271,2016,586.856950767541,Kowloon Tong,22.336809,114.177245,0,False,Close (500-1000m),True,True,True
283,2016,765.1213969034375,Lok Fu,22.338,114.1871,0,False,Close (500-1000m),False,True,True
265,2016,317.89331142551276,Cheung Sha Wan,22.3354,114.1563,0,False,Very Close (<500m),True,True,True
837,2016,734.2402149804291,Hang Hau,22.3156,114.2644,0,False,Close (500-1000m),False,True,True
222,2016,281.5656506517411,Mong Kok,22.321624,114.172537,0,False,Very Close (<500m),True,True,True
234,2016,724.0387505300545,Mong Kok East,22.3222,114.1728,0,False,Close (500-1000m),False,True,True
235,2016,389.9292586482236,Mong Kok,22.321624,114.172537,0,False,Very Close (<500m),True,True,True
221,2016,492.21528321707166,Olympic,22.3178,114.1602,0,False,Very Close (<500m),True,True,True
222,2016,224.10271111486645,Mong Kok,22.321624,114.172537,0,False,Very Close (<500m),True,True,True
293,2016,993.2194588807131,Kwun Tong,22.311559,114.227765,0,False,Close (500-1000m),False,True,True
280,2016,554.7989299358004,Choi Hung,22.334161,114.210289,0,False,Close (500-1000m),True,True,True
266,2016,123.26307457234984,Sham Shui Po,22.330141,114.163247,0,False,Very Close (<500m),True,True,True
836,2016,824.2662613353352,Po Lam,22.3224,114.258,0,False,Close (500-1000m),False,True,True
246,2016,183.88860218505226,Sung Wong Toi,22.326139,114.190407,0,False,Very Close (<500m),True,True,True
231,2016,450.8669734546517,Mong Kok East,22.3222,114.1728,0,False,Very Close (<500m),True,True,True
246,2016,257.3704540934644,Sung Wong Toi,22.326139,114.190407,0,False,Very Close (<500m),True,True,True
283,2016,727.0249302928423,Lok Fu,22.338,114.1871,0,False,Close (500-1000m),False,True,True
264,2016,457.5733729620578,Lai Chi Kok,22.3373,114.1482,0,False,Very Close (<500m),True,True,True
284,2016,696.5536625274777,Kai Tak,22.3304,114.1994,0,False,Close (500-1000m),False,True,True
264,2016,529.8402317667887,Cheung Sha Wan,22.3354,114.1563,0,False,Close (500-1000m),True,True,True
284,2016,601.1271971525416,Kai Tak,22.3304,114.1994,0,False,Close (500-1000m),False,True,True
265,2016,212.07651089147382,Cheung Sha Wan,22.3354,114.1563,0,False,Very Close (<500m),True,True,True
284,2016,741.1032312045231,Kai Tak,22.3304,114.1994,0,False,Close (500-1000m),False,True,True
284,2016,502.72592733157944,Diamond Hill,22.339189,114.202382,0,False,Close (500-1000m),True,True,True
264,2016,396.2256492939775,Cheung Sha Wan,22.3354,114.1563,0,False,Very Close (<500m),True,True,True
814,2016,10829.000494036625,LOHAS Park,22.2957,114.2689,0,False,Far (>2km),False,False,False
225,2016,168.86547268640024,Yau Ma Tei,22.3129,114.1707,0,False,Very Close (<500m),True,True,True
243,2016,568.2520845603998,To Kwa Wan,22.3172,114.1876,0,False,Close (500-1000m),False,True,True
244,2016,531.3258769349544,To Kwa Wan,22.3172,114.1876,0,False,Close (500-1000m),False,True,True
225,2016,291.1637357786576,Yau Ma Tei,22.3129,114.1707,0,False,Very Close (<500m),True,True,True
244,2016,504.6470937387866,To Kwa Wan,22.3172,114.1876,0,False,Close (500-1000m),True,True,True
225,2016,160.2898500743861,Yau Ma Tei,22.3129,114.1707,0,False,Very Close (<500m),True,True,True
244,2016,535.5776268174926,To Kwa Wan,22.3172,114.1876,0,False,Close (500-1000m),True,True,True
295,2016,455.7244928391123,Ngau Tau Kok,22.3154,114.2193,0,False,Very Close (<500m),True,True,True
832,2016,5428.045239917562,LOHAS Park,22.2957,114.2689,0,False,Far (>2km),False,False,False
243,2016,573.8991050791957,To Kwa Wan,22.3172,114.1876,0,False,Close (500-1000m),False,True,True
225,2016,109.94824860966672,Yau Ma Tei,22.3129,114.1707,0,False,Very Close (<500m),True,True,True
243,2016,517.7652985079607,To Kwa Wan,22.3172,114.1876,0,False,Close (500-1000m),True,True,True
288,2016,337.97696270453037,Choi Hung,22.334161,114.210289,0,False,Very Close (<500m),True,True,True
835,2016,713.9189772580602,Po Lam,22.3224,114.258,0,False,Close (500-1000m),False,True,True
222,2016,225.02551026368164,Mong Kok,22.321624,114.172537,0,False,Very Close (<500m),True,True,True
242,2016,482.63965555285773,Sung Wong Toi,22.326139,114.190407,0,False,Very Close (<500m),True,True,True
814,2016,10639.830613019187,LOHAS Park,22.2957,114.2689,0,False,Far (>2km),False,False,False
831,2016,1890.3951791567788,LOHAS Park,22.2957,114.2689,0,False,Moderate (1-2km),False,False,True
295,2016,435.179352683197,Ngau Tau Kok,22.3154,114.2193,0,False,Very Close (<500m),True,True,True
221,2016,362.8183806669665,Prince Edward,22.3245,114.1683,0,False,Very Close (<500m),True,True,True
221,2016,467.45179901574073,Prince Edward,22.3245,114.1683,0,False,Very Close (<500m),True,True,True
294,2016,244.13859133097841,Kwun Tong,22.311559,114.227765,0,False,Very Close (<500m),True,True,True
228,2016,70.74453846848667,Yau Ma Tei,22.3129,114.1707,0,False,Very Close (<500m),True,True,True
244,2016,444.96210724102883,To Kwa Wan,22.3172,114.1876,0,False,Very Close (<500m),True,True,True
236,2016,472.81077707935225,Ho Man Tin,22.308953,114.181612,0,False,Very Close (<500m),True,True,True
295,2016,322.8744556645198,Ngau Tau Kok,22.3154,114.2193,0,False,Very Close (<500m),True,True,True
220,2016,69.43385819303104,Yau Ma Tei,22.3129,114.1707,0,False,Very Close (<500m),True,True,True
247,2016,621.5259172956722,To Kwa Wan,22.3172,114.1876,0,False,Close (500-1000m),False,True,True
294,2016,333.8861448007057,Ngau Tau Kok,22.3154,114.2193,0,False,Very Close (<500m),True,True,True
234,2016,591.6599637988868,Mong Kok,22.321624,114.172537,0,False,Close (500-1000m),False,True,True
229,2016,472.25081606232277,Mong Kok,22.321624,114.172537,0,False,Very Close (<500m),True,True,True
225,2016,316.5898830757227,Austin,22.304236,114.166601,0,False,Very Close (<500m),True,True,True
294,2016,232.2929401570512,Ngau Tau Kok,22.3154,114.2193,0,False,Very Close (<500m),True,True,True
280,2016,686.9469681065947,Kowloon Bay,22.3235,114.2141,0,False,Close (500-1000m),False,True,True
225,2016,315.2148889855059,Jordan,22.3049,114.1718,0,False,Very Close (<500m),True,True,True
245,2016,232.30297856355767,Whampoa,22.305852,114.188799,0,False,Very Close (<500m),True,True,True
297,2016,230.34085337851695,Lam Tin,22.305367,114.234261,0,False,Very Close (<500m),True,True,True
225,2016,354.36634609944736,Austin,22.304236,114.166601,0,False,Very Close (<500m),True,True,True
839,2016,588.4488024273588,LOHAS Park,22.2957,114.2689,0,False,Close (500-1000m),True,True,True
225,2016,335.57710741127164,Austin,22.304236,114.166601,0,False,Very Close (<500m),True,True,True
245,2016,359.6192452918744,Whampoa,22.305852,114.188799,0,False,Very Close (<500m),True,True,True
226,2016,213.93208817407563,Jordan,22.3049,114.1718,0,False,Very Close (<500m),True,True,True
245,2016,81.83284097907213,Whampoa,22.305852,114.188799,1,True,Very Close (<500m),True,True,True
225,2016,216.2046210402193,Jordan,22.3049,114.1718,0,False,Very Close (<500m),True,True,True
243,2016,213.46597641220026,Whampoa,22.305852,114.188799,0,False,Very Close (<500m),True,True,True
297,2016,236.3275154855572,Lam Tin,22.305367,114.234261,0,False,Very Close (<500m),True,True,True
291,2016,444.77338264830877,Kowloon Bay,22.3235,114.2141,0,False,Very Close (<500m),True,True,True
291,2016,146.32415488750817,Kowloon Bay,22.3235,114.2141,0,False,Very Close (<500m),True,True,True
836,2016,765.6545504726747,Po Lam,22.3224,114.258,0,False,Close (500-1000m),False,True,True
291,2016,484.86162595673153,Kowloon Bay,22.3235,114.2141,0,False,Very Close (<500m),True,True,True
236,2016,500.54259971739134,Ho Man Tin,22.308953,114.181612,0,False,Close (500-1000m),True,True,True
228,2016,281.2532084873525,Yau Ma Tei,22.3129,114.1707,0,False,Very Close (<500m),True,True,True
294,2016,430.26895212192835,Ngau Tau Kok,22.3154,114.2193,0,False,Very Close (<500m),True,True,True
294,2016,404.1842575775022,Kwun Tong,22.311559,114.227765,0,False,Very Close (<500m),True,True,True
297,2016,1140.2045756700923,Lam Tin,22.305367,114.234261,0,False,Moderate (1-2km),False,False,True
253,2016,494.9123281606688,Olympic,22.3178,114.1602,0,False,Very Close (<500m),True,True,True
228,2016,254.37474530547433,Yau Ma Tei,22.3129,114.1707,0,False,Very Close (<500m),True,True,True
295,2016,111.02673608013743,Ngau Tau Kok,22.3154,114.2193,0,False,Very Close (<500m),True,True,True
286,2016,881.6119775857804,Ngau Tau Kok,22.3154,114.2193,0,False,Close (500-1000m),False,True,True
242,2016,328.9028738597834,To Kwa Wan,22.3172,114.1876,0,False,Very Close (<500m),True,True,True
228,2016,235.7108818571722,Yau Ma Tei,22.3129,114.1707,0,False,Very Close (<500m),True,True,True
254,2016,601.542713026305,Olympic,22.3178,114.1602,0,False,Close (500-1000m),False,True,True
221,2016,340.5270875506261,Olympic,22.3178,114.1602,0,False,Very Close (<500m),True,True,True
221,2016,408.4308547911507,Olympic,22.3178,114.1602,0,False,Very Close (<500m),True,True,True
221,2016,385.6702502363431,Olympic,22.3178,114.1602,0,False,Very Close (<500m),True,True,True
242,2016,653.1950261343333,Sung Wong Toi,22.326139,114.190407,0,False,Close (500-1000m),False,True,True
241,2016,400.5081326958509,To Kwa Wan,22.3172,114.1876,0,False,Very Close (<500m),True,True,True
836,2016,453.41667376867616,Po Lam,22.3224,114.258,0,False,Very Close (<500m),True,True,True
221,2016,512.9567300658623,Prince Edward,22.3245,114.1683,0,False,Close (500-1000m),True,True,True
234,2016,567.0876154934142,Mong Kok,22.321624,114.172537,0,False,Close (500-1000m),True,True,True
242,2016,631.8399125567087,Sung Wong Toi,22.326139,114.190407,0,False,Close (500-1000m),False,True,True
814,2016,10747.826642396203,Hang Hau,22.3156,114.2644,0,False,Far (>2km),False,False,False
221,2016,238.92907291155677,Prince Edward,22.3245,114.1683,0,False,Very Close (<500m),True,True,True
221,2016,471.7724747835285,Sham Shui Po,22.330141,114.163247,0,False,Very Close (<500m),True,True,True
813,2016,5854.673596176477,Hang Hau,22.3156,114.2644,0,False,Far (>2km),False,False,False
814,2016,10628.676048559662,Hang Hau,22.3156,114.2644,0,False,Far (>2km),False,False,False
221,2016,450.34910138282595,Sham Shui Po,22.330141,114.163247,0,False,Very Close (<500m),True,True,True
255,2016,122.32844043438146,Nam Cheong,22.32829,114.1538,1,True,Very Close (<500m),True,True,True
836,2016,1129.152474457262,Po Lam,22.3224,114.258,0,False,Moderate (1-2km),False,True,True
285,2016,488.17514111899175,Sung Wong Toi,22.326139,114.190407,0,False,Very Close (<500m),True,True,True
290,2016,233.5279553340016,Lam Tin,22.305367,114.234261,1,True,Very Close (<500m),True,True,True
290,2016,494.3791778557095,Lam Tin,22.305367,114.234261,0,False,Very Close (<500m),True,True,True
225,2016,242.3089509100418,Jordan,22.3049,114.1718,0,False,Very Close (<500m),True,True,True
225,2016,239.5925393588433,Austin station,22.306294,114.164522,0,False,Very Close (<500m),True,True,True
295,2016,728.4862620965457,Kwun Tong,22.311559,114.227765,0,False,Close (500-1000m),False,True,True
951,2016,1844.328384807415,Tung Chung,22.2893,113.9416,0,False,Moderate (1-2km),False,True,True
155,2016,165.0144663862549,Quarry Bay,22.2878,114.2096,0,False,Very Close (<500m),True,True,True
155,2016,95.51200200655153,Quarry Bay,22.2878,114.2096,0,False,Very Close (<500m),True,True,True
115,2016,486.9184218177345,Sai Ying Pun,22.2856,114.1427,0,False,Very Close (<500m),True,True,True
115,2016,402.00324457662424,Sai Ying Pun,22.2856,114.1427,0,False,Very Close (<500m),True,True,True
151,2016,252.4605469077038,Fortress Hill,22.2881,114.1936,0,False,Very Close (<500m),True,True,True
233,2016,855.7701870077283,Mong Kok East,22.3222,114.1728,0,False,Close (500-1000m),False,True,True
221,2016,327.686179731455,Prince Edward,22.3245,114.1683,0,False,Very Close (<500m),True,True,True
221,2016,225.27197433856136,Prince Edward,22.3245,114.1683,0,False,Very Close (<500m),True,True,True
221,2016,155.6984275045953,Prince Edward,22.3245,114.1683,0,False,Very Close (<500m),True,True,True
222,2016,151.10749722775788,Prince Edward,22.3245,114.1683,0,False,Very Close (<500m),True,True,True
222,2016,170.13272490460946,Prince Edward,22.3245,114.1683,0,False,Very Close (<500m),True,True,True
222,2016,203.20487973939336,Prince Edward,22.3245,114.1683,0,False,Very Close (<500m),True,True,True
280,2016,739.6678110762118,Kowloon Bay,22.3235,114.2141,0,False,Close (500-1000m),False,True,True
222,2016,248.29080127590464,Prince Edward,22.3245,114.1683,0,False,Very Close (<500m),True,True,True
814,2016,8873.189471921316,LOHAS Park,22.2957,114.2689,0,False,Far (>2km),False,False,False
222,2016,420.40718055473144,Mong Kok East,22.3222,114.1728,0,False,Very Close (<500m),True,True,True
222,2016,418.1809925157359,Prince Edward,22.3245,114.1683,0,False,Very Close (<500m),True,True,True
961,2016,3271.9483717198013,Sunny Bay,22.33285,114.028222,0,False,Far (>2km),False,False,True
267,2016,408.8213049806975,Sham Shui Po,22.330141,114.163247,0,False,Very Close (<500m),True,True,True
233,2016,741.3838159267816,Sung Wong Toi,22.326139,114.190407,0,False,Close (500-1000m),False,True,True
231,2016,545.389109958531,Mong Kok East,22.3222,114.1728,0,False,Close (500-1000m),True,True,True
267,2016,157.62157581160594,Sham Shui Po,22.330141,114.163247,0,False,Very Close (<500m),True,True,True
285,2016,397.4489558750809,Sung Wong Toi,22.326139,114.190407,0,False,Very Close (<500m),True,True,True
285,2016,399.54233166479986,Sung Wong Toi,22.326139,114.190407,0,False,Very Close (<500m),True,True,True
294,2016,502.099963794752,Ngau Tau Kok,22.3154,114.2193,0,False,Close (500-1000m),True,True,True
246,2016,389.9741824646735,To Kwa Wan,22.3172,114.1876,0,False,Very Close (<500m),True,True,True
246,2016,184.71627920946673,Sung Wong Toi,22.326139,114.190407,0,False,Very Close (<500m),True,True,True
221,2016,131.74209273193844,Prince Edward,22.3245,114.1683,0,False,Very Close (<500m),True,True,True
221,2016,537.6819367815797,Sham Shui Po,22.330141,114.163247,0,False,Close (500-1000m),True,True,True
246,2016,395.4379352479483,Sung Wong Toi,22.326139,114.190407,0,False,Very Close (<500m),True,True,True
280,2016,457.2465550616222,Kowloon Bay,22.3235,114.2141,0,False,Very Close (<500m),True,True,True
232,2016,539.8111482907852,Mong Kok East,22.3222,114.1728,0,False,Close (500-1000m),True,True,True
221,2016,391.159078408846,Prince Edward,22.3245,114.1683,0,False,Very Close (<500m),True,True,True
255,2016,387.7806245049491,Nam Cheong,22.32829,114.1538,0,False,Very Close (<500m),True,True,True
836,2016,217.77022332936215,Po Lam,22.3224,114.258,0,False,Very Close (<500m),True,True,True
835,2016,999.2429536689256,Po Lam,22.3224,114.258,0,False,Close (500-1000m),False,True,True
221,2016,250.86390661867307,Prince Edward,22.3245,114.1683,0,False,Very Close (<500m),True,True,True
292,2016,657.8765052873316,Kowloon Bay,22.3235,114.2141,0,False,Close (500-1000m),False,True,True
271,2016,913.4201858194534,Kowloon Tong,22.336809,114.177245,0,False,Close (500-1000m),False,True,True
267,2016,395.72291482258834,Shek Kip Mei,22.332,114.1687,0,False,Very Close (<500m),True,True,True
267,2016,229.27064221629036,Sham Shui Po,22.330141,114.163247,0,False,Very Close (<500m),True,True,True
266,2016,164.08836878369462,Sham Shui Po,22.330141,114.163247,0,False,Very Close (<500m),True,True,True
268,2016,570.6705738380638,Shek Kip Mei,22.332,114.1687,0,False,Close (500-1000m),True,True,True
267,2016,134.4394551923177,Sham Shui Po,22.330141,114.163247,0,False,Very Close (<500m),True,True,True
265,2016,353.15486111175403,Nam Cheong,22.32829,114.1538,0,False,Very Close (<500m),True,True,True
268,2016,654.1255206659749,Mong Kok East,22.3222,114.1728,0,False,Close (500-1000m),True,True,True
271,2016,684.0121069108222,Sung Wong Toi,22.326139,114.190407,0,False,Close (500-1000m),False,True,True
266,2016,419.3843343329135,Sham Shui Po,22.330141,114.163247,0,False,Very Close (<500m),True,True,True
271,2016,825.6723547376704,Sung Wong Toi,22.326139,114.190407,0,False,Close (500-1000m),False,True,True
269,2016,371.689204698848,Nam Cheong,22.32829,114.1538,0,False,Very Close (<500m),True,True,True
292,2016,1382.3422828125283,Choi Hung,22.334161,114.210289,0,False,Moderate (1-2km),False,True,True
235,2016,631.1898624227846,Yau Ma Tei,22.3129,114.1707,0,False,Close (500-1000m),False,True,True
220,2016,233.24298609925034,Yau Ma Tei,22.3129,114.1707,0,False,Very Close (<500m),True,True,True
294,2016,280.6655029935588,Kwun Tong,22.311559,114.227765,0,False,Very Close (<500m),True,True,True
212,2016,454.2473317457703,Jordan,22.3049,114.1718,0,False,Very Close (<500m),True,True,True
814,2016,10180.038078203535,Hang Hau,22.3156,114.2644,0,False,Far (>2km),False,False,False
268,2016,481.7850635951355,Shek Kip Mei,22.332,114.1687,0,False,Very Close (<500m),True,True,True
285,2016,441.6568178916515,Sung Wong Toi,22.326139,114.190407,0,False,Very Close (<500m),True,True,True
266,2016,321.906866568013,Sham Shui Po,22.330141,114.163247,0,False,Very Close (<500m),True,True,True
267,2016,282.7376119808849,Sham Shui Po,22.330141,114.163247,0,False,Very Close (<500m),True,True,True
423,2016,441.4175262939469,Tuen Mun,22.394156,113.973948,0,False,Very Close (<500m),True,True,True
423,2016,490.50894413954956,Tuen Mun,22.394156,113.973948,0,False,Very Close (<500m),True,True,True
762,2016,2283.04499717644,Tai Shui Hang,22.4088,114.223,0,False,Far (>2km),False,False,True
822,2016,5133.725036555094,Wu Kai Sha,22.4291,114.2438,0,False,Far (>2km),False,False,False
753,2016,807.3746596092778,Fo Tan,22.3953,114.1982,0,False,Close (500-1000m),False,True,True
424,2016,453.9061448294327,Tuen Mun,22.394156,113.973948,0,False,Very Close (<500m),True,True,True
423,2016,1324.7982086189104,Tuen Mun,22.394156,113.973948,0,False,Moderate (1-2km),False,False,True
424,2016,633.9877615673186,Tuen Mun,22.394156,113.973948,0,False,Close (500-1000m),False,True,True
112,2016,221.59429923831783,Sai Ying Pun,22.2856,114.1427,0,False,Very Close (<500m),True,True,True
112,2016,248.6954335697572,Sai Ying Pun,22.2856,114.1427,0,False,Very Close (<500m),True,True,True
116,2016,541.2940620123476,HKU,22.2841,114.1356,0,False,Close (500-1000m),False,True,True
232,2016,122.36186184857809,Mong Kok East,22.3222,114.1728,0,False,Very Close (<500m),True,True,True
221,2016,678.1095380702882,Sham Shui Po,22.330141,114.163247,0,False,Close (500-1000m),False,True,True
246,2016,581.825606335545,Sung Wong Toi,22.326139,114.190407,0,False,Close (500-1000m),True,True,True
221,2016,536.0347466425853,Prince Edward,22.3245,114.1683,0,False,Close (500-1000m),True,True,True
836,2016,350.5837823170804,Po Lam,22.3224,114.258,0,False,Very Close (<500m),True,True,True
268,2016,354.39496275181676,Shek Kip Mei,22.332,114.1687,0,False,Very Close (<500m),True,True,True
263,2016,396.15415972796603,Shek Kip Mei,22.332,114.1687,0,False,Very Close (<500m),True,True,True
260,2016,351.04614779645584,Mei Foo,22.336907,114.140573,0,False,Very Close (<500m),True,True,True
271,2016,815.3218191912631,Mong Kok East,22.3222,114.1728,0,False,Close (500-1000m),False,True,True
280,2016,481.48839714636296,Kowloon Bay,22.3235,114.2141,0,False,Very Close (<500m),True,True,True
267,2016,335.8052501412283,Sham Shui Po,22.330141,114.163247,0,False,Very Close (<500m),True,True,True
266,2016,432.76883162051035,Sham Shui Po,22.330141,114.163247,0,False,Very Close (<500m),True,True,True
267,2016,252.02788590938366,Sham Shui Po,22.330141,114.163247,0,False,Very Close (<500m),True,True,True
271,2016,967.4972412518969,Sung Wong Toi,22.326139,114.190407,0,False,Close (500-1000m),False,True,True
292,2016,1260.0654651958585,Kowloon Bay,22.3235,114.2141,0,False,Moderate (1-2km),False,False,True
271,2016,587.4498573535769,Kowloon Tong,22.336809,114.177245,0,False,Close (500-1000m),True,True,True
266,2016,280.49922134119197,Sham Shui Po,22.330141,114.163247,0,False,Very Close (<500m),True,True,True
151,2016,319.3706345478721,Tin Hau,22.2827,114.1917,0,False,Very Close (<500m),True,True,True
112,2016,303.6210473410819,HKU,22.2841,114.1356,0,False,Very Close (<500m),True,True,True
151,2016,315.430769315811,Tin Hau,22.2827,114.1917,0,False,Very Close (<500m),True,True,True
114,2016,202.61501291369714,Sheung Wan,22.285899,114.153707,0,False,Very Close (<500m),True,True,True
158,2016,1815.736547265165,Sai Wan Ho,22.2816,114.2224,0,False,Moderate (1-2km),True,True,True
113,2016,512.156919843059,Sheung Wan,22.285899,114.153707,0,False,Close (500-1000m),True,True,True
113,2016,359.44556030212925,Sheung Wan,22.285899,114.153707,0,False,Very Close (<500m),True,True,True
114,2016,257.56061519336157,Sheung Wan,22.285899,114.153707,0,False,Very Close (<500m),True,True,True
114,2016,74.42338833883652,Sheung Wan,22.285899,114.153707,0,False,Very Close (<500m),True,True,True
111,2016,446.6148011965476,Kennedy Town,22.2812,114.1285,0,False,Very Close (<500m),True,True,True
155,2016,348.8184039968871,Quarry Bay,22.2878,114.2096,0,False,Very Close (<500m),True,True,True
112,2016,185.09575585165015,HKU,22.2841,114.1356,0,False,Very Close (<500m),True,True,True
157,2016,486.0879918036424,Sai Wan Ho,22.2816,114.2224,0,False,Very Close (<500m),True,True,True
112,2016,379.3110369574765,HKU,22.2841,114.1356,0,False,Very Close (<500m),True,True,True
113,2016,420.50608961413866,Sai Ying Pun,22.2856,114.1427,0,False,Very Close (<500m),True,True,True
155,2016,553.1135037091669,Quarry Bay,22.2878,114.2096,0,False,Close (500-1000m),True,True,True
111,2016,1302.7328262008916,Kennedy Town,22.2812,114.1285,0,False,Moderate (1-2km),False,False,True
114,2016,92.81382388953188,Sheung Wan,22.285899,114.153707,0,False,Very Close (<500m),True,True,True
155,2016,311.45616484834017,Quarry Bay,22.2878,114.2096,0,False,Very Close (<500m),True,True,True
116,2016,267.28876186184806,HKU,22.2841,114.1356,0,False,Very Close (<500m),True,True,True
151,2016,249.23067240805105,Fortress Hill,22.2881,114.1936,0,False,Very Close (<500m),True,True,True
976,2016,3433.902905700286,Disneyland Resort,22.3155,114.0451,0,False,Far (>2km),False,False,False
961,2016,4199.4627444589205,Tung Chung,22.2893,113.9416,0,False,Far (>2km),False,False,False
111,2016,478.9751946099645,Kennedy Town,22.2812,114.1285,0,False,Very Close (<500m),True,True,True
973,2016,1237.7716995222377,Disneyland Resort,22.3155,114.0451,0,False,Moderate (1-2km),False,True,True
271,2016,697.8810451462402,Kowloon Tong,22.336809,114.177245,0,False,Close (500-1000m),False,True,True
254,2016,707.1266084690504,Nam Cheong,22.32829,114.1538,0,False,Close (500-1000m),False,True,True
280,2016,411.95501577988466,Kowloon Bay,22.3235,114.2141,0,False,Very Close (<500m),True,True,True
232,2016,436.289016047027,Mong Kok East,22.3222,114.1728,0,False,Very Close (<500m),True,True,True
242,2016,491.1021166683268,Sung Wong Toi,22.326139,114.190407,0,False,Very Close (<500m),True,True,True
241,2016,392.0717620919391,Sung Wong Toi,22.326139,114.190407,0,False,Very Close (<500m),True,True,True
285,2016,310.950304945931,Sung Wong Toi,22.326139,114.190407,0,False,Very Close (<500m),True,True,True
814,2016,11261.957589154616,Hang Hau,22.3156,114.2644,0,False,Far (>2km),False,False,False
255,2016,517.8653738748914,Lai Chi Kok,22.3373,114.1482,0,False,Close (500-1000m),True,True,True
283,2016,549.4678174052518,Kai Tak,22.3304,114.1994,0,False,Close (500-1000m),True,True,True
263,2016,96.61692121522135,Shek Kip Mei,22.332,114.1687,0,False,Very Close (<500m),True,True,True
266,2016,307.1137151871393,Sham Shui Po,22.330141,114.163247,0,False,Very Close (<500m),True,True,True
271,2016,533.8841028102078,Kowloon Tong,22.336809,114.177245,0,False,Close (500-1000m),True,True,True
222,2016,256.1011961072268,Mong Kok,22.321624,114.172537,0,False,Very Close (<500m),True,True,True
221,2016,471.71836856141954,Prince Edward,22.3245,114.1683,0,False,Very Close (<500m),True,True,True
227,2016,260.9714454623073,Mong Kok,22.321624,114.172537,0,False,Very Close (<500m),True,True,True
254,2016,637.4364635871302,Nam Cheong,22.32829,114.1538,0,False,Close (500-1000m),False,True,True
222,2016,238.04083351274363,Prince Edward,22.3245,114.1683,0,False,Very Close (<500m),True,True,True
242,2016,312.5728854152676,Sung Wong Toi,22.326139,114.190407,0,False,Very Close (<500m),True,True,True
221,2016,649.5595706426377,Olympic,22.3178,114.1602,0,False,Close (500-1000m),False,True,True
221,2016,658.0612500180575,Olympic,22.3178,114.1602,0,False,Close (500-1000m),False,True,True
254,2016,561.8765476011151,Nam Cheong,22.32829,114.1538,0,False,Close (500-1000m),True,True,True
221,2016,667.3467355763247,Olympic,22.3178,114.1602,0,False,Close (500-1000m),False,True,True
222,2016,107.03944929829588,Prince Edward,22.3245,114.1683,0,False,Very Close (<500m),True,True,True
837,2016,858.8083724621717,Hang Hau,22.3156,114.2644,0,False,Close (500-1000m),False,True,True
254,2016,642.4431466849907,Olympic,22.3178,114.1602,0,False,Close (500-1000m),False,True,True
112,2016,127.68017148740685,Sai Ying Pun,22.2856,114.1427,0,False,Very Close (<500m),True,True,True
280,2016,459.44701172733687,Kowloon Bay,22.3235,114.2141,0,False,Very Close (<500m),True,True,True
280,2016,304.67849830237344,Kowloon Bay,22.3235,114.2141,0,False,Very Close (<500m),True,True,True
836,2016,563.4754593685017,Po Lam,22.3224,114.258,0,False,Close (500-1000m),True,True,True
221,2016,173.12250604500247,Prince Edward,22.3245,114.1683,0,False,Very Close (<500m),True,True,True
836,2016,79.84623105259385,Po Lam,22.3224,114.258,1,True,Very Close (<500m),True,True,True
222,2016,132.40569150503174,Mong Kok East,22.3222,114.1728,0,False,Very Close (<500m),True,True,True
241,2016,352.3857287134985,Sung Wong Toi,22.326139,114.190407,0,False,Very Close (<500m),True,True,True
222,2016,35.03693451908677,Mong Kok East,22.3222,114.1728,2,True,Very Close (<500m),True,True,True
221,2016,208.71420539346678,Olympic,22.3178,114.1602,0,False,Very Close (<500m),True,True,True
241,2016,122.9817143260776,To Kwa Wan,22.3172,114.1876,0,False,Very Close (<500m),True,True,True
241,2016,175.50131922712427,To Kwa Wan,22.3172,114.1876,0,False,Very Close (<500m),True,True,True
227,2016,368.0587619325325,Mong Kok,22.321624,114.172537,0,False,Very Close (<500m),True,True,True
294,2016,792.6114183771551,Kwun Tong,22.311559,114.227765,0,False,Close (500-1000m),False,True,True
294,2016,340.3668661932947,Ngau Tau Kok,22.3154,114.2193,0,False,Very Close (<500m),True,True,True
267,2016,328.31967342954744,Sham Shui Po,22.330141,114.163247,0,False,Very Close (<500m),True,True,True
266,2016,367.5802379549257,Sham Shui Po,22.330141,114.163247,0,False,Very Close (<500m),True,True,True
285,2016,348.9444959383741,Sung Wong Toi,22.326139,114.190407,0,False,Very Close (<500m),True,True,True
836,2016,1344.9127825433488,Po Lam,22.3224,114.258,0,False,Moderate (1-2km),False,True,True
285,2016,393.80672057951193,Sung Wong Toi,22.326139,114.190407,0,False,Very Close (<500m),True,True,True
255,2016,135.58548257666422,Nam Cheong,22.32829,114.1538,0,False,Very Close (<500m),True,True,True
285,2016,439.98482502965646,Sung Wong Toi,22.326139,114.190407,0,False,Very Close (<500m),True,True,True
267,2016,232.2985408592732,Sham Shui Po,22.330141,114.163247,0,False,Very Close (<500m),True,True,True
266,2016,117.75334540806568,Sham Shui Po,22.330141,114.163247,0,False,Very Close (<500m),True,True,True
234,2016,598.8205868998789,Mong Kok,22.321624,114.172537,0,False,Close (500-1000m),False,True,True
237,2016,640.7273060774278,To Kwa Wan,22.3172,114.1876,0,False,Close (500-1000m),True,True,True
280,2016,785.9590870850512,Kowloon Bay,22.3235,114.2141,0,False,Close (500-1000m),False,True,True
247,2016,751.5024181344743,To Kwa Wan,22.3172,114.1876,0,False,Close (500-1000m),False,True,True
227,2016,249.2939570292314,Mong Kok,22.321624,114.172537,0,False,Very Close (<500m),True,True,True
235,2016,361.2636459492844,Mong Kok,22.321624,114.172537,0,False,Very Close (<500m),True,True,True
221,2016,567.4166963452515,Prince Edward,22.3245,114.1683,0,False,Close (500-1000m),False,True,True
247,2016,677.1462614269915,To Kwa Wan,22.3172,114.1876,0,False,Close (500-1000m),False,True,True
293,2016,1011.2791327735113,Kwun Tong,22.311559,114.227765,0,False,Moderate (1-2km),False,True,True
234,2016,804.7273033176439,To Kwa Wan,22.3172,114.1876,0,False,Close (500-1000m),False,True,True
264,2016,433.90657030276344,Cheung Sha Wan,22.3354,114.1563,0,False,Very Close (<500m),True,True,True
221,2016,586.0918928188424,Prince Edward,22.3245,114.1683,0,False,Close (500-1000m),True,True,True
222,2016,308.1436207382539,Mong Kok,22.321624,114.172537,0,False,Very Close (<500m),True,True,True
113,2016,305.59436625740335,Sheung Wan,22.285899,114.153707,0,False,Very Close (<500m),True,True,True
112,2016,176.26492085700735,Sai Ying Pun,22.2856,114.1427,0,False,Very Close (<500m),True,True,True
112,2016,256.44572374138824,Sai Ying Pun,22.2856,114.1427,0,False,Very Close (<500m),True,True,True
112,2016,324.08195822186764,Sai Ying Pun,22.2856,114.1427,0,False,Very Close (<500m),True,True,True
147,2016,412.9946892944288,Tin Hau,22.2827,114.1917,0,False,Very Close (<500m),True,True,True
114,2016,111.89888664609163,Sheung Wan,22.285899,114.153707,0,False,Very Close (<500m),True,True,True
839,2016,1912.6784328146794,LOHAS Park,22.2957,114.2689,0,False,Moderate (1-2km),False,False,True
151,2016,323.7316548697502,Fortress Hill,22.2881,114.1936,0,False,Very Close (<500m),True,True,True
976,2016,3428.708236821863,Disneyland Resort,22.3155,114.0451,0,False,Far (>2km),False,False,False
950,2016,600.3603511278858,Tung Chung,22.2893,113.9416,0,False,Close (500-1000m),True,True,True
113,2016,296.3781529406206,Sai Ying Pun,22.2856,114.1427,0,False,Very Close (<500m),True,True,True
151,2016,264.09479155580124,Fortress Hill,22.2881,114.1936,0,False,Very Close (<500m),True,True,True
112,2016,380.8846156945564,Sai Ying Pun,22.2856,114.1427,0,False,Very Close (<500m),True,True,True
157,2016,484.16616932759825,Sai Wan Ho,22.2816,114.2224,0,False,Very Close (<500m),True,True,True
154,2016,300.8206465742965,Quarry Bay,22.2878,114.2096,0,False,Very Close (<500m),True,True,True
116,2016,339.8904234622301,HKU,22.2841,114.1356,0,False,Very Close (<500m),True,True,True
157,2016,504.7617288697145,Tai Koo,22.2846,114.2161,0,False,Close (500-1000m),True,True,True
157,2016,389.1429257166561,Tai Koo,22.2846,114.2161,0,False,Very Close (<500m),True,True,True
280,2016,581.0948015343096,Kowloon Bay,22.3235,114.2141,0,False,Close (500-1000m),True,True,True
293,2016,1112.0608433828713,Kwun Tong,22.311559,114.227765,0,False,Moderate (1-2km),False,True,True
147,2016,298.08205780139906,Tin Hau,22.2827,114.1917,0,False,Very Close (<500m),True,True,True
114,2016,179.29465557394707,Sheung Wan,22.285899,114.153707,0,False,Very Close (<500m),True,True,True
221,2016,234.4223016928103,Prince Edward,22.3245,114.1683,0,False,Very Close (<500m),True,True,True
221,2016,193.25710773285095,Prince Edward,22.3245,114.1683,0,False,Very Close (<500m),True,True,True
294,2016,622.3945434701367,Kowloon Bay,22.3235,114.2141,0,False,Close (500-1000m),False,True,True
221,2016,626.4331541180846,Prince Edward,22.3245,114.1683,0,False,Close (500-1000m),False,True,True
232,2016,320.5848945914287,Mong Kok East,22.3222,114.1728,0,False,Very Close (<500m),True,True,True
234,2016,867.5635703537754,To Kwa Wan,22.3172,114.1876,0,False,Close (500-1000m),False,True,True
221,2016,307.40216048266115,Prince Edward,22.3245,114.1683,0,False,Very Close (<500m),True,True,True
221,2016,461.6697168740116,Prince Edward,22.3245,114.1683,0,False,Very Close (<500m),True,True,True
241,2016,395.2992901423006,Sung Wong Toi,22.326139,114.190407,0,False,Very Close (<500m),True,True,True
222,2016,225.07515827629658,Prince Edward,22.3245,114.1683,0,False,Very Close (<500m),True,True,True
112,2016,86.03534774641781,Sai Ying Pun,22.2856,114.1427,0,False,Very Close (<500m),True,True,True
161,2016,702.0837297255665,Heng Fa Chuen,22.2769,114.2398,0,False,Close (500-1000m),True,True,True
113,2016,423.0181020562321,Sheung Wan,22.285899,114.153707,0,False,Very Close (<500m),True,True,True
112,2016,149.7053586139365,Sai Ying Pun,22.2856,114.1427,0,False,Very Close (<500m),True,True,True
226,2016,358.0100558001951,Jordan,22.3049,114.1718,0,False,Very Close (<500m),True,True,True
243,2016,275.6292141739567,Ho Man Tin,22.308953,114.181612,0,False,Very Close (<500m),True,True,True
225,2016,358.5118495526893,Jordan,22.3049,114.1718,0,False,Very Close (<500m),True,True,True
297,2016,209.89620461016037,Lam Tin,22.305367,114.234261,0,False,Very Close (<500m),True,True,True
115,2016,527.4505266359117,Sai Ying Pun,22.2856,114.1427,0,False,Close (500-1000m),True,True,True
151,2016,246.69924161306201,Fortress Hill,22.2881,114.1936,0,False,Very Close (<500m),True,True,True
112,2016,590.8969006303678,HKU,22.2841,114.1356,0,False,Close (500-1000m),True,True,True
112,2016,457.6558999381115,Sai Ying Pun,22.2856,114.1427,0,False,Very Close (<500m),True,True,True
153,2016,318.5955320479269,North Point,22.2909,114.2007,0,False,Very Close (<500m),True,True,True
242,2016,611.3105217536645,Sung Wong Toi,22.326139,114.190407,0,False,Close (500-1000m),False,True,True
221,2016,449.0289617424083,Prince Edward,22.3245,114.1683,0,False,Very Close (<500m),True,True,True
280,2016,675.6070147633351,Kowloon Bay,22.3235,114.2141,0,False,Close (500-1000m),False,True,True
242,2016,591.071884204584,Sung Wong Toi,22.326139,114.190407,0,False,Close (500-1000m),False,True,True
280,2016,583.0026034092108,Kowloon Bay,22.3235,114.2141,0,False,Close (500-1000m),True,True,True
294,2016,954.8127847765749,Ngau Tau Kok,22.3154,114.2193,0,False,Close (500-1000m),False,True,True
246,2016,361.3396399375714,Sung Wong Toi,22.326139,114.190407,0,False,Very Close (<500m),True,True,True
266,2016,477.7215347449627,Sham Shui Po,22.330141,114.163247,0,False,Very Close (<500m),True,True,True
267,2016,361.71420340236574,Sham Shui Po,22.330141,114.163247,0,False,Very Close (<500m),True,True,True
267,2016,362.7421274030975,Prince Edward,22.3245,114.1683,0,False,Very Close (<500m),True,True,True
255,2016,287.3468621787593,Nam Cheong,22.32829,114.1538,0,False,Very Close (<500m),True,True,True
267,2016,369.67687671513534,Sham Shui Po,22.330141,114.163247,0,False,Very Close (<500m),True,True,True
266,2016,460.7019445414419,Nam Cheong,22.32829,114.1538,0,False,Very Close (<500m),True,True,True
246,2016,40.80427823045995,Sung Wong Toi,22.326139,114.190407,0,False,Very Close (<500m),True,True,True
951,2016,3812.1913900751383,AsiaWorld–Expo,22.321988,113.942221,0,False,Far (>2km),False,False,False
267,2016,366.8652653808517,Sham Shui Po,22.330141,114.163247,0,False,Very Close (<500m),True,True,True
271,2016,657.8551172415371,Sung Wong Toi,22.326139,114.190407,0,False,Close (500-1000m),False,True,True
350,2016,3522.261126137033,Tsing Yi,22.360206,114.107587,0,False,Far (>2km),False,False,False
267,2016,292.4599754713363,Shek Kip Mei,22.332,114.1687,0,False,Very Close (<500m),True,True,True
283,2016,611.5130102981209,Kai Tak,22.3304,114.1994,0,False,Close (500-1000m),True,True,True
271,2016,654.062468426232,Kowloon Tong,22.336809,114.177245,0,False,Close (500-1000m),False,True,True
266,2016,147.5377214421884,Sham Shui Po,22.330141,114.163247,0,False,Very Close (<500m),True,True,True
151,2016,352.6979425905506,Fortress Hill,22.2881,114.1936,0,False,Very Close (<500m),True,True,True
114,2016,222.10789625716643,Sheung Wan,22.285899,114.153707,0,False,Very Close (<500m),True,True,True
116,2016,406.2594075720802,HKU,22.2841,114.1356,0,False,Very Close (<500m),True,True,True
113,2016,541.605435652433,Sai Ying Pun,22.2856,114.1427,0,False,Close (500-1000m),False,True,True
113,2016,382.3816568985217,Sai Ying Pun,22.2856,114.1427,0,False,Very Close (<500m),True,True,True
113,2016,257.4122758839147,Sai Ying Pun,22.2856,114.1427,0,False,Very Close (<500m),True,True,True
157,2016,451.0526351067302,Tai Koo,22.2846,114.2161,0,False,Very Close (<500m),True,True,True
112,2016,217.56638337603974,Sai Ying Pun,22.2856,114.1427,0,False,Very Close (<500m),True,True,True
157,2016,340.4471929246713,Tai Koo,22.2846,114.2161,0,False,Very Close (<500m),True,True,True
112,2016,206.12387260924928,Sai Ying Pun,22.2856,114.1427,0,False,Very Close (<500m),True,True,True
288,2016,701.7879001221883,Choi Hung,22.334161,114.210289,0,False,Close (500-1000m),False,True,True
351,2016,48.58711932694413,Tsing Yi,22.360206,114.107587,1,True,Very Close (<500m),True,True,True
427,2016,2975.862357284501,Sunny Bay,22.33285,114.028222,0,False,Far (>2km),False,False,False
327,2016,604.2627303927949,Kwai Hing,22.3632,114.1312,0,False,Close (500-1000m),False,True,True
323,2016,1681.7138506524702,Tsing Yi,22.360206,114.107587,0,False,Moderate (1-2km),False,False,True
327,2016,581.8385266809224,Kwai Hing,22.3632,114.1312,0,False,Close (500-1000m),True,True,True
761,2016,1131.3968733370884,Che Kung Temple,22.3748,114.1861,0,False,Moderate (1-2km),False,True,True
326,2016,364.71685698998544,Tai Wo Hau,22.371129,114.126303,0,False,Very Close (<500m),True,True,True
761,2016,1292.8134483840126,Hin Keng,22.364,114.1708,0,False,Moderate (1-2km),False,True,True
754,2016,886.2498769437434,Hin Keng,22.364,114.1708,0,False,Close (500-1000m),True,True,True
421,2016,4245.864209527699,Tuen Mun,22.394156,113.973948,0,False,Far (>2km),False,False,False
424,2016,525.0693447193058,Tuen Mun,22.394156,113.973948,0,False,Close (500-1000m),True,True,True
424,2016,498.0530264636598,Tuen Mun,22.394156,113.973948,0,False,Very Close (<500m),True,True,True
294,2016,922.0703800609705,Kwun Tong,22.311559,114.227765,0,False,Close (500-1000m),False,True,True
221,2016,290.91883767256684,Olympic,22.3178,114.1602,0,False,Very Close (<500m),True,True,True
268,2016,703.8742610118434,Kowloon Tong,22.336809,114.177245,0,False,Close (500-1000m),False,True,True
268,2016,695.8680551021936,Kowloon Tong,22.336809,114.177245,0,False,Close (500-1000m),False,True,True
268,2016,380.4190255080697,Shek Kip Mei,22.332,114.1687,0,False,Very Close (<500m),True,True,True
271,2016,797.9033450217021,Kowloon Tong,22.336809,114.177245,0,False,Close (500-1000m),False,True,True
831,2016,1189.4213970548935,Hang Hau,22.3156,114.2644,0,False,Moderate (1-2km),False,True,True
113,2016,228.87136689014207,Sai Ying Pun,22.2856,114.1427,0,False,Very Close (<500m),True,True,True
114,2016,162.9804468682332,Sheung Wan,22.285899,114.153707,0,False,Very Close (<500m),True,True,True
157,2016,341.99576087280803,Sai Wan Ho,22.2816,114.2224,0,False,Very Close (<500m),True,True,True
112,2016,41.73443854911257,Sai Ying Pun,22.2856,114.1427,0,False,Very Close (<500m),True,True,True
157,2016,367.31725837445424,Tai Koo,22.2846,114.2161,0,False,Very Close (<500m),True,True,True
157,2016,152.60795595600672,Tai Koo,22.2846,114.2161,0,False,Very Close (<500m),True,True,True
113,2016,472.5418173869303,Sheung Wan,22.285899,114.153707,0,False,Very Close (<500m),True,True,True
112,2016,130.43535030182736,Sai Ying Pun,22.2856,114.1427,0,False,Very Close (<500m),True,True,True
112,2016,244.2852182100442,Sai Ying Pun,22.2856,114.1427,0,False,Very Close (<500m),True,True,True
112,2016,329.4336976076594,Sai Ying Pun,22.2856,114.1427,0,False,Very Close (<500m),True,True,True
113,2016,440.8388267232111,Sai Ying Pun,22.2856,114.1427,0,False,Very Close (<500m),True,True,True
831,2016,3920.0605029347284,Hang Hau,22.3156,114.2644,0,False,Far (>2km),False,False,False
254,2016,671.4008901405826,Nam Cheong,22.32829,114.1538,0,False,Close (500-1000m),False,True,True
234,2016,662.3679730896905,To Kwa Wan,22.3172,114.1876,0,False,Close (500-1000m),False,True,True
221,2016,559.4626562792799,Olympic,22.3178,114.1602,0,False,Close (500-1000m),False,True,True
221,2016,560.954953632965,Olympic,22.3178,114.1602,0,False,Close (500-1000m),False,True,True
221,2016,564.3600081286152,Olympic,22.3178,114.1602,0,False,Close (500-1000m),False,True,True
221,2016,594.8829519661772,Olympic,22.3178,114.1602,0,False,Close (500-1000m),False,True,True
242,2016,405.9199297269368,Sung Wong Toi,22.326139,114.190407,0,False,Very Close (<500m),True,True,True
222,2016,228.8179238373469,Prince Edward,22.3245,114.1683,0,False,Very Close (<500m),True,True,True
221,2016,509.6757318013595,Prince Edward,22.3245,114.1683,0,False,Close (500-1000m),True,True,True
280,2016,679.5001113339157,Kowloon Bay,22.3235,114.2141,0,False,Close (500-1000m),False,True,True
