TPU_ID,YEAR,nearest_mtr_distance,nearest_mtr_station,nearest_mtr_lat,nearest_mtr_lon,mtr_stations_count,has_mtr_station,mtr_proximity_category,within_500m_buffer,within_1000m_buffer,within_2000m_buffer
642,2001,4059.4829474052585,Lo Wu,22.5283,114.1134,0,False,Far (>2km),False,False,False
652,2001,9984.404671330254,Fanling,22.490627,114.139289,0,False,Far (>2km),False,False,False
652,2001,8985.593986991158,Fanling,22.490627,114.139289,0,False,Far (>2km),False,False,False
651,2001,6197.59793353234,Fanling,22.490627,114.139289,0,False,Far (>2km),False,False,False
641,2001,2869.0311458970623,Lo Wu,22.5283,114.1134,0,False,Far (>2km),False,False,False
743,2001,23650.278414868884,Wu Kai Sha,22.4291,114.2438,0,False,Far (>2km),False,False,False
641,2001,3365.122811841973,Lo Wu,22.5283,114.1134,0,False,Far (>2km),False,False,False
641,2001,1130.1412211670395,Lo Wu,22.5283,114.1134,0,False,Moderate (1-2km),True,True,True
653,2001,14317.798894587944,Wu Kai Sha,22.4291,114.2438,0,False,Far (>2km),False,False,False
641,2001,2462.982894019909,Lo Wu,22.5283,114.1134,0,False,Far (>2km),False,False,False
642,2001,4009.7602557184714,Lo Wu,22.5283,114.1134,0,False,Far (>2km),False,False,False
652,2001,8516.369861667234,Fanling,22.490627,114.139289,0,False,Far (>2km),False,False,False
652,2001,6744.83658773409,Fanling,22.490627,114.139289,0,False,Far (>2km),False,False,False
642,2001,4554.785593871287,Lo Wu,22.5283,114.1134,0,False,Far (>2km),False,False,False
642,2001,5346.883258820506,Lo Wu,22.5283,114.1134,0,False,Far (>2km),False,False,False
652,2001,7553.90265071488,Fanling,22.490627,114.139289,0,False,Far (>2km),False,False,False
642,2001,4093.2106777498198,Lo Wu,22.5283,114.1134,0,False,Far (>2km),False,False,False
642,2001,5412.325639871573,Sheung Shui,22.5012,114.128,0,False,Far (>2km),False,False,False
641,2001,3625.4897023320596,Lo Wu,22.5283,114.1134,0,False,Far (>2km),False,False,False
641,2001,1974.3474204436964,Lo Wu,22.5283,114.1134,0,False,Moderate (1-2km),False,False,True
641,2001,3219.547940259824,Lo Wu,22.5283,114.1134,0,False,Far (>2km),False,False,False
641,2001,3742.6967636282748,Lo Wu,22.5283,114.1134,0,False,Far (>2km),False,False,False
622,2001,2057.543323125537,Lo Wu,22.5283,114.1134,0,False,Far (>2km),False,True,True
652,2001,7117.143822776331,Fanling,22.490627,114.139289,0,False,Far (>2km),False,False,False
622,2001,424.1333846418137,Lo Wu,22.5283,114.1134,0,False,Very Close (<500m),True,True,True
641,2001,3272.369907005531,Lo Wu,22.5283,114.1134,0,False,Far (>2km),False,False,False
642,2001,6790.742270137536,Lo Wu,22.5283,114.1134,0,False,Far (>2km),False,False,False
642,2001,5970.618043250343,Lo Wu,22.5283,114.1134,0,False,Far (>2km),False,False,False
651,2001,7407.441478462996,Lo Wu,22.5283,114.1134,0,False,Far (>2km),False,False,False
651,2001,8853.431339468038,Fanling,22.490627,114.139289,0,False,Far (>2km),False,False,False
642,2001,6126.86553949304,Lo Wu,22.5283,114.1134,0,False,Far (>2km),False,False,False
652,2001,9637.403077965088,Fanling,22.490627,114.139289,0,False,Far (>2km),False,False,False
743,2001,22902.644308504652,Wu Kai Sha,22.4291,114.2438,0,False,Far (>2km),False,False,False
652,2001,8040.285807749925,Fanling,22.490627,114.139289,0,False,Far (>2km),False,False,False
743,2001,23312.925286544258,Wu Kai Sha,22.4291,114.2438,0,False,Far (>2km),False,False,False
653,2001,12713.68008668466,Wu Kai Sha,22.4291,114.2438,0,False,Far (>2km),False,False,False
642,2001,5887.735795884444,Lo Wu,22.5283,114.1134,0,False,Far (>2km),False,False,False
652,2001,10476.854771392123,Fanling,22.490627,114.139289,0,False,Far (>2km),False,False,False
642,2001,4778.500380307736,Lo Wu,22.5283,114.1134,0,False,Far (>2km),False,False,False
642,2001,5195.7818297935055,Lo Wu,22.5283,114.1134,0,False,Far (>2km),False,False,False
642,2001,6008.919121186524,Lo Wu,22.5283,114.1134,0,False,Far (>2km),False,False,False
653,2001,13834.685845098926,Wu Kai Sha,22.4291,114.2438,0,False,Far (>2km),False,False,False
653,2001,13697.83636045414,Wu Kai Sha,22.4291,114.2438,0,False,Far (>2km),False,False,False
642,2001,5002.022724021293,Lo Wu,22.5283,114.1134,0,False,Far (>2km),False,False,False
651,2001,7373.400805047346,Lo Wu,22.5283,114.1134,0,False,Far (>2km),False,False,False
652,2001,10041.484765101257,Fanling,22.490627,114.139289,0,False,Far (>2km),False,False,False
642,2001,4997.685669390067,Lo Wu,22.5283,114.1134,0,False,Far (>2km),False,False,False
743,2001,22788.577312122896,Wu Kai Sha,22.4291,114.2438,0,False,Far (>2km),False,False,False
743,2001,23092.24645821467,Wu Kai Sha,22.4291,114.2438,0,False,Far (>2km),False,False,False
652,2001,9781.717267850334,Fanling,22.490627,114.139289,0,False,Far (>2km),False,False,False
622,2001,665.6118855380811,Kwu Tung,22.50752,114.09962,0,False,Close (500-1000m),True,True,True
624,2001,1235.1254810633018,Sheung Shui,22.5012,114.128,0,False,Moderate (1-2km),False,True,True
634,2001,4953.719740129549,Fanling,22.490627,114.139289,0,False,Far (>2km),False,False,False
624,2001,1637.926838232008,Lo Wu,22.5283,114.1134,0,False,Moderate (1-2km),False,False,True
634,2001,4448.041608407732,Fanling,22.490627,114.139289,0,False,Far (>2km),False,False,False
652,2001,8933.360669600594,Fanling,22.490627,114.139289,0,False,Far (>2km),False,False,False
652,2001,8442.671426021305,Fanling,22.490627,114.139289,0,False,Far (>2km),False,False,False
653,2001,11977.982718564244,Wu Kai Sha,22.4291,114.2438,0,False,Far (>2km),False,False,False
653,2001,11870.202485379259,Wu Kai Sha,22.4291,114.2438,0,False,Far (>2km),False,False,False
652,2001,7712.082601197185,Fanling,22.490627,114.139289,0,False,Far (>2km),False,False,False
653,2001,12065.212309811723,Wu Kai Sha,22.4291,114.2438,0,False,Far (>2km),False,False,False
652,2001,7901.101941152126,Fanling,22.490627,114.139289,0,False,Far (>2km),False,False,False
652,2001,8101.2903867554905,Fanling,22.490627,114.139289,0,False,Far (>2km),False,False,False
653,2001,10140.612857854989,Fanling,22.490627,114.139289,0,False,Far (>2km),False,False,False
652,2001,8393.564881496075,Fanling,22.490627,114.139289,0,False,Far (>2km),False,False,False
641,2001,2689.273839148799,Lo Wu,22.5283,114.1134,0,False,Far (>2km),False,False,True
641,2001,1317.219701664581,Lo Wu,22.5283,114.1134,0,False,Moderate (1-2km),False,False,True
642,2001,4593.588852883723,Sheung Shui,22.5012,114.128,0,False,Far (>2km),False,False,False
652,2001,7495.9448408732205,Fanling,22.490627,114.139289,0,False,Far (>2km),False,False,False
652,2001,5730.125957552169,Fanling,22.490627,114.139289,0,False,Far (>2km),False,False,False
641,2001,3862.8633790912313,Sheung Shui,22.5012,114.128,0,False,Far (>2km),False,False,False
641,2001,117.67101127840839,Lo Wu,22.5283,114.1134,1,True,Very Close (<500m),True,True,True
641,2001,1831.7865313879172,Lo Wu,22.5283,114.1134,0,False,Moderate (1-2km),False,False,True
642,2001,4629.061542744957,Sheung Shui,22.5012,114.128,0,False,Far (>2km),False,False,False
641,2001,1455.594635684679,Lo Wu,22.5283,114.1134,0,False,Moderate (1-2km),False,False,True
652,2001,6446.824395581981,Fanling,22.490627,114.139289,0,False,Far (>2km),False,False,False
652,2001,6729.962417227191,Fanling,22.490627,114.139289,0,False,Far (>2km),False,False,False
652,2001,7114.342142168825,Fanling,22.490627,114.139289,0,False,Far (>2km),False,False,False
641,2001,807.8120819253679,Lo Wu,22.5283,114.1134,0,False,Close (500-1000m),True,True,True
641,2001,4006.3546159745197,Sheung Shui,22.5012,114.128,0,False,Far (>2km),False,False,False
652,2001,6426.071428813553,Fanling,22.490627,114.139289,0,False,Far (>2km),False,False,False
651,2001,5371.506627203456,Fanling,22.490627,114.139289,0,False,Far (>2km),False,False,False
651,2001,4939.860063869099,Fanling,22.490627,114.139289,0,False,Far (>2km),False,False,False
641,2001,3684.3769983636284,Sheung Shui,22.5012,114.128,0,False,Far (>2km),False,False,False
652,2001,7613.975818360429,Fanling,22.490627,114.139289,0,False,Far (>2km),False,False,False
652,2001,5681.440147148105,Fanling,22.490627,114.139289,0,False,Far (>2km),False,False,False
653,2001,9929.788516873587,Wu Kai Sha,22.4291,114.2438,0,False,Far (>2km),False,False,False
545,2001,991.9623269614813,Kwu Tung,22.50752,114.09962,0,False,Close (500-1000m),True,True,True
641,2001,2927.870370567162,Sheung Shui,22.5012,114.128,0,False,Far (>2km),False,False,False
641,2001,3523.667716461496,Sheung Shui,22.5012,114.128,0,False,Far (>2km),False,False,False
653,2001,10036.498940813963,Wu Kai Sha,22.4291,114.2438,0,False,Far (>2km),False,False,False
542,2001,1776.831872942152,Kwu Tung,22.50752,114.09962,0,False,Moderate (1-2km),False,True,True
634,2001,4091.5061014829716,Fanling,22.490627,114.139289,0,False,Far (>2km),False,False,False
629,2001,1702.518922816432,Lo Wu,22.5283,114.1134,0,False,Moderate (1-2km),False,False,True
629,2001,1619.4556087714197,Sheung Shui,22.5012,114.128,0,False,Moderate (1-2km),False,True,True
629,2001,1529.5958950776314,Lo Wu,22.5283,114.1134,0,False,Moderate (1-2km),False,False,True
622,2001,1340.706038522034,Lo Wu,22.5283,114.1134,0,False,Moderate (1-2km),False,True,True
651,2001,4583.882146799977,Fanling,22.490627,114.139289,0,False,Far (>2km),False,False,False
629,2001,1367.5244646494157,Lo Wu,22.5283,114.1134,0,False,Moderate (1-2km),False,False,True
653,2001,9798.673906790085,Wu Kai Sha,22.4291,114.2438,0,False,Far (>2km),False,False,False
622,2001,1332.4989615626062,Lo Wu,22.5283,114.1134,0,False,Moderate (1-2km),False,True,True
634,2001,3892.8578419262467,Fanling,22.490627,114.139289,0,False,Far (>2km),False,False,False
634,2001,4613.616939437575,Fanling,22.490627,114.139289,0,False,Far (>2km),False,False,False
542,2001,341.02698047887174,Lok Ma Chau,22.5144,114.0657,1,True,Very Close (<500m),True,True,True
634,2001,2622.3394368865984,Sheung Shui,22.5012,114.128,0,False,Far (>2km),False,False,True
634,2001,4506.091064003111,Fanling,22.490627,114.139289,0,False,Far (>2km),False,False,False
626,2001,1707.9716823905937,Lo Wu,22.5283,114.1134,0,False,Moderate (1-2km),False,False,True
634,2001,4962.227126736352,Fanling,22.490627,114.139289,0,False,Far (>2km),False,False,False
634,2001,4764.713180255422,Fanling,22.490627,114.139289,0,False,Far (>2km),False,False,False
711,2001,8938.257015676736,Wu Kai Sha,22.4291,114.2438,0,False,Far (>2km),False,False,False
545,2001,684.2084775844997,Kwu Tung,22.50752,114.09962,0,False,Close (500-1000m),True,True,True
542,2001,1363.801792082997,Lok Ma Chau,22.5144,114.0657,0,False,Moderate (1-2km),False,True,True
624,2001,813.1768544994501,Sheung Shui,22.5012,114.128,0,False,Close (500-1000m),False,True,True
624,2001,588.1332792650793,Sheung Shui,22.5012,114.128,0,False,Close (500-1000m),True,True,True
624,2001,598.245221606929,Sheung Shui,22.5012,114.128,0,False,Close (500-1000m),True,True,True
622,2001,244.84956844942235,Kwu Tung,22.50752,114.09962,0,False,Very Close (<500m),True,True,True
624,2001,544.4015857102781,Sheung Shui,22.5012,114.128,0,False,Close (500-1000m),True,True,True
634,2001,4720.91972309292,Fanling,22.490627,114.139289,0,False,Far (>2km),False,False,False
624,2001,1484.4447135710093,Sheung Shui,22.5012,114.128,0,False,Moderate (1-2km),False,False,True
634,2001,3655.0596658341515,Fanling,22.490627,114.139289,0,False,Far (>2km),False,False,False
634,2001,3876.753065154485,Fanling,22.490627,114.139289,0,False,Far (>2km),False,False,False
634,2001,3398.717651683719,Fanling,22.490627,114.139289,0,False,Far (>2km),False,False,False
634,2001,4386.924096674099,Fanling,22.490627,114.139289,0,False,Far (>2km),False,False,False
622,2001,1020.9824035015772,Kwu Tung,22.50752,114.09962,0,False,Moderate (1-2km),True,True,True
624,2001,1153.5851146927303,Sheung Shui,22.5012,114.128,0,False,Moderate (1-2km),False,True,True
624,2001,1035.0058092229033,Sheung Shui,22.5012,114.128,0,False,Moderate (1-2km),False,True,True
624,2001,1328.9141123999962,Sheung Shui,22.5012,114.128,0,False,Moderate (1-2km),False,False,True
623,2001,1181.868855169581,Kwu Tung,22.50752,114.09962,0,False,Moderate (1-2km),False,True,True
634,2001,4816.873219303379,Fanling,22.490627,114.139289,0,False,Far (>2km),False,False,False
634,2001,1950.9843759827256,Sheung Shui,22.5012,114.128,0,False,Moderate (1-2km),False,False,True
634,2001,2285.3384249259348,Sheung Shui,22.5012,114.128,0,False,Far (>2km),False,False,False
634,2001,1401.5383575521466,Sheung Shui,22.5012,114.128,0,False,Moderate (1-2km),False,True,True
624,2001,902.0453298337018,Sheung Shui,22.5012,114.128,0,False,Close (500-1000m),False,True,True
634,2001,2973.957095292141,Fanling,22.490627,114.139289,0,False,Far (>2km),False,False,False
634,2001,3309.606891297195,Fanling,22.490627,114.139289,0,False,Far (>2km),False,False,False
634,2001,2025.0456642505853,Fanling,22.490627,114.139289,0,False,Far (>2km),False,False,True
623,2001,1406.6937295880957,Sheung Shui,22.5012,114.128,0,False,Moderate (1-2km),False,False,True
624,2001,825.2035622198848,Sheung Shui,22.5012,114.128,0,False,Close (500-1000m),False,True,True
624,2001,785.5364598484557,Sheung Shui,22.5012,114.128,0,False,Close (500-1000m),False,True,True
542,2001,1510.3699671973386,Kwu Tung,22.50752,114.09962,0,False,Moderate (1-2km),False,True,True
622,2001,150.0978771015596,Kwu Tung,22.50752,114.09962,0,False,Very Close (<500m),True,True,True
653,2001,8141.238313241241,Wu Kai Sha,22.4291,114.2438,0,False,Far (>2km),False,False,False
622,2001,486.6400211650963,Kwu Tung,22.50752,114.09962,0,False,Very Close (<500m),True,True,True
634,2001,2334.2651630656064,Fanling,22.490627,114.139289,0,False,Far (>2km),False,False,False
626,2001,894.235231683888,Sheung Shui,22.5012,114.128,0,False,Close (500-1000m),False,True,True
624,2001,778.6781511067912,Sheung Shui,22.5012,114.128,0,False,Close (500-1000m),False,True,True
542,2001,1343.716779765642,Lok Ma Chau,22.5144,114.0657,0,False,Moderate (1-2km),False,True,True
622,2001,215.77297227103276,Kwu Tung,22.50752,114.09962,1,True,Very Close (<500m),True,True,True
625,2001,1563.186377165638,Sheung Shui,22.5012,114.128,0,False,Moderate (1-2km),False,False,True
624,2001,613.4280851939799,Sheung Shui,22.5012,114.128,0,False,Close (500-1000m),True,True,True
543,2001,2382.6278243259017,Kwu Tung,22.50752,114.09962,0,False,Far (>2km),False,False,True
624,2001,739.4338216496764,Sheung Shui,22.5012,114.128,0,False,Close (500-1000m),False,True,True
621,2001,1767.8378718317779,Kwu Tung,22.50752,114.09962,0,False,Moderate (1-2km),False,True,True
625,2001,1501.4569689393165,Fanling,22.490627,114.139289,0,False,Moderate (1-2km),False,False,True
624,2001,443.8695409728197,Sheung Shui,22.5012,114.128,0,False,Very Close (<500m),True,True,True
624,2001,77.92148755269245,Sheung Shui,22.5012,114.128,0,False,Very Close (<500m),True,True,True
625,2001,1177.5295518198388,Fanling,22.490627,114.139289,0,False,Moderate (1-2km),False,False,True
626,2001,838.1763678935065,Sheung Shui,22.5012,114.128,0,False,Close (500-1000m),True,True,True
621,2001,1636.2502956352796,Kwu Tung,22.50752,114.09962,0,False,Moderate (1-2km),False,False,True
625,2001,1351.7995569387635,Fanling,22.490627,114.139289,0,False,Moderate (1-2km),False,False,True
626,2001,221.4398502171468,Sheung Shui,22.5012,114.128,0,False,Very Close (<500m),True,True,True
625,2001,1272.64007206283,Fanling,22.490627,114.139289,0,False,Moderate (1-2km),False,False,True
621,2001,1621.4258925823822,Sheung Shui,22.5012,114.128,0,False,Moderate (1-2km),False,True,True
634,2001,1610.7554660208975,Fanling,22.490627,114.139289,0,False,Moderate (1-2km),False,False,True
634,2001,2723.9537769922667,Fanling,22.490627,114.139289,0,False,Far (>2km),False,False,False
622,2001,281.48373610020786,Kwu Tung,22.50752,114.09962,0,False,Very Close (<500m),True,True,True
626,2001,922.150864018196,Sheung Shui,22.5012,114.128,0,False,Close (500-1000m),False,True,True
622,2001,518.0790300477958,Kwu Tung,22.50752,114.09962,0,False,Close (500-1000m),True,True,True
624,2001,521.6166289911951,Sheung Shui,22.5012,114.128,0,False,Close (500-1000m),True,True,True
634,2001,2617.5326345670514,Fanling,22.490627,114.139289,0,False,Far (>2km),False,False,False
634,2001,1847.9720781538417,Fanling,22.490627,114.139289,0,False,Moderate (1-2km),False,False,True
624,2001,751.7445950600444,Sheung Shui,22.5012,114.128,0,False,Close (500-1000m),False,True,True
624,2001,439.908367331331,Sheung Shui,22.5012,114.128,0,False,Very Close (<500m),True,True,True
624,2001,937.4995967599875,Sheung Shui,22.5012,114.128,0,False,Close (500-1000m),False,True,True
634,2001,2371.2924895651136,Fanling,22.490627,114.139289,0,False,Far (>2km),False,False,True
624,2001,465.7374419245939,Sheung Shui,22.5012,114.128,0,False,Very Close (<500m),True,True,True
624,2001,485.6130176382749,Sheung Shui,22.5012,114.128,0,False,Very Close (<500m),True,True,True
624,2001,564.8675752036334,Sheung Shui,22.5012,114.128,0,False,Close (500-1000m),True,True,True
626,2001,925.982076254549,Sheung Shui,22.5012,114.128,0,False,Close (500-1000m),False,True,True
624,2001,402.4888078159592,Sheung Shui,22.5012,114.128,0,False,Very Close (<500m),True,True,True
624,2001,441.5709666413586,Sheung Shui,22.5012,114.128,0,False,Very Close (<500m),True,True,True
624,2001,361.8863430444389,Sheung Shui,22.5012,114.128,0,False,Very Close (<500m),True,True,True
624,2001,364.351142181008,Sheung Shui,22.5012,114.128,0,False,Very Close (<500m),True,True,True
634,2001,4930.19123003191,Fanling,22.490627,114.139289,0,False,Far (>2km),False,False,False
542,2001,1515.6660528916061,Lok Ma Chau,22.5144,114.0657,0,False,Moderate (1-2km),False,False,True
634,2001,1677.3654788163979,Fanling,22.490627,114.139289,0,False,Moderate (1-2km),False,False,True
624,2001,410.3811669861037,Sheung Shui,22.5012,114.128,0,False,Very Close (<500m),True,True,True
624,2001,358.31465791655984,Sheung Shui,22.5012,114.128,0,False,Very Close (<500m),True,True,True
626,2001,474.12874179643796,Sheung Shui,22.5012,114.128,0,False,Very Close (<500m),True,True,True
624,2001,353.59641656783674,Sheung Shui,22.5012,114.128,0,False,Very Close (<500m),True,True,True
543,2001,1373.73661951402,Kwu Tung,22.50752,114.09962,0,False,Moderate (1-2km),False,False,True
546,2001,1344.628983672422,Kwu Tung,22.50752,114.09962,0,False,Moderate (1-2km),False,True,True
624,2001,333.52169879525445,Sheung Shui,22.5012,114.128,0,False,Very Close (<500m),True,True,True
624,2001,308.3459416283142,Sheung Shui,22.5012,114.128,0,False,Very Close (<500m),True,True,True
624,2001,282.72047451525856,Sheung Shui,22.5012,114.128,0,False,Very Close (<500m),True,True,True
624,2001,280.98628055829795,Sheung Shui,22.5012,114.128,0,False,Very Close (<500m),True,True,True
627,2001,388.3141311915348,Sheung Shui,22.5012,114.128,0,False,Very Close (<500m),True,True,True
625,2001,1229.4339974127688,Sheung Shui,22.5012,114.128,0,False,Moderate (1-2km),False,False,True
634,2001,3761.2159997773992,Fanling,22.490627,114.139289,0,False,Far (>2km),False,False,False
621,2001,846.1557729254,Kwu Tung,22.50752,114.09962,0,False,Close (500-1000m),True,True,True
625,2001,1478.1088805786815,Fanling,22.490627,114.139289,0,False,Moderate (1-2km),False,False,True
625,2001,1366.8145276590894,Fanling,22.490627,114.139289,0,False,Moderate (1-2km),False,False,True
624,2001,343.7225050226272,Sheung Shui,22.5012,114.128,0,False,Very Close (<500m),True,True,True
624,2001,231.84013380733137,Sheung Shui,22.5012,114.128,0,False,Very Close (<500m),True,True,True
626,2001,196.4808047059756,Sheung Shui,22.5012,114.128,1,True,Very Close (<500m),True,True,True
625,2001,1041.2629206442662,Sheung Shui,22.5012,114.128,0,False,Moderate (1-2km),False,True,True
625,2001,868.7160561700038,Sheung Shui,22.5012,114.128,0,False,Close (500-1000m),False,True,True
626,2001,548.1111596400171,Sheung Shui,22.5012,114.128,0,False,Close (500-1000m),True,True,True
542,2001,1781.6237462571266,Lok Ma Chau,22.5144,114.0657,0,False,Moderate (1-2km),False,False,True
626,2001,378.48299222399726,Sheung Shui,22.5012,114.128,0,False,Very Close (<500m),True,True,True
625,2001,1145.108101890773,Fanling,22.490627,114.139289,0,False,Moderate (1-2km),False,True,True
624,2001,135.45817356345688,Sheung Shui,22.5012,114.128,0,False,Very Close (<500m),True,True,True
634,2001,1896.0785329072921,Fanling,22.490627,114.139289,0,False,Moderate (1-2km),False,False,True
624,2001,167.79778679382363,Sheung Shui,22.5012,114.128,0,False,Very Close (<500m),True,True,True
627,2001,766.2199191058978,Sheung Shui,22.5012,114.128,0,False,Close (500-1000m),True,True,True
625,2001,603.4861780328819,Fanling,22.490627,114.139289,0,False,Close (500-1000m),False,True,True
543,2001,2473.9072659342855,Lok Ma Chau,22.5144,114.0657,0,False,Far (>2km),False,False,False
542,2001,2016.8522176539545,Lok Ma Chau,22.5144,114.0657,0,False,Far (>2km),False,False,True
625,2001,928.158535822541,Fanling,22.490627,114.139289,0,False,Close (500-1000m),False,True,True
624,2001,361.4879217860269,Sheung Shui,22.5012,114.128,0,False,Very Close (<500m),True,True,True
542,2001,2013.0126540115689,Lok Ma Chau,22.5144,114.0657,0,False,Far (>2km),False,False,True
542,2001,1785.7795306940254,Lok Ma Chau,22.5144,114.0657,0,False,Moderate (1-2km),False,False,True
542,2001,1986.7252647615826,Lok Ma Chau,22.5144,114.0657,0,False,Moderate (1-2km),False,False,True
624,2001,485.06128932904556,Sheung Shui,22.5012,114.128,0,False,Very Close (<500m),True,True,True
634,2001,1497.5620386077926,Fanling,22.490627,114.139289,0,False,Moderate (1-2km),False,False,True
625,2001,1184.1663316783952,Fanling,22.490627,114.139289,0,False,Moderate (1-2km),False,False,True
634,2001,1624.0362366407835,Fanling,22.490627,114.139289,0,False,Moderate (1-2km),False,False,True
625,2001,1051.7636435872423,Fanling,22.490627,114.139289,0,False,Moderate (1-2km),False,True,True
624,2001,438.96048612935414,Sheung Shui,22.5012,114.128,0,False,Very Close (<500m),True,True,True
634,2001,2997.9156972233995,Fanling,22.490627,114.139289,0,False,Far (>2km),False,False,False
626,2001,233.6862743491029,Sheung Shui,22.5012,114.128,0,False,Very Close (<500m),True,True,True
625,2001,875.0509801530841,Sheung Shui,22.5012,114.128,0,False,Close (500-1000m),False,True,True
625,2001,1081.2848508756722,Fanling,22.490627,114.139289,0,False,Moderate (1-2km),False,True,True
624,2001,339.0728746962371,Sheung Shui,22.5012,114.128,0,False,Very Close (<500m),True,True,True
625,2001,1025.1389907173275,Fanling,22.490627,114.139289,0,False,Moderate (1-2km),False,True,True
625,2001,1094.179887742423,Fanling,22.490627,114.139289,0,False,Moderate (1-2km),False,False,True
625,2001,665.4706017739505,Sheung Shui,22.5012,114.128,0,False,Close (500-1000m),False,True,True
542,2001,2084.0593225499824,Lok Ma Chau,22.5144,114.0657,0,False,Far (>2km),False,False,True
625,2001,1159.166858147156,Fanling,22.490627,114.139289,0,False,Moderate (1-2km),False,True,True
627,2001,545.8050722298905,Sheung Shui,22.5012,114.128,0,False,Close (500-1000m),True,True,True
625,2001,1042.576658997573,Fanling,22.490627,114.139289,0,False,Moderate (1-2km),False,True,True
625,2001,957.1026730468973,Fanling,22.490627,114.139289,0,False,Close (500-1000m),False,True,True
634,2001,1469.7769016175146,Fanling,22.490627,114.139289,0,False,Moderate (1-2km),False,False,True
625,2001,915.7838954509259,Fanling,22.490627,114.139289,0,False,Close (500-1000m),False,True,True
625,2001,991.3571797361494,Fanling,22.490627,114.139289,0,False,Close (500-1000m),False,True,True
625,2001,1059.7714090923112,Fanling,22.490627,114.139289,0,False,Moderate (1-2km),False,False,True
625,2001,806.9443521639186,Fanling,22.490627,114.139289,0,False,Close (500-1000m),False,True,True
625,2001,1005.7555871140441,Fanling,22.490627,114.139289,0,False,Moderate (1-2km),False,True,True
625,2001,966.6490835490789,Fanling,22.490627,114.139289,0,False,Close (500-1000m),False,True,True
625,2001,1016.6667156165649,Fanling,22.490627,114.139289,0,False,Moderate (1-2km),False,True,True
625,2001,944.4240192233303,Fanling,22.490627,114.139289,0,False,Close (500-1000m),False,True,True
627,2001,434.0868629813514,Sheung Shui,22.5012,114.128,0,False,Very Close (<500m),True,True,True
625,2001,913.9217700330328,Fanling,22.490627,114.139289,0,False,Close (500-1000m),False,True,True
625,2001,941.371544367765,Fanling,22.490627,114.139289,0,False,Close (500-1000m),False,True,True
634,2001,1687.537018553653,Fanling,22.490627,114.139289,0,False,Moderate (1-2km),False,False,True
542,2001,1964.275740751008,Lok Ma Chau,22.5144,114.0657,0,False,Moderate (1-2km),False,False,True
625,2001,765.7669472829795,Fanling,22.490627,114.139289,0,False,Close (500-1000m),False,True,True
625,2001,798.1529155628558,Fanling,22.490627,114.139289,0,False,Close (500-1000m),False,True,True
625,2001,878.1400497809718,Fanling,22.490627,114.139289,0,False,Close (500-1000m),False,True,True
625,2001,919.2373422476553,Fanling,22.490627,114.139289,0,False,Close (500-1000m),False,True,True
625,2001,727.8046921613571,Fanling,22.490627,114.139289,0,False,Close (500-1000m),False,True,True
634,2001,1447.241678472383,Fanling,22.490627,114.139289,0,False,Moderate (1-2km),False,False,True
625,2001,712.0872175718137,Fanling,22.490627,114.139289,0,False,Close (500-1000m),False,True,True
625,2001,825.5776758499467,Fanling,22.490627,114.139289,0,False,Close (500-1000m),False,True,True
625,2001,821.9873510241513,Fanling,22.490627,114.139289,0,False,Close (500-1000m),False,True,True
634,2001,1126.7668115467482,Fanling,22.490627,114.139289,0,False,Moderate (1-2km),False,True,True
542,2001,2198.540780881626,Lok Ma Chau,22.5144,114.0657,0,False,Far (>2km),False,False,False
628,2001,707.8163475591078,Sheung Shui,22.5012,114.128,0,False,Close (500-1000m),False,True,True
625,2001,828.8849753095408,Fanling,22.490627,114.139289,0,False,Close (500-1000m),False,True,True
628,2001,651.7983107860368,Fanling,22.490627,114.139289,0,False,Close (500-1000m),True,True,True
632,2001,1379.669552711157,Fanling,22.490627,114.139289,0,False,Moderate (1-2km),True,True,True
628,2001,533.9805109297392,Fanling,22.490627,114.139289,0,False,Close (500-1000m),True,True,True
628,2001,430.8349157022414,Fanling,22.490627,114.139289,0,False,Very Close (<500m),True,True,True
628,2001,889.0743646946448,Fanling,22.490627,114.139289,0,False,Close (500-1000m),False,True,True
628,2001,1223.3031857902952,Fanling,22.490627,114.139289,0,False,Moderate (1-2km),False,True,True
628,2001,1135.30689773806,Fanling,22.490627,114.139289,0,False,Moderate (1-2km),False,True,True
625,2001,744.5102090850723,Fanling,22.490627,114.139289,0,False,Close (500-1000m),False,True,True
625,2001,620.5885670207557,Fanling,22.490627,114.139289,0,False,Close (500-1000m),False,True,True
625,2001,536.4793054192259,Fanling,22.490627,114.139289,0,False,Close (500-1000m),True,True,True
625,2001,567.3086379877017,Fanling,22.490627,114.139289,0,False,Close (500-1000m),True,True,True
634,2001,2591.060336216464,Fanling,22.490627,114.139289,0,False,Far (>2km),False,False,True
625,2001,616.9456837766495,Fanling,22.490627,114.139289,0,False,Close (500-1000m),False,True,True
625,2001,543.1954034200635,Fanling,22.490627,114.139289,0,False,Close (500-1000m),True,True,True
628,2001,732.8152476528957,Sheung Shui,22.5012,114.128,0,False,Close (500-1000m),False,True,True
625,2001,587.0602643390915,Fanling,22.490627,114.139289,0,False,Close (500-1000m),True,True,True
628,2001,558.6535235167676,Fanling,22.490627,114.139289,0,False,Close (500-1000m),True,True,True
625,2001,311.38798335031095,Fanling,22.490627,114.139289,0,False,Very Close (<500m),True,True,True
625,2001,421.42039391746096,Fanling,22.490627,114.139289,0,False,Very Close (<500m),True,True,True
542,2001,2305.2410515281863,Lok Ma Chau,22.5144,114.0657,0,False,Far (>2km),False,False,False
625,2001,473.18082509282476,Fanling,22.490627,114.139289,0,False,Very Close (<500m),True,True,True
621,2001,1747.7852452349669,Kwu Tung,22.50752,114.09962,0,False,Moderate (1-2km),False,False,True
628,2001,864.005971905693,Fanling,22.490627,114.139289,0,False,Close (500-1000m),False,True,True
628,2001,795.8271970759236,Sheung Shui,22.5012,114.128,0,False,Close (500-1000m),False,True,True
625,2001,406.47841272816447,Fanling,22.490627,114.139289,0,False,Very Close (<500m),True,True,True
543,2001,3213.7349213161333,Lok Ma Chau,22.5144,114.0657,0,False,Far (>2km),False,False,False
625,2001,536.228029195574,Fanling,22.490627,114.139289,0,False,Close (500-1000m),True,True,True
625,2001,333.815017883808,Fanling,22.490627,114.139289,0,False,Very Close (<500m),True,True,True
543,2001,2996.333881436313,Kwu Tung,22.50752,114.09962,0,False,Far (>2km),False,False,False
634,2001,1230.7905734774308,Fanling,22.490627,114.139289,0,False,Moderate (1-2km),False,True,True
628,2001,772.738359774358,Fanling,22.490627,114.139289,0,False,Close (500-1000m),False,True,True
625,2001,385.91311449857403,Fanling,22.490627,114.139289,0,False,Very Close (<500m),True,True,True
543,2001,2601.9786541436256,Lok Ma Chau,22.5144,114.0657,0,False,Far (>2km),False,False,False
625,2001,649.7858039407314,Fanling,22.490627,114.139289,0,False,Close (500-1000m),False,True,True
625,2001,468.76460820380015,Fanling,22.490627,114.139289,0,False,Very Close (<500m),True,True,True
625,2001,579.1473630148116,Fanling,22.490627,114.139289,0,False,Close (500-1000m),False,True,True
628,2001,666.4937020603254,Fanling,22.490627,114.139289,0,False,Close (500-1000m),False,True,True
632,2001,954.7579295908596,Sheung Shui,22.5012,114.128,0,False,Close (500-1000m),False,True,True
632,2001,1568.2100737002027,Fanling,22.490627,114.139289,0,False,Moderate (1-2km),True,True,True
542,2001,2521.1539821981737,Lok Ma Chau,22.5144,114.0657,0,False,Far (>2km),False,False,False
625,2001,284.0959288858635,Fanling,22.490627,114.139289,0,False,Very Close (<500m),True,True,True
625,2001,170.11761942833508,Fanling,22.490627,114.139289,0,False,Very Close (<500m),True,True,True
621,2001,1089.681160838498,Sheung Shui,22.5012,114.128,0,False,Moderate (1-2km),False,True,True
628,2001,337.29680957131467,Fanling,22.490627,114.139289,0,False,Very Close (<500m),True,True,True
543,2001,3024.2977629866587,Kwu Tung,22.50752,114.09962,0,False,Far (>2km),False,False,False
625,2001,527.7427671576297,Fanling,22.490627,114.139289,0,False,Close (500-1000m),True,True,True
625,2001,332.38591549921756,Fanling,22.490627,114.139289,0,False,Very Close (<500m),True,True,True
625,2001,221.96977374180366,Fanling,22.490627,114.139289,0,False,Very Close (<500m),True,True,True
628,2001,430.012276874058,Fanling,22.490627,114.139289,0,False,Very Close (<500m),True,True,True
628,2001,181.42053792432404,Fanling,22.490627,114.139289,1,True,Very Close (<500m),True,True,True
625,2001,617.4450887888305,Fanling,22.490627,114.139289,0,False,Close (500-1000m),False,True,True
543,2001,2970.660503464522,Lok Ma Chau,22.5144,114.0657,0,False,Far (>2km),False,False,False
728,2001,5070.736905288861,Wu Kai Sha,22.4291,114.2438,0,False,Far (>2km),False,False,False
621,2001,1454.0295788173946,Sheung Shui,22.5012,114.128,0,False,Moderate (1-2km),False,False,True
621,2001,2565.3410128856603,Kwu Tung,22.50752,114.09962,0,False,Far (>2km),False,False,False
625,2001,850.9056954519943,Fanling,22.490627,114.139289,0,False,Close (500-1000m),False,True,True
543,2001,3074.039861605388,Lok Ma Chau,22.5144,114.0657,0,False,Far (>2km),False,False,False
621,2001,2034.71718120837,Sheung Shui,22.5012,114.128,0,False,Far (>2km),False,False,True
728,2001,5139.582537073095,Tai Po Market,22.4446,114.1706,0,False,Far (>2km),False,False,False
544,2001,3431.7937813415006,Yuen Long,22.4461,114.0352,0,False,Far (>2km),False,False,False
628,2001,712.8089385111609,Fanling,22.490627,114.139289,0,False,Close (500-1000m),False,True,True
621,2001,3492.446973816858,Kwu Tung,22.50752,114.09962,0,False,Far (>2km),False,False,True
543,2001,3578.983200250304,Lok Ma Chau,22.5144,114.0657,0,False,Far (>2km),False,False,False
628,2001,775.9050652603605,Fanling,22.490627,114.139289,0,False,Close (500-1000m),False,True,True
621,2001,2730.082876753099,Kwu Tung,22.50752,114.09962,0,False,Far (>2km),False,False,False
628,2001,906.6127076442015,Fanling,22.490627,114.139289,0,False,Close (500-1000m),False,True,True
728,2001,6173.772559446867,Tai Po Market,22.4446,114.1706,0,False,Far (>2km),False,False,False
543,2001,3826.600368786916,Lok Ma Chau,22.5144,114.0657,0,False,Far (>2km),False,False,False
628,2001,1041.922753848742,Fanling,22.490627,114.139289,0,False,Moderate (1-2km),False,True,True
621,2001,2811.8963573847354,Sheung Shui,22.5012,114.128,0,False,Far (>2km),False,False,False
631,2001,2879.5081926688,Tai Wo,22.4511,114.1611,0,False,Far (>2km),False,False,False
742,2001,14368.618363134401,Wu Kai Sha,22.4291,114.2438,0,False,Far (>2km),False,False,False
628,2001,1019.4660332663209,Fanling,22.490627,114.139289,0,False,Moderate (1-2km),False,True,True
544,2001,4151.104268515101,Kam Sheung Road,22.4348,114.0634,0,False,Far (>2km),False,False,False
631,2001,2053.686627628809,Fanling,22.490627,114.139289,0,False,Far (>2km),False,False,True
541,2001,3031.243590937422,Yuen Long,22.4461,114.0352,0,False,Far (>2km),False,False,False
631,2001,1960.5792306439207,Fanling,22.490627,114.139289,0,False,Moderate (1-2km),False,False,True
541,2001,3697.098066699653,Yuen Long,22.4461,114.0352,0,False,Far (>2km),False,False,False
621,2001,2777.192263639426,Fanling,22.490627,114.139289,0,False,Far (>2km),False,False,False
631,2001,2294.401936960101,Fanling,22.490627,114.139289,0,False,Far (>2km),False,False,False
621,2001,3547.575984352869,Sheung Shui,22.5012,114.128,0,False,Far (>2km),False,False,False
728,2001,5612.456949870197,Wu Kai Sha,22.4291,114.2438,0,False,Far (>2km),False,False,False
544,2001,3935.269661705311,Yuen Long,22.4461,114.0352,0,False,Far (>2km),False,False,False
632,2001,2777.0743101094745,Fanling,22.490627,114.139289,0,False,Far (>2km),False,False,True
631,2001,2002.99238180497,Tai Wo,22.4511,114.1611,0,False,Far (>2km),False,False,True
728,2001,5287.834086946812,Wu Kai Sha,22.4291,114.2438,0,False,Far (>2km),False,False,False
621,2001,3357.8233283479462,Fanling,22.490627,114.139289,0,False,Far (>2km),False,False,False
728,2001,5387.422342945893,Wu Kai Sha,22.4291,114.2438,0,False,Far (>2km),False,False,False
544,2001,3775.9168670649083,Yuen Long,22.4461,114.0352,0,False,Far (>2km),False,False,False
631,2001,2592.64972188526,Fanling,22.490627,114.139289,0,False,Far (>2km),False,False,True
631,2001,2414.6802732471706,Fanling,22.490627,114.139289,0,False,Far (>2km),False,False,True
513,2001,2908.4285722491004,Tin Shui Wai,22.446803,114.003028,0,False,Far (>2km),False,False,False
722,2001,1797.7769760308856,Tai Wo,22.4511,114.1611,0,False,Moderate (1-2km),False,False,True
722,2001,2587.9578702460703,Tai Po Market,22.4446,114.1706,0,False,Far (>2km),False,False,False
516,2001,1601.861943258521,Long Ping,22.449302,114.027269,0,False,Moderate (1-2km),False,False,True
728,2001,4018.2236042147106,Tai Po Market,22.4446,114.1706,0,False,Far (>2km),False,False,False
541,2001,2921.6356380492552,Yuen Long,22.4461,114.0352,0,False,Far (>2km),False,False,False
728,2001,4893.556862884714,Wu Kai Sha,22.4291,114.2438,0,False,Far (>2km),False,False,False
728,2001,5019.823649318023,Tai Po Market,22.4446,114.1706,0,False,Far (>2km),False,False,False
728,2001,4365.830303620484,Tai Po Market,22.4446,114.1706,0,False,Far (>2km),False,False,False
728,2001,5068.802509261026,Wu Kai Sha,22.4291,114.2438,0,False,Far (>2km),False,False,False
610,2001,4243.021630203636,Fanling,22.490627,114.139289,0,False,Far (>2km),False,False,False
728,2001,4691.836346403752,Tai Po Market,22.4446,114.1706,0,False,Far (>2km),False,False,False
528,2001,2052.9847671619523,Long Ping,22.449302,114.027269,0,False,Far (>2km),False,False,True
728,2001,4519.5296610927,Tai Po Market,22.4446,114.1706,0,False,Far (>2km),False,False,False
728,2001,3846.480459176475,Tai Po Market,22.4446,114.1706,0,False,Far (>2km),False,False,False
516,2001,1871.297232967265,Long Ping,22.449302,114.027269,0,False,Moderate (1-2km),False,False,True
544,2001,2840.4094209463424,Yuen Long,22.4461,114.0352,0,False,Far (>2km),False,False,False
514,2001,2209.2315135451445,Tin Shui Wai,22.446803,114.003028,0,False,Far (>2km),False,False,True
722,2001,2421.909103689501,Tai Po Market,22.4446,114.1706,0,False,Far (>2km),False,False,True
728,2001,3982.8886782222908,Tai Po Market,22.4446,114.1706,0,False,Far (>2km),False,False,False
513,2001,3013.4751923750723,Tin Shui Wai,22.446803,114.003028,0,False,Far (>2km),False,False,False
514,2001,2418.203026387306,Tin Shui Wai,22.446803,114.003028,0,False,Far (>2km),False,False,True
742,2001,19370.83846005965,Wu Kai Sha,22.4291,114.2438,0,False,Far (>2km),False,False,False
722,2001,1809.7850449732964,Tai Wo,22.4511,114.1611,0,False,Moderate (1-2km),False,False,True
722,2001,3352.161898402942,Tai Po Market,22.4446,114.1706,0,False,Far (>2km),False,False,False
722,2001,2308.6533489373614,Tai Po Market,22.4446,114.1706,0,False,Far (>2km),False,False,True
541,2001,2830.2257005828474,Yuen Long,22.4461,114.0352,0,False,Far (>2km),False,False,False
722,2001,1424.612281977748,Tai Wo,22.4511,114.1611,0,False,Moderate (1-2km),False,False,True
528,2001,1705.8839840433036,Long Ping,22.449302,114.027269,0,False,Moderate (1-2km),False,False,True
528,2001,1414.4057295698042,Long Ping,22.449302,114.027269,0,False,Moderate (1-2km),False,True,True
532,2001,4139.2779797348285,Kam Sheung Road,22.4348,114.0634,0,False,Far (>2km),False,False,False
722,2001,2531.047760482769,Tai Po Market,22.4446,114.1706,0,False,Far (>2km),False,False,False
742,2001,19411.644355600412,Wu Kai Sha,22.4291,114.2438,0,False,Far (>2km),False,False,False
513,2001,2919.602123988794,Tin Shui Wai,22.446803,114.003028,0,False,Far (>2km),False,False,False
528,2001,1525.8360763141134,Long Ping,22.449302,114.027269,0,False,Moderate (1-2km),False,False,True
722,2001,1354.8978843396633,Tai Wo,22.4511,114.1611,0,False,Moderate (1-2km),False,False,True
514,2001,2467.174392418695,Tin Shui Wai,22.446803,114.003028,0,False,Far (>2km),False,False,False
516,2001,1890.2411587868044,Long Ping,22.449302,114.027269,0,False,Moderate (1-2km),False,False,True
724,2001,3137.694681206406,Tai Wo,22.4511,114.1611,0,False,Far (>2km),False,False,False
722,2001,924.7288321563382,Tai Wo,22.4511,114.1611,0,False,Close (500-1000m),False,True,True
511,2001,1435.2020025731613,Tin Shui Wai,22.446803,114.003028,0,False,Moderate (1-2km),False,True,True
722,2001,1728.875412612863,Tai Wo,22.4511,114.1611,0,False,Moderate (1-2km),False,False,True
722,2001,3222.1595030294093,Tai Po Market,22.4446,114.1706,0,False,Far (>2km),False,False,False
722,2001,1656.2922475936796,Tai Wo,22.4511,114.1611,0,False,Moderate (1-2km),False,False,True
526,2001,2270.865253210788,Kam Sheung Road,22.4348,114.0634,0,False,Far (>2km),False,False,True
532,2001,3035.2462392023604,Kam Sheung Road,22.4348,114.0634,0,False,Far (>2km),False,False,True
720,2001,1407.015232531472,Tai Wo,22.4511,114.1611,0,False,Moderate (1-2km),False,False,True
720,2001,1408.9680605921462,Tai Wo,22.4511,114.1611,0,False,Moderate (1-2km),False,False,True
727,2001,2457.003553342084,Tai Po Market,22.4446,114.1706,0,False,Far (>2km),False,False,False
722,2001,1611.428263895197,Tai Po Market,22.4446,114.1706,0,False,Moderate (1-2km),False,False,True
510,2001,1198.4663950935287,Tin Shui Wai,22.446803,114.003028,0,False,Moderate (1-2km),False,False,True
610,2001,4855.252107032293,Fanling,22.490627,114.139289,0,False,Far (>2km),False,False,False
722,2001,2083.1517695929892,Tai Po Market,22.4446,114.1706,0,False,Far (>2km),False,False,True
517,2001,1143.0229860322174,Long Ping,22.449302,114.027269,0,False,Moderate (1-2km),True,True,True
528,2001,1381.9159407618474,Long Ping,22.449302,114.027269,0,False,Moderate (1-2km),False,False,True
526,2001,2566.0445742741886,Kam Sheung Road,22.4348,114.0634,0,False,Far (>2km),False,False,False
724,2001,2507.9421354616193,Tai Wo,22.4511,114.1611,0,False,Far (>2km),False,False,False
722,2001,1604.37726452995,Tai Wo,22.4511,114.1611,0,False,Moderate (1-2km),False,False,True
722,2001,1211.6644563080142,Tai Wo,22.4511,114.1611,0,False,Moderate (1-2km),False,True,True
528,2001,1259.85791463184,Long Ping,22.449302,114.027269,0,False,Moderate (1-2km),False,True,True
727,2001,2639.0516741981105,Tai Po Market,22.4446,114.1706,0,False,Far (>2km),False,False,False
727,2001,2233.52328768772,Tai Po Market,22.4446,114.1706,0,False,Far (>2km),False,False,True
510,2001,1612.9689524132534,Tin Shui Wai,22.446803,114.003028,0,False,Moderate (1-2km),False,False,True
510,2001,1625.9705622245074,Tin Shui Wai,22.446803,114.003028,0,False,Moderate (1-2km),False,False,True
510,2001,1489.7505765121416,Tin Shui Wai,22.446803,114.003028,0,False,Moderate (1-2km),False,False,True
544,2001,2536.251104743624,Yuen Long,22.4461,114.0352,0,False,Far (>2km),False,False,False
510,2001,1587.7328716536274,Tin Shui Wai,22.446803,114.003028,0,False,Moderate (1-2km),False,False,True
724,2001,1726.4915590969415,Tai Wo,22.4511,114.1611,0,False,Moderate (1-2km),False,False,True
722,2001,2109.9610848883362,Tai Po Market,22.4446,114.1706,0,False,Far (>2km),False,False,False
510,2001,1757.3571175125333,Tin Shui Wai,22.446803,114.003028,0,False,Moderate (1-2km),False,False,True
528,2001,992.1403437867614,Long Ping,22.449302,114.027269,0,False,Close (500-1000m),False,True,True
724,2001,2133.0136560447218,Tai Wo,22.4511,114.1611,0,False,Far (>2km),False,False,True
510,2001,1423.2208759387688,Tin Shui Wai,22.446803,114.003028,0,False,Moderate (1-2km),False,False,True
727,2001,2300.8439411058202,Tai Po Market,22.4446,114.1706,0,False,Far (>2km),False,False,False
727,2001,2316.250942101878,Tai Po Market,22.4446,114.1706,0,False,Far (>2km),False,False,False
528,2001,1064.534110305276,Long Ping,22.449302,114.027269,0,False,Moderate (1-2km),False,True,True
517,2001,1527.2527236112162,Tin Shui Wai,22.446803,114.003028,0,False,Moderate (1-2km),False,True,True
510,2001,1392.717386179085,Tin Shui Wai,22.446803,114.003028,0,False,Moderate (1-2km),False,False,True
510,2001,1524.7035439647052,Tin Shui Wai,22.446803,114.003028,0,False,Moderate (1-2km),False,False,True
724,2001,1877.7057116443386,Tai Wo,22.4511,114.1611,0,False,Moderate (1-2km),False,False,True
724,2001,2442.0277230724223,Tai Wo,22.4511,114.1611,0,False,Far (>2km),False,False,False
528,2001,643.4782721873978,Long Ping,22.449302,114.027269,0,False,Close (500-1000m),True,True,True
511,2001,2012.3514703910084,Tin Shui Wai,22.446803,114.003028,0,False,Far (>2km),False,False,True
724,2001,1915.6915609031123,Tai Wo,22.4511,114.1611,0,False,Moderate (1-2km),False,False,True
510,2001,1055.8969224640248,Tin Shui Wai,22.446803,114.003028,0,False,Moderate (1-2km),False,True,True
510,2001,1325.6480082285088,Tin Shui Wai,22.446803,114.003028,0,False,Moderate (1-2km),False,False,True
726,2001,1214.6852388989507,Tai Po Market,22.4446,114.1706,0,False,Moderate (1-2km),False,False,True
727,2001,2364.8224897600467,Tai Po Market,22.4446,114.1706,0,False,Far (>2km),False,False,False
724,2001,1638.9118419902275,Tai Wo,22.4511,114.1611,0,False,Moderate (1-2km),False,False,True
724,2001,2042.1085734888923,Tai Wo,22.4511,114.1611,0,False,Far (>2km),False,False,True
726,2001,602.9069131013223,Tai Wo,22.4511,114.1611,0,False,Close (500-1000m),False,True,True
726,2001,733.0862121539773,Tai Wo,22.4511,114.1611,0,False,Close (500-1000m),False,True,True
726,2001,446.0580848508344,Tai Wo,22.4511,114.1611,0,False,Very Close (<500m),True,True,True
510,2001,747.7768370958388,Tin Shui Wai,22.446803,114.003028,0,False,Close (500-1000m),False,True,True
510,2001,830.7793688918382,Tin Shui Wai,22.446803,114.003028,0,False,Close (500-1000m),False,True,True
722,2001,300.0393335551703,Tai Wo,22.4511,114.1611,0,False,Very Close (<500m),True,True,True
726,2001,898.4079347062165,Tai Wo,22.4511,114.1611,0,False,Close (500-1000m),False,True,True
726,2001,769.1970121358959,Tai Wo,22.4511,114.1611,0,False,Close (500-1000m),False,True,True
510,2001,1147.103520918174,Tin Shui Wai,22.446803,114.003028,0,False,Moderate (1-2km),False,True,True
724,2001,2069.6314596450056,Tai Wo,22.4511,114.1611,0,False,Far (>2km),False,False,True
724,2001,1765.3054857977868,Tai Wo,22.4511,114.1611,0,False,Moderate (1-2km),False,False,True
510,2001,1241.719124770672,Tin Shui Wai,22.446803,114.003028,0,False,Moderate (1-2km),False,False,True
722,2001,1109.2403117395284,Tai Wo,22.4511,114.1611,0,False,Moderate (1-2km),False,False,True
727,2001,1925.7739226203064,Tai Po Market,22.4446,114.1706,0,False,Moderate (1-2km),False,False,True
525,2001,978.5532582766865,Yuen Long,22.4461,114.0352,0,False,Close (500-1000m),False,True,True
525,2001,1364.0835800112295,Yuen Long,22.4461,114.0352,0,False,Moderate (1-2km),False,False,True
525,2001,1436.0229305330392,Yuen Long,22.4461,114.0352,0,False,Moderate (1-2km),False,False,True
722,2001,854.438675177325,Tai Wo,22.4511,114.1611,0,False,Close (500-1000m),False,True,True
525,2001,1742.6045878339223,Yuen Long,22.4461,114.0352,0,False,Moderate (1-2km),False,False,True
724,2001,4082.4990946293537,Tai Wo,22.4511,114.1611,0,False,Far (>2km),False,False,False
722,2001,696.2621866671726,Tai Wo,22.4511,114.1611,0,False,Close (500-1000m),False,True,True
525,2001,718.7432958495981,Long Ping,22.449302,114.027269,0,False,Close (500-1000m),True,True,True
720,2001,719.0253454104438,Tai Wo,22.4511,114.1611,0,False,Close (500-1000m),True,True,True
722,2001,511.35080160918073,Tai Wo,22.4511,114.1611,0,False,Close (500-1000m),True,True,True
720,2001,869.0957539062825,Tai Wo,22.4511,114.1611,0,False,Close (500-1000m),True,True,True
726,2001,300.820047374946,Tai Wo,22.4511,114.1611,0,False,Very Close (<500m),True,True,True
726,2001,974.3155219772503,Tai Wo,22.4511,114.1611,0,False,Close (500-1000m),False,True,True
526,2001,2121.089945814248,Yuen Long,22.4461,114.0352,0,False,Far (>2km),False,False,True
727,2001,1884.5782736751069,Tai Po Market,22.4446,114.1706,0,False,Moderate (1-2km),False,False,True
510,2001,1032.942125568235,Tin Shui Wai,22.446803,114.003028,0,False,Moderate (1-2km),False,True,True
722,2001,480.06329712549837,Tai Wo,22.4511,114.1611,0,False,Very Close (<500m),True,True,True
510,2001,1032.0162831884945,Tin Shui Wai,22.446803,114.003028,0,False,Moderate (1-2km),False,True,True
541,2001,1006.2257567787615,Yuen Long,22.4461,114.0352,0,False,Moderate (1-2km),False,True,True
511,2001,2244.787820854195,Tin Shui Wai,22.446803,114.003028,0,False,Far (>2km),False,False,True
724,2001,2257.9332262531016,Tai Wo,22.4511,114.1611,0,False,Far (>2km),False,False,False
511,2001,1360.1649209602588,Tin Shui Wai,22.446803,114.003028,0,False,Moderate (1-2km),False,False,True
510,2001,898.2328604741592,Tin Shui Wai,22.446803,114.003028,0,False,Close (500-1000m),False,True,True
517,2001,1156.2586424944438,Tin Shui Wai,22.446803,114.003028,0,False,Moderate (1-2km),False,True,True
720,2001,999.4354215468524,Tai Wo,22.4511,114.1611,0,False,Close (500-1000m),False,True,True
726,2001,1184.6662354438536,Tai Po Market,22.4446,114.1706,0,False,Moderate (1-2km),False,False,True
724,2001,2499.6779262446585,Tai Wo,22.4511,114.1611,0,False,Far (>2km),False,False,False
510,2001,875.736727161597,Tin Shui Wai,22.446803,114.003028,0,False,Close (500-1000m),False,True,True
723,2001,551.367793745818,Tai Po Market,22.4446,114.1706,0,False,Close (500-1000m),True,True,True
723,2001,417.2803127256261,Tai Po Market,22.4446,114.1706,0,False,Very Close (<500m),True,True,True
526,2001,1831.4923134738328,Kam Sheung Road,22.4348,114.0634,0,False,Moderate (1-2km),False,False,True
726,2001,646.0295273023866,Tai Wo,22.4511,114.1611,0,False,Close (500-1000m),False,True,True
510,2001,649.5575415014988,Tin Shui Wai,22.446803,114.003028,0,False,Close (500-1000m),True,True,True
517,2001,1211.5182487597745,Long Ping,22.449302,114.027269,0,False,Moderate (1-2km),False,True,True
532,2001,3462.84743796325,Kam Sheung Road,22.4348,114.0634,0,False,Far (>2km),False,False,False
726,2001,494.599211147253,Tai Wo,22.4511,114.1611,0,False,Very Close (<500m),True,True,True
726,2001,1029.127149769446,Tai Po Market,22.4446,114.1706,0,False,Moderate (1-2km),False,True,True
726,2001,950.4205584003073,Tai Po Market,22.4446,114.1706,0,False,Close (500-1000m),False,True,True
726,2001,534.7541464603681,Tai Wo,22.4511,114.1611,0,False,Close (500-1000m),True,True,True
510,2001,500.62824951576823,Tin Shui Wai,22.446803,114.003028,0,False,Close (500-1000m),True,True,True
525,2001,1116.0608917055495,Yuen Long,22.4461,114.0352,0,False,Moderate (1-2km),False,True,True
726,2001,942.4120937036604,Tai Po Market,22.4446,114.1706,0,False,Close (500-1000m),False,True,True
727,2001,2288.5599066595923,Tai Po Market,22.4446,114.1706,0,False,Far (>2km),False,False,False
720,2001,400.3873030868212,Tai Wo,22.4511,114.1611,0,False,Very Close (<500m),True,True,True
726,2001,333.4950670475248,Tai Wo,22.4511,114.1611,0,False,Very Close (<500m),True,True,True
511,2001,1689.7489205261586,Tin Shui Wai,22.446803,114.003028,0,False,Moderate (1-2km),False,False,True
524,2001,700.4489619610164,Yuen Long,22.4461,114.0352,0,False,Close (500-1000m),False,True,True
726,2001,425.7673607968469,Tai Wo,22.4511,114.1611,0,False,Very Close (<500m),True,True,True
524,2001,418.7703748242836,Yuen Long,22.4461,114.0352,1,True,Very Close (<500m),True,True,True
532,2001,3849.544934318422,Kam Sheung Road,22.4348,114.0634,0,False,Far (>2km),False,False,False
726,2001,30.325443521446395,Tai Wo,22.4511,114.1611,1,True,Very Close (<500m),True,True,True
726,2001,899.4545787662018,Tai Po Market,22.4446,114.1706,0,False,Close (500-1000m),False,True,True
720,2001,1206.8858851879866,Tai Wo,22.4511,114.1611,0,False,Moderate (1-2km),False,False,True
726,2001,267.2555916889306,Tai Wo,22.4511,114.1611,0,False,Very Close (<500m),True,True,True
726,2001,859.5556655678984,Tai Wo,22.4511,114.1611,0,False,Close (500-1000m),False,True,True
532,2001,1944.5124681397085,Kam Sheung Road,22.4348,114.0634,0,False,Moderate (1-2km),False,False,True
512,2001,788.5179777115268,Tin Shui Wai,22.446803,114.003028,0,False,Close (500-1000m),False,True,True
726,2001,533.2880382945922,Tai Wo,22.4511,114.1611,0,False,Close (500-1000m),True,True,True
527,2001,345.10307352968647,Long Ping,22.449302,114.027269,0,False,Very Close (<500m),True,True,True
524,2001,373.48681851312585,Long Ping,22.449302,114.027269,0,False,Very Close (<500m),True,True,True
726,2001,594.2736410226818,Tai Wo,22.4511,114.1611,0,False,Close (500-1000m),False,True,True
532,2001,2918.8174744020057,Kam Sheung Road,22.4348,114.0634,0,False,Far (>2km),False,False,False
726,2001,722.5987678980543,Tai Wo,22.4511,114.1611,0,False,Close (500-1000m),False,True,True
511,2001,1126.9403167989526,Tin Shui Wai,22.446803,114.003028,0,False,Moderate (1-2km),False,False,True
726,2001,854.2985457595087,Tai Po Market,22.4446,114.1706,0,False,Close (500-1000m),False,True,True
724,2001,3071.5784890236623,Tai Wo,22.4511,114.1611,0,False,Far (>2km),False,False,False
726,2001,368.9890535029582,Tai Wo,22.4511,114.1611,0,False,Very Close (<500m),True,True,True
524,2001,553.2013326612253,Yuen Long,22.4461,114.0352,0,False,Close (500-1000m),True,True,True
726,2001,205.81394645704518,Tai Wo,22.4511,114.1611,0,False,Very Close (<500m),True,True,True
726,2001,766.8239106581161,Tai Po Market,22.4446,114.1706,0,False,Close (500-1000m),False,True,True
524,2001,395.333991329589,Long Ping,22.449302,114.027269,0,False,Very Close (<500m),True,True,True
511,2001,1124.903648871004,Tin Shui Wai,22.446803,114.003028,0,False,Moderate (1-2km),False,True,True
724,2001,2292.298710883855,Tai Wo,22.4511,114.1611,0,False,Far (>2km),False,False,False
525,2001,974.1634363975446,Yuen Long,22.4461,114.0352,0,False,Close (500-1000m),True,True,True
532,2001,4548.5081830606105,Kam Sheung Road,22.4348,114.0634,0,False,Far (>2km),False,False,False
742,2001,8386.609241896025,Wu Kai Sha,22.4291,114.2438,0,False,Far (>2km),False,False,False
515,2001,469.44734059298077,Tin Shui Wai,22.446803,114.003028,0,False,Very Close (<500m),True,True,True
532,2001,4026.840106430911,Kam Sheung Road,22.4348,114.0634,0,False,Far (>2km),False,False,False
524,2001,15.69228234985136,Long Ping,22.449302,114.027269,1,True,Very Close (<500m),True,True,True
524,2001,210.17819406202,Long Ping,22.449302,114.027269,0,False,Very Close (<500m),True,True,True
726,2001,700.1750925661662,Tai Wo,22.4511,114.1611,0,False,Close (500-1000m),True,True,True
515,2001,800.9966612756159,Tin Shui Wai,22.446803,114.003028,0,False,Close (500-1000m),True,True,True
510,2001,380.3477295112946,Tin Shui Wai,22.446803,114.003028,0,False,Very Close (<500m),True,True,True
521,2001,1447.6900913143093,Kam Sheung Road,22.4348,114.0634,0,False,Moderate (1-2km),False,True,True
723,2001,475.01971287899727,Tai Wo,22.4511,114.1611,0,False,Very Close (<500m),True,True,True
723,2001,673.3168586981421,Tai Po Market,22.4446,114.1706,0,False,Close (500-1000m),False,True,True
524,2001,274.6357651166942,Long Ping,22.449302,114.027269,0,False,Very Close (<500m),True,True,True
723,2001,637.5027722870146,Tai Po Market,22.4446,114.1706,0,False,Close (500-1000m),False,True,True
742,2001,15721.472031195932,Wu Kai Sha,22.4291,114.2438,0,False,Far (>2km),False,False,False
532,2001,2318.7864349013876,Kam Sheung Road,22.4348,114.0634,0,False,Far (>2km),False,False,True
723,2001,383.63156637761955,Tai Po Market,22.4446,114.1706,0,False,Very Close (<500m),True,True,True
742,2001,15741.809512418593,Wu Kai Sha,22.4291,114.2438,0,False,Far (>2km),False,False,False
723,2001,586.6474955174189,Tai Wo,22.4511,114.1611,0,False,Close (500-1000m),False,True,True
723,2001,326.190479377555,Tai Wo,22.4511,114.1611,0,False,Very Close (<500m),True,True,True
723,2001,626.7200652346862,Tai Wo,22.4511,114.1611,0,False,Close (500-1000m),True,True,True
510,2001,474.39085040873033,Tin Shui Wai,22.446803,114.003028,0,False,Very Close (<500m),True,True,True
510,2001,201.99002639188754,Tin Shui Wai,22.446803,114.003028,1,True,Very Close (<500m),True,True,True
511,2001,1350.4730529251133,Tin Shui Wai,22.446803,114.003028,0,False,Moderate (1-2km),False,True,True
723,2001,563.4825059555428,Tai Po Market,22.4446,114.1706,0,False,Close (500-1000m),True,True,True
723,2001,424.6034765480139,Tai Wo,22.4511,114.1611,0,False,Very Close (<500m),True,True,True
723,2001,480.543440899718,Tai Wo,22.4511,114.1611,0,False,Very Close (<500m),True,True,True
723,2001,348.9143412752918,Tai Wo,22.4511,114.1611,0,False,Very Close (<500m),True,True,True
723,2001,466.43456621693304,Tai Wo,22.4511,114.1611,0,False,Very Close (<500m),True,True,True
527,2001,738.7004356325687,Long Ping,22.449302,114.027269,0,False,Close (500-1000m),False,True,True
723,2001,398.48617526474663,Tai Wo,22.4511,114.1611,0,False,Very Close (<500m),True,True,True
524,2001,304.7305517989936,Yuen Long,22.4461,114.0352,0,False,Very Close (<500m),True,True,True
723,2001,615.6458389049859,Tai Po Market,22.4446,114.1706,0,False,Close (500-1000m),False,True,True
524,2001,110.82562622835964,Long Ping,22.449302,114.027269,0,False,Very Close (<500m),True,True,True
723,2001,579.5257464256413,Tai Wo,22.4511,114.1611,0,False,Close (500-1000m),False,True,True
724,2001,1969.0010803551695,Tai Wo,22.4511,114.1611,0,False,Moderate (1-2km),False,False,True
723,2001,493.27702821173074,Tai Wo,22.4511,114.1611,0,False,Very Close (<500m),True,True,True
720,2001,1539.1513859255174,Tai Wo,22.4511,114.1611,0,False,Moderate (1-2km),False,True,True
742,2001,15687.232475815208,Wu Kai Sha,22.4291,114.2438,0,False,Far (>2km),False,False,False
724,2001,2979.9794432694903,Tai Wo,22.4511,114.1611,0,False,Far (>2km),False,False,False
524,2001,386.9688826797118,Long Ping,22.449302,114.027269,0,False,Very Close (<500m),True,True,True
723,2001,484.86590209588394,Tai Po Market,22.4446,114.1706,0,False,Very Close (<500m),True,True,True
723,2001,345.6073016530085,Tai Wo,22.4511,114.1611,0,False,Very Close (<500m),True,True,True
723,2001,553.2998162411432,Tai Po Market,22.4446,114.1706,0,False,Close (500-1000m),False,True,True
515,2001,472.0569642228943,Tin Shui Wai,22.446803,114.003028,0,False,Very Close (<500m),True,True,True
724,2001,2659.546436922008,Tai Wo,22.4511,114.1611,0,False,Far (>2km),False,False,False
723,2001,575.5543908236889,Tai Wo,22.4511,114.1611,0,False,Close (500-1000m),False,True,True
723,2001,562.9362459095778,Tai Po Market,22.4446,114.1706,0,False,Close (500-1000m),True,True,True
723,2001,489.9200189875038,Tai Po Market,22.4446,114.1706,0,False,Very Close (<500m),True,True,True
532,2001,1525.813989011141,Kam Sheung Road,22.4348,114.0634,0,False,Moderate (1-2km),False,False,True
723,2001,400.6465198549287,Tai Wo,22.4511,114.1611,0,False,Very Close (<500m),True,True,True
512,2001,1146.61875670495,Tin Shui Wai,22.446803,114.003028,0,False,Moderate (1-2km),False,False,True
524,2001,487.1173046460069,Long Ping,22.449302,114.027269,0,False,Very Close (<500m),True,True,True
742,2001,15807.698669485217,Wu Kai Sha,22.4291,114.2438,0,False,Far (>2km),False,False,False
723,2001,473.1119762173528,Tai Po Market,22.4446,114.1706,0,False,Very Close (<500m),True,True,True
723,2001,578.8097100931274,Tai Wo,22.4511,114.1611,0,False,Close (500-1000m),False,True,True
521,2001,1409.2524307475064,Kam Sheung Road,22.4348,114.0634,0,False,Moderate (1-2km),False,False,True
723,2001,435.3102143464644,Tai Po Market,22.4446,114.1706,0,False,Very Close (<500m),True,True,True
723,2001,567.2891451652904,Tai Wo,22.4511,114.1611,0,False,Close (500-1000m),True,True,True
723,2001,466.19013435284336,Tai Po Market,22.4446,114.1706,0,False,Very Close (<500m),True,True,True
723,2001,453.0729565509778,Tai Wo,22.4511,114.1611,0,False,Very Close (<500m),True,True,True
742,2001,15782.021907305738,Wu Kai Sha,22.4291,114.2438,0,False,Far (>2km),False,False,False
724,2001,3612.0815742022023,Tai Wo,22.4511,114.1611,0,False,Far (>2km),False,False,False
524,2001,300.9590855991067,Yuen Long,22.4461,114.0352,0,False,Very Close (<500m),True,True,True
524,2001,493.70320879217417,Yuen Long,22.4461,114.0352,0,False,Very Close (<500m),True,True,True
532,2001,3611.27218350652,Kam Sheung Road,22.4348,114.0634,0,False,Far (>2km),False,False,False
723,2001,87.22382586105917,Tai Po Market,22.4446,114.1706,1,True,Very Close (<500m),True,True,True
527,2001,968.7912986704454,Long Ping,22.449302,114.027269,0,False,Close (500-1000m),False,True,True
526,2001,1433.708993855772,Yuen Long,22.4461,114.0352,0,False,Moderate (1-2km),False,False,True
511,2001,1129.9241458996623,Tin Shui Wai,22.446803,114.003028,0,False,Moderate (1-2km),False,True,True
723,2001,403.2830658040613,Tai Po Market,22.4446,114.1706,0,False,Very Close (<500m),True,True,True
527,2001,926.2095708105044,Long Ping,22.449302,114.027269,0,False,Close (500-1000m),False,True,True
527,2001,419.05388743764206,Long Ping,22.449302,114.027269,0,False,Very Close (<500m),True,True,True
723,2001,529.7716521872127,Tai Wo,22.4511,114.1611,0,False,Close (500-1000m),True,True,True
525,2001,638.5175604384023,Yuen Long,22.4461,114.0352,0,False,Close (500-1000m),False,True,True
723,2001,596.9447673775587,Tai Wo,22.4511,114.1611,0,False,Close (500-1000m),False,True,True
524,2001,276.4099220205404,Long Ping,22.449302,114.027269,0,False,Very Close (<500m),True,True,True
723,2001,580.9000640971178,Tai Wo,22.4511,114.1611,0,False,Close (500-1000m),True,True,True
723,2001,334.0395765584234,Tai Po Market,22.4446,114.1706,0,False,Very Close (<500m),True,True,True
524,2001,289.2016312379114,Long Ping,22.449302,114.027269,0,False,Very Close (<500m),True,True,True
527,2001,638.1883207017821,Long Ping,22.449302,114.027269,0,False,Close (500-1000m),False,True,True
527,2001,1063.0139087363143,Long Ping,22.449302,114.027269,0,False,Moderate (1-2km),False,True,True
524,2001,344.4115255739864,Long Ping,22.449302,114.027269,0,False,Very Close (<500m),True,True,True
524,2001,159.06489025855382,Yuen Long,22.4461,114.0352,0,False,Very Close (<500m),True,True,True
723,2001,612.8529650946568,Tai Po Market,22.4446,114.1706,0,False,Close (500-1000m),False,True,True
526,2001,927.9007582073384,Kam Sheung Road,22.4348,114.0634,0,False,Close (500-1000m),True,True,True
723,2001,521.9741424543872,Tai Po Market,22.4446,114.1706,0,False,Close (500-1000m),True,True,True
723,2001,147.38656924867044,Tai Po Market,22.4446,114.1706,0,False,Very Close (<500m),True,True,True
724,2001,3301.8625444197764,Tai Wo,22.4511,114.1611,0,False,Far (>2km),False,False,False
527,2001,820.1352687511713,Long Ping,22.449302,114.027269,0,False,Close (500-1000m),False,True,True
521,2001,1206.6878991802814,Kam Sheung Road,22.4348,114.0634,0,False,Moderate (1-2km),False,False,True
524,2001,304.6261507574581,Yuen Long,22.4461,114.0352,0,False,Very Close (<500m),True,True,True
723,2001,472.7400051535212,Tai Po Market,22.4446,114.1706,0,False,Very Close (<500m),True,True,True
521,2001,1108.4423889188156,Kam Sheung Road,22.4348,114.0634,0,False,Moderate (1-2km),False,True,True
524,2001,463.3044520658569,Long Ping,22.449302,114.027269,0,False,Very Close (<500m),True,True,True
720,2001,1104.7677738484233,Tai Wo,22.4511,114.1611,0,False,Moderate (1-2km),False,True,True
724,2001,2455.190399705075,Tai Wo,22.4511,114.1611,0,False,Far (>2km),False,False,False
723,2001,358.17990784712623,Tai Po Market,22.4446,114.1706,0,False,Very Close (<500m),True,True,True
515,2001,503.3757516587123,Tin Shui Wai,22.446803,114.003028,0,False,Close (500-1000m),True,True,True
524,2001,421.8640704028958,Yuen Long,22.4461,114.0352,0,False,Very Close (<500m),True,True,True
527,2001,553.122101375674,Long Ping,22.449302,114.027269,0,False,Close (500-1000m),True,True,True
524,2001,411.4178916407543,Long Ping,22.449302,114.027269,0,False,Very Close (<500m),True,True,True
524,2001,477.38541487054977,Long Ping,22.449302,114.027269,0,False,Very Close (<500m),True,True,True
512,2001,2001.5636129933232,Tin Shui Wai,22.446803,114.003028,0,False,Far (>2km),False,False,True
723,2001,844.1823404523429,Tai Wo,22.4511,114.1611,0,False,Close (500-1000m),False,True,True
527,2001,1074.1103746135361,Long Ping,22.449302,114.027269,0,False,Moderate (1-2km),False,True,True
521,2001,1003.078563749906,Kam Sheung Road,22.4348,114.0634,0,False,Moderate (1-2km),False,True,True
512,2001,1319.5697122506253,Tin Shui Wai,22.446803,114.003028,0,False,Moderate (1-2km),False,False,True
723,2001,306.5409330916341,Tai Po Market,22.4446,114.1706,0,False,Very Close (<500m),True,True,True
532,2001,3059.455984839599,Kam Sheung Road,22.4348,114.0634,0,False,Far (>2km),False,False,False
532,2001,1127.8234607001964,Kam Sheung Road,22.4348,114.0634,0,False,Moderate (1-2km),False,True,True
532,2001,1314.3806775197972,Kam Sheung Road,22.4348,114.0634,0,False,Moderate (1-2km),False,False,True
527,2001,1003.7908895755845,Long Ping,22.449302,114.027269,0,False,Moderate (1-2km),False,True,True
725,2001,1787.6230242233255,Tai Po Market,22.4446,114.1706,0,False,Moderate (1-2km),False,True,True
527,2001,732.9235297965167,Long Ping,22.449302,114.027269,0,False,Close (500-1000m),False,True,True
723,2001,375.5233569397541,Tai Po Market,22.4446,114.1706,0,False,Very Close (<500m),True,True,True
527,2001,651.6609309836548,Long Ping,22.449302,114.027269,0,False,Close (500-1000m),False,True,True
524,2001,618.9361269267604,Long Ping,22.449302,114.027269,0,False,Close (500-1000m),False,True,True
524,2001,614.8896765090079,Long Ping,22.449302,114.027269,0,False,Close (500-1000m),False,True,True
524,2001,490.77578429859034,Yuen Long,22.4461,114.0352,0,False,Very Close (<500m),True,True,True
524,2001,562.2143920133876,Yuen Long,22.4461,114.0352,0,False,Close (500-1000m),True,True,True
523,2001,816.9578709214192,Yuen Long,22.4461,114.0352,0,False,Close (500-1000m),True,True,True
724,2001,2860.560564921024,Tai Wo,22.4511,114.1611,0,False,Far (>2km),False,False,False
523,2001,1103.1028796400592,Yuen Long,22.4461,114.0352,0,False,Moderate (1-2km),False,True,True
521,2001,978.0274577145726,Kam Sheung Road,22.4348,114.0634,0,False,Close (500-1000m),False,True,True
724,2001,3403.566486589839,Tai Wo,22.4511,114.1611,0,False,Far (>2km),False,False,False
527,2001,1419.666111945299,Long Ping,22.449302,114.027269,0,False,Moderate (1-2km),False,False,True
532,2001,4500.289837235204,Kam Sheung Road,22.4348,114.0634,0,False,Far (>2km),False,False,False
519,2001,1964.0640409541827,Tin Shui Wai,22.446803,114.003028,0,False,Moderate (1-2km),False,True,True
532,2001,3214.5904076419883,Kam Sheung Road,22.4348,114.0634,0,False,Far (>2km),False,False,False
515,2001,593.5632102166246,Tin Shui Wai,22.446803,114.003028,0,False,Close (500-1000m),True,True,True
724,2001,4500.153276833193,Tai Wo,22.4511,114.1611,0,False,Far (>2km),False,False,False
723,2001,441.5080719446431,Tai Po Market,22.4446,114.1706,0,False,Very Close (<500m),True,True,True
524,2001,695.2028242545565,Yuen Long,22.4461,114.0352,0,False,Close (500-1000m),False,True,True
524,2001,603.2586410807681,Yuen Long,22.4461,114.0352,0,False,Close (500-1000m),True,True,True
515,2001,767.7843131625857,Tin Shui Wai,22.446803,114.003028,0,False,Close (500-1000m),False,True,True
515,2001,469.77971367890495,Tin Shui Wai,22.446803,114.003028,0,False,Very Close (<500m),True,True,True
512,2001,1204.6357062889329,Tin Shui Wai,22.446803,114.003028,0,False,Moderate (1-2km),False,True,True
527,2001,1222.2837460346138,Long Ping,22.449302,114.027269,0,False,Moderate (1-2km),False,False,True
524,2001,476.54133931917,Yuen Long,22.4461,114.0352,0,False,Very Close (<500m),True,True,True
524,2001,396.3734773432332,Yuen Long,22.4461,114.0352,0,False,Very Close (<500m),True,True,True
723,2001,631.2860299536891,Tai Po Market,22.4446,114.1706,0,False,Close (500-1000m),False,True,True
521,2001,836.0390610117837,Kam Sheung Road,22.4348,114.0634,0,False,Close (500-1000m),False,True,True
524,2001,529.5962515546955,Yuen Long,22.4461,114.0352,0,False,Close (500-1000m),True,True,True
527,2001,894.5968167989336,Long Ping,22.449302,114.027269,0,False,Close (500-1000m),False,True,True
524,2001,786.8439996896828,Long Ping,22.449302,114.027269,0,False,Close (500-1000m),False,True,True
524,2001,799.1364022625709,Long Ping,22.449302,114.027269,0,False,Close (500-1000m),False,True,True
725,2001,1151.071564896957,Tai Po Market,22.4446,114.1706,0,False,Moderate (1-2km),False,True,True
729,2001,727.9339370187352,Tai Po Market,22.4446,114.1706,0,False,Close (500-1000m),False,True,True
521,2001,774.2773455616292,Kam Sheung Road,22.4348,114.0634,0,False,Close (500-1000m),False,True,True
723,2001,886.8868571113014,Tai Po Market,22.4446,114.1706,0,False,Close (500-1000m),False,True,True
515,2001,1005.8454675189221,Tin Shui Wai,22.446803,114.003028,0,False,Moderate (1-2km),False,True,True
532,2001,3382.7758238775154,Kam Sheung Road,22.4348,114.0634,0,False,Far (>2km),False,False,False
521,2001,585.5180115324628,Kam Sheung Road,22.4348,114.0634,0,False,Close (500-1000m),True,True,True
723,2001,1072.1042469003182,Tai Po Market,22.4446,114.1706,0,False,Moderate (1-2km),False,True,True
725,2001,747.6464103979469,Tai Po Market,22.4446,114.1706,0,False,Close (500-1000m),True,True,True
725,2001,1258.2428517928718,Tai Wo,22.4511,114.1611,0,False,Moderate (1-2km),False,False,True
524,2001,868.7804452170355,Long Ping,22.449302,114.027269,0,False,Close (500-1000m),False,True,True
521,2001,632.4275072331357,Kam Sheung Road,22.4348,114.0634,0,False,Close (500-1000m),True,True,True
724,2001,4060.5067139495777,Tai Wo,22.4511,114.1611,0,False,Far (>2km),False,False,False
532,2001,1535.0009059112012,Kam Sheung Road,22.4348,114.0634,0,False,Moderate (1-2km),False,False,True
524,2001,702.5057315056395,Yuen Long,22.4461,114.0352,0,False,Close (500-1000m),False,True,True
533,2001,2606.7361354049317,Kam Sheung Road,22.4348,114.0634,0,False,Far (>2km),False,False,False
521,2001,927.1656708930698,Kam Sheung Road,22.4348,114.0634,0,False,Close (500-1000m),False,True,True
723,2001,859.5093367793917,Tai Po Market,22.4446,114.1706,0,False,Close (500-1000m),False,True,True
531,2001,1805.2202871518004,Kam Sheung Road,22.4348,114.0634,0,False,Moderate (1-2km),False,True,True
524,2001,927.0261629743776,Long Ping,22.449302,114.027269,0,False,Close (500-1000m),False,True,True
521,2001,774.9558969745266,Kam Sheung Road,22.4348,114.0634,0,False,Close (500-1000m),False,True,True
533,2001,2650.469077418895,Kam Sheung Road,22.4348,114.0634,0,False,Far (>2km),False,False,False
523,2001,1058.5423704272719,Yuen Long,22.4461,114.0352,0,False,Moderate (1-2km),False,True,True
523,2001,1604.372803925299,Yuen Long,22.4461,114.0352,0,False,Moderate (1-2km),False,False,True
728,2001,1888.2261262898155,Ma On Shan,22.4247,114.2316,0,False,Moderate (1-2km),False,False,True
724,2001,2573.287996334051,Tai Wo,22.4511,114.1611,0,False,Far (>2km),False,False,False
532,2001,3366.8839011247333,Kam Sheung Road,22.4348,114.0634,0,False,Far (>2km),False,False,False
527,2001,1377.2500454239566,Long Ping,22.449302,114.027269,0,False,Moderate (1-2km),False,True,True
725,2001,1201.2999397942751,Tai Po Market,22.4446,114.1706,0,False,Moderate (1-2km),False,True,True
533,2001,2991.8307878792803,Kam Sheung Road,22.4348,114.0634,0,False,Far (>2km),False,False,False
529,2001,1081.9983896941412,Yuen Long,22.4461,114.0352,0,False,Moderate (1-2km),False,True,True
529,2001,958.5179281740666,Yuen Long,22.4461,114.0352,0,False,Close (500-1000m),False,True,True
529,2001,725.9687559842902,Yuen Long,22.4461,114.0352,0,False,Close (500-1000m),False,True,True
724,2001,3587.0409619760276,Tai Wo,22.4511,114.1611,0,False,Far (>2km),False,False,True
519,2001,977.038299444225,Tin Shui Wai,22.446803,114.003028,0,False,Close (500-1000m),False,True,True
532,2001,3427.345875647338,Kam Sheung Road,22.4348,114.0634,0,False,Far (>2km),False,False,False
521,2001,430.50109210175907,Kam Sheung Road,22.4348,114.0634,0,False,Very Close (<500m),True,True,True
326,2001,984.5300207065266,Kwai Fong,22.3569,114.1279,0,False,Close (500-1000m),False,True,True
522,2001,3233.0223213975632,Tin Shui Wai,22.446803,114.003028,0,False,Far (>2km),False,False,False
522,2001,2313.0410625464933,Yuen Long,22.4461,114.0352,0,False,Far (>2km),False,False,False
729,2001,1609.0499940923646,University,22.413808,114.209437,0,False,Moderate (1-2km),False,False,True
725,2001,2339.2484273911914,Tai Po Market,22.4446,114.1706,0,False,Far (>2km),False,False,True
512,2001,1924.882898508364,Tin Shui Wai,22.446803,114.003028,0,False,Moderate (1-2km),False,False,True
725,2001,1112.0215170823517,Tai Po Market,22.4446,114.1706,0,False,Moderate (1-2km),False,True,True
515,2001,1238.8692426216585,Tin Shui Wai,22.446803,114.003028,0,False,Moderate (1-2km),False,True,True
529,2001,1384.9623793525323,Yuen Long,22.4461,114.0352,0,False,Moderate (1-2km),False,False,True
531,2001,777.60256584292,Kam Sheung Road,22.4348,114.0634,0,False,Close (500-1000m),True,True,True
512,2001,1493.956942565869,Tin Shui Wai,22.446803,114.003028,0,False,Moderate (1-2km),False,False,True
523,2001,1480.6641907587866,Yuen Long,22.4461,114.0352,0,False,Moderate (1-2km),False,True,True
533,2001,4743.581768944283,Kam Sheung Road,22.4348,114.0634,0,False,Far (>2km),False,False,False
519,2001,1400.6341334913038,Tin Shui Wai,22.446803,114.003028,0,False,Moderate (1-2km),False,True,True
518,2001,1845.7711701920568,Long Ping,22.449302,114.027269,0,False,Moderate (1-2km),False,False,True
742,2001,7019.688398343332,Wu Kai Sha,22.4291,114.2438,0,False,Far (>2km),False,False,False
512,2001,1729.9943206514124,Tin Shui Wai,22.446803,114.003028,0,False,Moderate (1-2km),False,False,True
531,2001,257.4026941516255,Kam Sheung Road,22.4348,114.0634,1,True,Very Close (<500m),True,True,True
512,2001,2179.385801028862,Siu Hong,22.413564,113.979115,0,False,Far (>2km),False,False,True
742,2001,7328.104657428216,Wu Kai Sha,22.4291,114.2438,0,False,Far (>2km),False,False,False
531,2001,1522.9262039452426,Kam Sheung Road,22.4348,114.0634,0,False,Moderate (1-2km),False,False,True
518,2001,1910.1203051933448,Long Ping,22.449302,114.027269,0,False,Moderate (1-2km),False,False,True
523,2001,1526.855247212916,Yuen Long,22.4461,114.0352,0,False,Moderate (1-2km),False,False,True
725,2001,1449.6411957343319,Tai Po Market,22.4446,114.1706,0,False,Moderate (1-2km),False,False,True
741,2001,6062.960177071509,Wu Kai Sha,22.4291,114.2438,0,False,Far (>2km),False,False,False
725,2001,2342.834911320468,Tai Po Market,22.4446,114.1706,0,False,Far (>2km),False,False,True
523,2001,1512.9285318541167,Yuen Long,22.4461,114.0352,0,False,Moderate (1-2km),False,False,True
523,2001,1855.696259615219,Yuen Long,22.4461,114.0352,0,False,Moderate (1-2km),False,False,True
523,2001,1715.0192956534058,Yuen Long,22.4461,114.0352,0,False,Moderate (1-2km),False,False,True
518,2001,2166.002665314682,Long Ping,22.449302,114.027269,0,False,Far (>2km),False,False,True
523,2001,1667.4554025344726,Yuen Long,22.4461,114.0352,0,False,Moderate (1-2km),False,False,True
729,2001,1884.8207247851328,Tai Po Market,22.4446,114.1706,0,False,Moderate (1-2km),False,False,True
533,2001,2819.306901350091,Kam Sheung Road,22.4348,114.0634,0,False,Far (>2km),False,False,False
531,2001,1056.3005066281503,Kam Sheung Road,22.4348,114.0634,0,False,Moderate (1-2km),False,True,True
729,2001,1776.4656264024068,University,22.413808,114.209437,0,False,Moderate (1-2km),False,False,True
519,2001,2197.27554543964,Tin Shui Wai,22.446803,114.003028,0,False,Far (>2km),False,False,True
729,2001,2429.7396753171593,University,22.413808,114.209437,0,False,Far (>2km),False,False,True
531,2001,1036.087726757436,Kam Sheung Road,22.4348,114.0634,0,False,Moderate (1-2km),False,True,True
441,2001,2207.2400353230228,Siu Hong,22.413564,113.979115,0,False,Far (>2km),False,False,True
531,2001,2343.0578872384303,Kam Sheung Road,22.4348,114.0634,0,False,Far (>2km),False,False,False
531,2001,2510.726183359749,Kam Sheung Road,22.4348,114.0634,0,False,Far (>2km),False,False,True
531,2001,760.3712301853705,Kam Sheung Road,22.4348,114.0634,0,False,Close (500-1000m),True,True,True
533,2001,4822.248339717372,Kam Sheung Road,22.4348,114.0634,0,False,Far (>2km),False,False,False
441,2001,2080.1965803091884,Siu Hong,22.413564,113.979115,0,False,Far (>2km),False,False,True
442,2001,1428.6369490174493,Siu Hong,22.413564,113.979115,0,False,Moderate (1-2km),False,True,True
742,2001,8358.036732219003,Wu Kai Sha,22.4291,114.2438,0,False,Far (>2km),False,False,False
531,2001,1866.929103825039,Kam Sheung Road,22.4348,114.0634,0,False,Moderate (1-2km),False,False,True
442,2001,1321.3688422963103,Siu Hong,22.413564,113.979115,0,False,Moderate (1-2km),False,True,True
522,2001,1976.176792947243,Yuen Long,22.4461,114.0352,0,False,Moderate (1-2km),False,False,True
522,2001,2065.490083395589,Yuen Long,22.4461,114.0352,0,False,Far (>2km),False,False,True
759,2001,863.0934863060482,Hin Keng,22.364,114.1708,0,False,Close (500-1000m),False,True,True
326,2001,626.6057262399592,Kwai Hing,22.3632,114.1312,0,False,Close (500-1000m),True,True,True
426,2001,4313.7731540855775,Tuen Mun,22.394156,113.973948,0,False,Far (>2km),False,False,False
328,2001,170.74324752787277,Kwai Hing,22.3632,114.1312,0,False,Very Close (<500m),True,True,True
531,2001,2478.132393797331,Kam Sheung Road,22.4348,114.0634,0,False,Far (>2km),False,False,False
531,2001,2082.5843669981946,Kam Sheung Road,22.4348,114.0634,0,False,Far (>2km),False,False,True
442,2001,1721.6045436770862,Siu Hong,22.413564,113.979115,0,False,Moderate (1-2km),False,False,True
757,2001,277.4002933033972,Ma On Shan,22.4247,114.2316,0,False,Very Close (<500m),True,True,True
751,2001,2057.261703551887,University,22.413808,114.209437,0,False,Far (>2km),False,False,True
742,2001,8064.98809106387,Wu Kai Sha,22.4291,114.2438,0,False,Far (>2km),False,False,False
327,2001,921.8342193098248,Lai King,22.3484,114.1261,0,False,Close (500-1000m),False,True,True
328,2001,480.5958162249206,Lai King,22.3484,114.1261,0,False,Very Close (<500m),True,True,True
820,2001,3149.103315679829,Choi Hung,22.334161,114.210289,0,False,Far (>2km),False,False,False
820,2001,3358.2948688102624,Choi Hung,22.334161,114.210289,0,False,Far (>2km),False,False,False
281,2001,1228.2225668498966,Diamond Hill,22.339189,114.202382,0,False,Moderate (1-2km),False,False,True
328,2001,624.7623949666589,Lai King,22.3484,114.1261,0,False,Close (500-1000m),False,True,True
820,2001,3147.6162345183297,Choi Hung,22.334161,114.210289,0,False,Far (>2km),False,False,False
281,2001,1102.2424947234147,Wong Tai Sin,22.341839,114.192124,0,False,Moderate (1-2km),False,True,True
281,2001,960.4978633316937,Wong Tai Sin,22.341839,114.192124,0,False,Close (500-1000m),False,True,True
282,2001,952.6804293840687,Wong Tai Sin,22.341839,114.192124,0,False,Close (500-1000m),False,True,True
281,2001,1149.0096906694866,Diamond Hill,22.339189,114.202382,0,False,Moderate (1-2km),False,False,True
262,2001,643.6183641871979,Cheung Sha Wan,22.3354,114.1563,0,False,Close (500-1000m),True,True,True
423,2001,1144.48849430779,Tuen Mun,22.394156,113.973948,0,False,Moderate (1-2km),False,True,True
753,2001,302.61716472392783,Racecourse,22.400476,114.202899,0,False,Very Close (<500m),True,True,True
753,2001,1423.9976181069628,Fo Tan,22.3953,114.1982,0,False,Moderate (1-2km),False,True,True
762,2001,2441.918865965302,Tai Shui Hang,22.4088,114.223,0,False,Far (>2km),False,True,True
328,2001,109.56246715524249,Lai King,22.3484,114.1261,1,True,Very Close (<500m),True,True,True
268,2001,734.3732477498045,Kowloon Tong,22.336809,114.177245,0,False,Close (500-1000m),True,True,True
328,2001,820.8211177521761,Lai King,22.3484,114.1261,0,False,Close (500-1000m),False,True,True
350,2001,1278.9434852220131,Tsing Yi,22.360206,114.107587,0,False,Moderate (1-2km),False,False,True
425,2001,1328.9545409430818,Tuen Mun,22.394156,113.973948,0,False,Moderate (1-2km),False,True,True
754,2001,564.379911883041,Sha Tin,22.3825,114.1875,0,False,Close (500-1000m),True,True,True
756,2001,1229.3954312410247,Shek Mun,22.3877,114.2083,0,False,Moderate (1-2km),False,False,True
755,2001,189.06830390606035,Sha Tin Wai,22.3771,114.195,0,False,Very Close (<500m),True,True,True
759,2001,341.2461877488905,Che Kung Temple,22.3748,114.1861,0,False,Very Close (<500m),True,True,True
754,2001,980.8280603411807,Hin Keng,22.364,114.1708,0,False,Close (500-1000m),False,True,True
754,2001,103.88938811263704,Tai Wai,22.3731,114.1786,0,False,Very Close (<500m),True,True,True
324,2001,202.0051926926574,Tsuen Wan station,22.373698,114.117726,0,False,Very Close (<500m),True,True,True
326,2001,300.3528139144011,Kwai Hing,22.3632,114.1312,0,False,Very Close (<500m),True,True,True
335,2001,4474.177707758484,Sunny Bay,22.33285,114.028222,0,False,Far (>2km),False,False,False
426,2001,4295.881174344853,Sunny Bay,22.33285,114.028222,0,False,Far (>2km),False,False,False
822,2001,5258.795995195278,Wu Kai Sha,22.4291,114.2438,0,False,Far (>2km),False,False,False
351,2001,687.8852442482204,Tsing Yi,22.360206,114.107587,0,False,Close (500-1000m),True,True,True
326,2001,352.9303553645503,Kwai Fong,22.3569,114.1279,0,False,Very Close (<500m),True,True,True
759,2001,617.7786459399076,Hin Keng,22.364,114.1708,0,False,Close (500-1000m),False,True,True
327,2001,604.2629315934084,Kwai Hing,22.3632,114.1312,0,False,Close (500-1000m),False,True,True
281,2001,858.9421785048717,Wong Tai Sin,22.341839,114.192124,0,False,Close (500-1000m),False,True,True
328,2001,109.8935931139598,Lai King,22.3484,114.1261,0,False,Very Close (<500m),True,True,True
327,2001,704.0950144549519,Kwai Hing,22.3632,114.1312,0,False,Close (500-1000m),True,True,True
326,2001,1015.8324013068791,Kwai Fong,22.3569,114.1279,0,False,Moderate (1-2km),False,True,True
327,2001,872.9851045140617,Kwai Hing,22.3632,114.1312,0,False,Close (500-1000m),False,True,True
426,2001,4239.234868960776,Sunny Bay,22.33285,114.028222,0,False,Far (>2km),False,False,False
326,2001,421.85238656742064,Kwai Fong,22.3569,114.1279,0,False,Very Close (<500m),True,True,True
759,2001,658.8517617751058,Hin Keng,22.364,114.1708,0,False,Close (500-1000m),False,True,True
351,2001,463.4985830673951,Tsing Yi,22.360206,114.107587,0,False,Very Close (<500m),True,True,True
759,2001,527.0349950611974,Hin Keng,22.364,114.1708,0,False,Close (500-1000m),True,True,True
326,2001,85.85950380726182,Kwai Fong,22.3569,114.1279,1,True,Very Close (<500m),True,True,True
351,2001,306.5658648310482,Tsing Yi,22.360206,114.107587,0,False,Very Close (<500m),True,True,True
351,2001,1238.9505744328812,Tsing Yi,22.360206,114.107587,0,False,Moderate (1-2km),False,True,True
328,2001,480.57088986102536,Lai King,22.3484,114.1261,0,False,Very Close (<500m),True,True,True
328,2001,339.56141951027786,Kwai Fong,22.3569,114.1279,0,False,Very Close (<500m),True,True,True
820,2001,3782.8523001028766,Choi Hung,22.334161,114.210289,0,False,Far (>2km),False,False,False
326,2001,343.6647286738209,Kwai Fong,22.3569,114.1279,0,False,Very Close (<500m),True,True,True
426,2001,4384.296333467785,Sunny Bay,22.33285,114.028222,0,False,Far (>2km),False,False,False
761,2001,975.9541545053161,Hin Keng,22.364,114.1708,0,False,Close (500-1000m),False,True,True
328,2001,422.5302595153294,Kwai Fong,22.3569,114.1279,0,False,Very Close (<500m),True,True,True
328,2001,492.94179359112445,Kwai Fong,22.3569,114.1279,0,False,Very Close (<500m),True,True,True
351,2001,929.8559671835325,Tsing Yi,22.360206,114.107587,0,False,Close (500-1000m),False,True,True
351,2001,1318.4044501015012,Tsing Yi,22.360206,114.107587,0,False,Moderate (1-2km),False,False,True
327,2001,1416.2734948423752,Kwai Fong,22.3569,114.1279,0,False,Moderate (1-2km),False,True,True
326,2001,124.5690882798693,Kwai Fong,22.3569,114.1279,0,False,Very Close (<500m),True,True,True
326,2001,533.2382126188853,Kwai Fong,22.3569,114.1279,0,False,Close (500-1000m),True,True,True
350,2001,372.13970077434647,Tsing Yi,22.360206,114.107587,0,False,Very Close (<500m),True,True,True
351,2001,1085.4289744860214,Tsing Yi,22.360206,114.107587,0,False,Moderate (1-2km),False,True,True
350,2001,813.6851424885698,Tsing Yi,22.360206,114.107587,0,False,Close (500-1000m),False,True,True
326,2001,136.70801540589108,Kwai Fong,22.3569,114.1279,0,False,Very Close (<500m),True,True,True
350,2001,562.6294428980992,Tsing Yi,22.360206,114.107587,0,False,Close (500-1000m),True,True,True
350,2001,666.5233696257211,Tsing Yi,22.360206,114.107587,0,False,Close (500-1000m),False,True,True
327,2001,1038.9434742050119,Kwai Fong,22.3569,114.1279,0,False,Moderate (1-2km),False,True,True
326,2001,343.44993749478317,Kwai Fong,22.3569,114.1279,0,False,Very Close (<500m),True,True,True
351,2001,1603.8136110783796,Tsing Yi,22.360206,114.107587,0,False,Moderate (1-2km),False,False,True
271,2001,476.2059779887502,Kowloon Tong,22.336809,114.177245,0,False,Very Close (<500m),True,True,True
292,2001,1260.0654240323415,Kowloon Bay,22.3235,114.2141,0,False,Moderate (1-2km),False,False,True
265,2001,475.77275312649164,Sham Shui Po,22.330141,114.163247,0,False,Very Close (<500m),True,True,True
264,2001,513.0571969280138,Nam Cheong,22.32829,114.1538,0,False,Close (500-1000m),True,True,True
266,2001,252.77178837587846,Sham Shui Po,22.330141,114.163247,0,False,Very Close (<500m),True,True,True
265,2001,357.64646982640437,Sham Shui Po,22.330141,114.163247,0,False,Very Close (<500m),True,True,True
263,2001,184.0675120851718,Shek Kip Mei,22.332,114.1687,0,False,Very Close (<500m),True,True,True
268,2001,382.3514726046288,Shek Kip Mei,22.332,114.1687,0,False,Very Close (<500m),True,True,True
271,2001,589.7470937794428,Kowloon Tong,22.336809,114.177245,0,False,Close (500-1000m),True,True,True
350,2001,477.13105452016134,Tsing Yi,22.360206,114.107587,0,False,Very Close (<500m),True,True,True
320,2001,1023.6569873731971,Lai King,22.3484,114.1261,0,False,Moderate (1-2km),True,True,True
831,2001,2544.0271733797795,Po Lam,22.3224,114.258,0,False,Far (>2km),False,False,False
281,2001,530.4152404642875,Wong Tai Sin,22.341839,114.192124,0,False,Close (500-1000m),True,True,True
272,2001,680.4347357893625,Lok Fu,22.338,114.1871,0,False,Close (500-1000m),False,True,True
281,2001,391.1426522191684,Diamond Hill,22.339189,114.202382,0,False,Very Close (<500m),True,True,True
271,2001,506.5241050521481,Kowloon Tong,22.336809,114.177245,0,False,Close (500-1000m),True,True,True
282,2001,478.04138714015323,Lok Fu,22.338,114.1871,0,False,Very Close (<500m),True,True,True
328,2001,945.6803942665972,Mei Foo,22.336907,114.140573,0,False,Close (500-1000m),False,True,True
261,2001,755.49313935364,Cheung Sha Wan,22.3354,114.1563,0,False,Close (500-1000m),False,True,True
262,2001,716.8715917435518,Cheung Sha Wan,22.3354,114.1563,0,False,Close (500-1000m),False,True,True
288,2001,790.4885517423015,Diamond Hill,22.339189,114.202382,0,False,Close (500-1000m),False,True,True
272,2001,666.6565305809333,Lok Fu,22.338,114.1871,0,False,Close (500-1000m),False,True,True
282,2001,388.5036194660452,Lok Fu,22.338,114.1871,0,False,Very Close (<500m),True,True,True
351,2001,2702.0323621726016,Tsing Yi,22.360206,114.107587,0,False,Far (>2km),False,False,False
281,2001,173.53047812545373,Diamond Hill,22.339189,114.202382,0,False,Very Close (<500m),True,True,True
282,2001,330.3470431390772,Wong Tai Sin,22.341839,114.192124,0,False,Very Close (<500m),True,True,True
272,2001,471.5938288198718,Kowloon Tong,22.336809,114.177245,0,False,Very Close (<500m),True,True,True
288,2001,709.4425076128684,Choi Hung,22.334161,114.210289,0,False,Close (500-1000m),False,True,True
351,2001,2365.439419702322,Tsing Yi,22.360206,114.107587,0,False,Far (>2km),False,False,False
281,2001,555.0993195324595,Wong Tai Sin,22.341839,114.192124,0,False,Close (500-1000m),True,True,True
328,2001,896.9809620374009,Mei Foo,22.336907,114.140573,0,False,Close (500-1000m),False,True,True
282,2001,287.17026821058573,Wong Tai Sin,22.341839,114.192124,0,False,Very Close (<500m),True,True,True
263,2001,473.2595479179592,Shek Kip Mei,22.332,114.1687,0,False,Very Close (<500m),True,True,True
262,2001,536.8510911892132,Cheung Sha Wan,22.3354,114.1563,0,False,Close (500-1000m),True,True,True
284,2001,537.0428055711626,Diamond Hill,22.339189,114.202382,0,False,Close (500-1000m),True,True,True
264,2001,170.95910924033615,Cheung Sha Wan,22.3354,114.1563,0,False,Very Close (<500m),True,True,True
271,2001,92.65990116122853,Kowloon Tong,22.336809,114.177245,1,True,Very Close (<500m),True,True,True
268,2001,958.0911135770363,Shek Kip Mei,22.332,114.1687,0,False,Close (500-1000m),False,True,True
263,2001,837.1933410181337,Shek Kip Mei,22.332,114.1687,0,False,Close (500-1000m),True,True,True
263,2001,888.7088621170944,Cheung Sha Wan,22.3354,114.1563,0,False,Close (500-1000m),False,True,True
272,2001,573.7507437031129,Kowloon Tong,22.336809,114.177245,0,False,Close (500-1000m),True,True,True
283,2001,221.70633954718573,Wong Tai Sin,22.341839,114.192124,0,False,Very Close (<500m),True,True,True
324,2001,730.8853027856479,Tsuen Wan West,22.36755,114.11098,0,False,Close (500-1000m),True,True,True
755,2001,511.94802073726555,Che Kung Temple,22.3748,114.1861,0,False,Close (500-1000m),True,True,True
324,2001,438.52657665113213,Tsuen Wan station,22.373698,114.117726,0,False,Very Close (<500m),True,True,True
260,2001,448.2709257213373,Mei Foo,22.336907,114.140573,0,False,Very Close (<500m),True,True,True
283,2001,255.1425258827025,Wong Tai Sin,22.341839,114.192124,0,False,Very Close (<500m),True,True,True
262,2001,647.2846910459222,Cheung Sha Wan,22.3354,114.1563,0,False,Close (500-1000m),False,True,True
425,2001,1138.5650879634297,Tuen Mun,22.394156,113.973948,0,False,Moderate (1-2km),False,True,True
811,2001,6827.192815649237,Wu Kai Sha,22.4291,114.2438,0,False,Far (>2km),False,False,False
425,2001,1048.31357526279,Tuen Mun,22.394156,113.973948,0,False,Moderate (1-2km),False,True,True
260,2001,199.07527901493805,Mei Foo,22.336907,114.140573,0,False,Very Close (<500m),True,True,True
283,2001,220.99660051342906,Wong Tai Sin,22.341839,114.192124,0,False,Very Close (<500m),True,True,True
351,2001,2847.152787153231,Tsing Yi,22.360206,114.107587,0,False,Far (>2km),False,False,False
261,2001,486.28762897711266,Lai Chi Kok,22.3373,114.1482,0,False,Very Close (<500m),True,True,True
261,2001,623.2800415612451,Cheung Sha Wan,22.3354,114.1563,0,False,Close (500-1000m),False,True,True
324,2001,221.92416649224072,Tsuen Wan,22.3736,114.1178,2,True,Very Close (<500m),True,True,True
261,2001,511.2566039508335,Lai Chi Kok,22.3373,114.1482,0,False,Close (500-1000m),True,True,True
260,2001,627.8665500728414,Mei Foo,22.336907,114.140573,0,False,Close (500-1000m),False,True,True
272,2001,488.0019921761117,Kowloon Tong,22.336809,114.177245,0,False,Very Close (<500m),True,True,True
282,2001,642.6444891830623,Wong Tai Sin,22.341839,114.192124,0,False,Close (500-1000m),True,True,True
281,2001,697.4680602359632,Diamond Hill,22.339189,114.202382,0,False,Close (500-1000m),False,True,True
281,2001,595.3103511659851,Diamond Hill,22.339189,114.202382,0,False,Close (500-1000m),True,True,True
328,2001,571.9900161003576,Lai King,22.3484,114.1261,0,False,Close (500-1000m),True,True,True
281,2001,440.87511845597305,Diamond Hill,22.339189,114.202382,0,False,Very Close (<500m),True,True,True
328,2001,547.7221138000866,Mei Foo,22.336907,114.140573,0,False,Close (500-1000m),True,True,True
281,2001,281.86251913033135,Wong Tai Sin,22.341839,114.192124,0,False,Very Close (<500m),True,True,True
350,2001,1788.200322171621,Tsing Yi,22.360206,114.107587,0,False,Moderate (1-2km),False,False,True
281,2001,556.089849067546,Wong Tai Sin,22.341839,114.192124,0,False,Close (500-1000m),True,True,True
282,2001,447.1492507541998,Wong Tai Sin,22.341839,114.192124,0,False,Very Close (<500m),True,True,True
263,2001,1071.56230762753,Kowloon Tong,22.336809,114.177245,0,False,Moderate (1-2km),False,True,True
261,2001,258.89956068063697,Lai Chi Kok,22.3373,114.1482,0,False,Very Close (<500m),True,True,True
820,2001,3736.374249159759,Po Lam,22.3224,114.258,0,False,Far (>2km),False,False,False
350,2001,822.4580285611967,Tsing Yi,22.360206,114.107587,0,False,Close (500-1000m),False,True,True
831,2001,2089.696490675171,Choi Hung,22.334161,114.210289,0,False,Far (>2km),False,False,True
272,2001,656.5682543507485,Kowloon Tong,22.336809,114.177245,0,False,Close (500-1000m),False,True,True
281,2001,739.4801963484374,Wong Tai Sin,22.341839,114.192124,0,False,Close (500-1000m),False,True,True
328,2001,912.9999714783072,Mei Foo,22.336907,114.140573,0,False,Close (500-1000m),False,True,True
281,2001,458.3372938356601,Wong Tai Sin,22.341839,114.192124,0,False,Very Close (<500m),True,True,True
271,2001,738.7955434657554,Kowloon Tong,22.336809,114.177245,0,False,Close (500-1000m),False,True,True
281,2001,126.61908964276923,Wong Tai Sin,22.341839,114.192124,1,True,Very Close (<500m),True,True,True
272,2001,586.55395155773,Lok Fu,22.338,114.1871,0,False,Close (500-1000m),True,True,True
350,2001,2029.1441288799883,Tsing Yi,22.360206,114.107587,0,False,Far (>2km),False,False,True
328,2001,733.3251781749152,Mei Foo,22.336907,114.140573,0,False,Close (500-1000m),False,True,True
281,2001,494.8543830046702,Wong Tai Sin,22.341839,114.192124,0,False,Very Close (<500m),True,True,True
281,2001,206.31501218069897,Wong Tai Sin,22.341839,114.192124,0,False,Very Close (<500m),True,True,True
288,2001,509.57616388842507,Diamond Hill,22.339189,114.202382,0,False,Close (500-1000m),True,True,True
271,2001,579.7294875103779,Kowloon Tong,22.336809,114.177245,0,False,Close (500-1000m),True,True,True
351,2001,2513.405989627005,Tsing Yi,22.360206,114.107587,0,False,Far (>2km),False,False,False
272,2001,671.0690535103261,Kowloon Tong,22.336809,114.177245,0,False,Close (500-1000m),False,True,True
264,2001,382.56960574736917,Lai Chi Kok,22.3373,114.1482,0,False,Very Close (<500m),True,True,True
264,2001,213.66917311353635,Lai Chi Kok,22.3373,114.1482,0,False,Very Close (<500m),True,True,True
281,2001,515.3776273148397,Wong Tai Sin,22.341839,114.192124,0,False,Close (500-1000m),True,True,True
288,2001,776.0050094338927,Diamond Hill,22.339189,114.202382,0,False,Close (500-1000m),False,True,True
272,2001,319.23305863489514,Kowloon Tong,22.336809,114.177245,0,False,Very Close (<500m),True,True,True
264,2001,164.2135746485589,Lai Chi Kok,22.3373,114.1482,0,False,Very Close (<500m),True,True,True
284,2001,734.0804029358117,Wong Tai Sin,22.341839,114.192124,0,False,Close (500-1000m),False,True,True
264,2001,160.1602646958592,Lai Chi Kok,22.3373,114.1482,0,False,Very Close (<500m),True,True,True
260,2001,469.04672024654667,Mei Foo,22.336907,114.140573,0,False,Very Close (<500m),True,True,True
264,2001,479.60043350699937,Cheung Sha Wan,22.3354,114.1563,0,False,Very Close (<500m),True,True,True
264,2001,304.0185970098596,Cheung Sha Wan,22.3354,114.1563,0,False,Very Close (<500m),True,True,True
284,2001,524.7066510694286,Diamond Hill,22.339189,114.202382,0,False,Close (500-1000m),True,True,True
272,2001,809.0921905105627,Lok Fu,22.338,114.1871,0,False,Close (500-1000m),False,True,True
283,2001,625.9104588586855,Lok Fu,22.338,114.1871,0,False,Close (500-1000m),False,True,True
272,2001,529.9193638683255,Kowloon Tong,22.336809,114.177245,0,False,Close (500-1000m),True,True,True
264,2001,276.72354731663523,Cheung Sha Wan,22.3354,114.1563,0,False,Very Close (<500m),True,True,True
264,2001,355.06766847350156,Cheung Sha Wan,22.3354,114.1563,0,False,Very Close (<500m),True,True,True
261,2001,209.81028803805256,Lai Chi Kok,22.3373,114.1482,0,False,Very Close (<500m),True,True,True
260,2001,221.6861700610135,Mei Foo,22.336907,114.140573,0,False,Very Close (<500m),True,True,True
261,2001,381.51163895944734,Lai Chi Kok,22.3373,114.1482,0,False,Very Close (<500m),True,True,True
261,2001,558.4961415803333,Cheung Sha Wan,22.3354,114.1563,0,False,Close (500-1000m),True,True,True
261,2001,282.705201986876,Lai Chi Kok,22.3373,114.1482,0,False,Very Close (<500m),True,True,True
268,2001,312.9250939857954,Kowloon Tong,22.336809,114.177245,0,False,Very Close (<500m),True,True,True
271,2001,301.1328801750676,Kowloon Tong,22.336809,114.177245,0,False,Very Close (<500m),True,True,True
264,2001,456.80231041150614,Cheung Sha Wan,22.3354,114.1563,0,False,Very Close (<500m),True,True,True
263,2001,798.1014489721481,Shek Kip Mei,22.332,114.1687,0,False,Close (500-1000m),False,True,True
264,2001,479.2113795578186,Cheung Sha Wan,22.3354,114.1563,0,False,Very Close (<500m),True,True,True
281,2001,524.3685729379623,Wong Tai Sin,22.341839,114.192124,0,False,Close (500-1000m),True,True,True
261,2001,522.6573481476421,Lai Chi Kok,22.3373,114.1482,0,False,Close (500-1000m),True,True,True
831,2001,1446.4394731828895,Po Lam,22.3224,114.258,0,False,Moderate (1-2km),False,False,True
282,2001,190.78139822374513,Lok Fu,22.338,114.1871,0,False,Very Close (<500m),True,True,True
282,2001,195.26601737936522,Lok Fu,22.338,114.1871,0,False,Very Close (<500m),True,True,True
262,2001,603.6832358292781,Cheung Sha Wan,22.3354,114.1563,0,False,Close (500-1000m),True,True,True
271,2001,80.45096332550573,Kowloon Tong,22.336809,114.177245,0,False,Very Close (<500m),True,True,True
264,2001,235.58672414397034,Cheung Sha Wan,22.3354,114.1563,0,False,Very Close (<500m),True,True,True
260,2001,480.5930924037378,Mei Foo,22.336907,114.140573,0,False,Very Close (<500m),True,True,True
260,2001,324.5286370979096,Mei Foo,22.336907,114.140573,0,False,Very Close (<500m),True,True,True
284,2001,428.39447387938685,Diamond Hill,22.339189,114.202382,0,False,Very Close (<500m),True,True,True
287,2001,450.5497297481624,Choi Hung,22.334161,114.210289,0,False,Very Close (<500m),True,True,True
264,2001,53.99948357657988,Lai Chi Kok,22.3373,114.1482,1,True,Very Close (<500m),True,True,True
281,2001,1008.9625433640334,Diamond Hill,22.339189,114.202382,0,False,Moderate (1-2km),False,True,True
284,2001,577.696996522833,Kai Tak,22.3304,114.1994,0,False,Close (500-1000m),True,True,True
283,2001,315.2834062248302,Lok Fu,22.338,114.1871,0,False,Very Close (<500m),True,True,True
268,2001,383.4839746056302,Kowloon Tong,22.336809,114.177245,0,False,Very Close (<500m),True,True,True
284,2001,705.9442328767307,Kai Tak,22.3304,114.1994,0,False,Close (500-1000m),False,True,True
263,2001,595.4750105840735,Sham Shui Po,22.330141,114.163247,0,False,Close (500-1000m),False,True,True
264,2001,435.7545276405809,Cheung Sha Wan,22.3354,114.1563,0,False,Very Close (<500m),True,True,True
284,2001,727.229579762001,Wong Tai Sin,22.341839,114.192124,0,False,Close (500-1000m),False,True,True
264,2001,201.69784200600932,Lai Chi Kok,22.3373,114.1482,0,False,Very Close (<500m),True,True,True
264,2001,327.6749727111069,Lai Chi Kok,22.3373,114.1482,0,False,Very Close (<500m),True,True,True
264,2001,297.4624339406071,Lai Chi Kok,22.3373,114.1482,0,False,Very Close (<500m),True,True,True
264,2001,345.57182163951734,Cheung Sha Wan,22.3354,114.1563,0,False,Very Close (<500m),True,True,True
264,2001,423.34452846142426,Cheung Sha Wan,22.3354,114.1563,0,False,Very Close (<500m),True,True,True
263,2001,649.8089128160136,Shek Kip Mei,22.332,114.1687,0,False,Close (500-1000m),True,True,True
283,2001,442.97816186701186,Wong Tai Sin,22.341839,114.192124,0,False,Very Close (<500m),True,True,True
272,2001,463.9105183139463,Lok Fu,22.338,114.1871,0,False,Very Close (<500m),True,True,True
272,2001,290.25858248798255,Lok Fu,22.338,114.1871,0,False,Very Close (<500m),True,True,True
282,2001,55.509520022920874,Lok Fu,22.338,114.1871,1,True,Very Close (<500m),True,True,True
264,2001,411.12896719102423,Cheung Sha Wan,22.3354,114.1563,0,False,Very Close (<500m),True,True,True
261,2001,459.2029339930393,Lai Chi Kok,22.3373,114.1482,0,False,Very Close (<500m),True,True,True
261,2001,241.72686487324094,Lai Chi Kok,22.3373,114.1482,0,False,Very Close (<500m),True,True,True
759,2001,778.7965856089022,Tai Wai,22.3731,114.1786,0,False,Close (500-1000m),False,True,True
759,2001,559.9027774389788,Hin Keng,22.364,114.1708,0,False,Close (500-1000m),True,True,True
754,2001,701.0914303762802,Tai Wai,22.3731,114.1786,0,False,Close (500-1000m),False,True,True
755,2001,336.1351100340153,Sha Tin Wai,22.3771,114.195,0,False,Very Close (<500m),True,True,True
757,2001,392.33892881367643,Ma On Shan,22.4247,114.2316,0,False,Very Close (<500m),True,True,True
757,2001,210.6388392138734,Ma On Shan,22.4247,114.2316,0,False,Very Close (<500m),True,True,True
757,2001,269.16615022931717,Ma On Shan,22.4247,114.2316,0,False,Very Close (<500m),True,True,True
757,2001,59.34798934813147,Ma On Shan,22.4247,114.2316,1,True,Very Close (<500m),True,True,True
328,2001,348.1141340979177,Lai King,22.3484,114.1261,0,False,Very Close (<500m),True,True,True
281,2001,968.2787288523732,Diamond Hill,22.339189,114.202382,0,False,Close (500-1000m),False,True,True
824,2001,2447.8136596055847,Choi Hung,22.334161,114.210289,0,False,Far (>2km),False,False,True
281,2001,524.580462468915,Wong Tai Sin,22.341839,114.192124,0,False,Close (500-1000m),True,True,True
283,2001,165.7295189873659,Wong Tai Sin,22.341839,114.192124,0,False,Very Close (<500m),True,True,True
283,2001,391.6480379320724,Lok Fu,22.338,114.1871,0,False,Very Close (<500m),True,True,True
288,2001,803.2945448286632,Choi Hung,22.334161,114.210289,0,False,Close (500-1000m),False,True,True
284,2001,674.9563223912836,Wong Tai Sin,22.341839,114.192124,0,False,Close (500-1000m),False,True,True
284,2001,412.5341743422289,Diamond Hill,22.339189,114.202382,0,False,Very Close (<500m),True,True,True
264,2001,180.87226136538445,Cheung Sha Wan,22.3354,114.1563,0,False,Very Close (<500m),True,True,True
284,2001,664.9770127341767,Diamond Hill,22.339189,114.202382,0,False,Close (500-1000m),False,True,True
260,2001,256.54718681877506,Mei Foo,22.336907,114.140573,0,False,Very Close (<500m),True,True,True
328,2001,1022.7805432299328,Lai King,22.3484,114.1261,0,False,Moderate (1-2km),False,True,True
328,2001,676.8381146807827,Lai King,22.3484,114.1261,0,False,Close (500-1000m),False,True,True
281,2001,676.7368142470588,Wong Tai Sin,22.341839,114.192124,0,False,Close (500-1000m),False,True,True
288,2001,716.6418295964171,Diamond Hill,22.339189,114.202382,0,False,Close (500-1000m),False,True,True
261,2001,606.4342108976566,Cheung Sha Wan,22.3354,114.1563,0,False,Close (500-1000m),False,True,True
262,2001,526.8858025702182,Cheung Sha Wan,22.3354,114.1563,0,False,Close (500-1000m),True,True,True
260,2001,365.2703802306888,Lai Chi Kok,22.3373,114.1482,0,False,Very Close (<500m),True,True,True
264,2001,550.1843403274479,Cheung Sha Wan,22.3354,114.1563,0,False,Close (500-1000m),True,True,True
282,2001,314.160080454313,Lok Fu,22.338,114.1871,0,False,Very Close (<500m),True,True,True
261,2001,614.4194526289989,Lai Chi Kok,22.3373,114.1482,0,False,Close (500-1000m),False,True,True
282,2001,238.2971336794242,Lok Fu,22.338,114.1871,0,False,Very Close (<500m),True,True,True
283,2001,377.89733361174524,Wong Tai Sin,22.341839,114.192124,0,False,Very Close (<500m),True,True,True
282,2001,254.34844073245304,Lok Fu,22.338,114.1871,0,False,Very Close (<500m),True,True,True
831,2001,2716.8570038908656,Po Lam,22.3224,114.258,0,False,Far (>2km),False,False,False
350,2001,3031.208621665085,Tsing Yi,22.360206,114.107587,0,False,Far (>2km),False,False,False
261,2001,515.6462586329675,Lai Chi Kok,22.3373,114.1482,0,False,Close (500-1000m),True,True,True
281,2001,227.20485613799383,Diamond Hill,22.339189,114.202382,0,False,Very Close (<500m),True,True,True
264,2001,513.0575209796431,Cheung Sha Wan,22.3354,114.1563,0,False,Close (500-1000m),True,True,True
261,2001,563.0811706770805,Cheung Sha Wan,22.3354,114.1563,0,False,Close (500-1000m),False,True,True
262,2001,498.65232999268716,Cheung Sha Wan,22.3354,114.1563,0,False,Very Close (<500m),True,True,True
260,2001,298.1440775095308,Mei Foo,22.336907,114.140573,0,False,Very Close (<500m),True,True,True
422,2001,3128.978514890184,Tuen Mun,22.394156,113.973948,0,False,Far (>2km),False,False,False
324,2001,638.0897006083245,Tsuen Wan station,22.373698,114.117726,0,False,Close (500-1000m),False,True,True
281,2001,326.68760793538314,Diamond Hill,22.339189,114.202382,0,False,Very Close (<500m),True,True,True
262,2001,458.26304763713614,Cheung Sha Wan,22.3354,114.1563,0,False,Very Close (<500m),True,True,True
264,2001,303.3464505529454,Cheung Sha Wan,22.3354,114.1563,0,False,Very Close (<500m),True,True,True
320,2001,1258.104234197008,Mei Foo,22.336907,114.140573,0,False,Moderate (1-2km),False,True,True
283,2001,588.0397104969527,Wong Tai Sin,22.341839,114.192124,0,False,Close (500-1000m),False,True,True
264,2001,239.44104752985487,Cheung Sha Wan,22.3354,114.1563,0,False,Very Close (<500m),True,True,True
288,2001,185.8892326937701,Choi Hung,22.334161,114.210289,0,False,Very Close (<500m),True,True,True
260,2001,134.74525168568144,Mei Foo,22.336907,114.140573,0,False,Very Close (<500m),True,True,True
264,2001,407.5660052935678,Cheung Sha Wan,22.3354,114.1563,0,False,Very Close (<500m),True,True,True
264,2001,201.45526023062575,Lai Chi Kok,22.3373,114.1482,0,False,Very Close (<500m),True,True,True
264,2001,241.80779693085472,Cheung Sha Wan,22.3354,114.1563,0,False,Very Close (<500m),True,True,True
264,2001,106.85765824934712,Lai Chi Kok,22.3373,114.1482,0,False,Very Close (<500m),True,True,True
324,2001,742.6573349890214,Tsuen Wan West,22.36755,114.11098,0,False,Close (500-1000m),False,True,True
283,2001,466.3398666020766,Lok Fu,22.338,114.1871,0,False,Very Close (<500m),True,True,True
288,2001,196.56674166673375,Choi Hung,22.334161,114.210289,0,False,Very Close (<500m),True,True,True
264,2001,96.93265629769257,Cheung Sha Wan,22.3354,114.1563,0,False,Very Close (<500m),True,True,True
326,2001,569.9161718598261,Tai Wo Hau,22.371129,114.126303,0,False,Close (500-1000m),True,True,True
324,2001,754.900862702455,Tsuen Wan,22.3736,114.1178,0,False,Close (500-1000m),False,True,True
260,2001,415.97081112852027,Lai Chi Kok,22.3373,114.1482,0,False,Very Close (<500m),True,True,True
268,2001,570.0241193469628,Shek Kip Mei,22.332,114.1687,0,False,Close (500-1000m),True,True,True
264,2001,451.31554326638286,Cheung Sha Wan,22.3354,114.1563,0,False,Very Close (<500m),True,True,True
261,2001,267.9397246537293,Lai Chi Kok,22.3373,114.1482,0,False,Very Close (<500m),True,True,True
264,2001,371.9047686866776,Cheung Sha Wan,22.3354,114.1563,0,False,Very Close (<500m),True,True,True
284,2001,602.5310644257858,Diamond Hill,22.339189,114.202382,0,False,Close (500-1000m),True,True,True
284,2001,376.38513229682997,Diamond Hill,22.339189,114.202382,0,False,Very Close (<500m),True,True,True
261,2001,225.0473997246818,Lai Chi Kok,22.3373,114.1482,0,False,Very Close (<500m),True,True,True
264,2001,367.69121306906266,Cheung Sha Wan,22.3354,114.1563,0,False,Very Close (<500m),True,True,True
284,2001,236.69252140539226,Diamond Hill,22.339189,114.202382,0,False,Very Close (<500m),True,True,True
261,2001,149.53411267869717,Lai Chi Kok,22.3373,114.1482,0,False,Very Close (<500m),True,True,True
284,2001,606.9960244323531,Kai Tak,22.3304,114.1994,0,False,Close (500-1000m),False,True,True
264,2001,101.80356154712508,Cheung Sha Wan,22.3354,114.1563,0,False,Very Close (<500m),True,True,True
264,2001,259.6698346771678,Cheung Sha Wan,22.3354,114.1563,0,False,Very Close (<500m),True,True,True
264,2001,299.0243411091307,Lai Chi Kok,22.3373,114.1482,0,False,Very Close (<500m),True,True,True
260,2001,349.10327263553614,Mei Foo,22.336907,114.140573,0,False,Very Close (<500m),True,True,True
263,2001,409.8252716512423,Shek Kip Mei,22.332,114.1687,0,False,Very Close (<500m),True,True,True
268,2001,354.3949327056838,Shek Kip Mei,22.332,114.1687,0,False,Very Close (<500m),True,True,True
264,2001,396.22545550075654,Cheung Sha Wan,22.3354,114.1563,0,False,Very Close (<500m),True,True,True
284,2001,502.7426843870613,Diamond Hill,22.339189,114.202382,0,False,Close (500-1000m),True,True,True
265,2001,212.07619330298812,Cheung Sha Wan,22.3354,114.1563,0,False,Very Close (<500m),True,True,True
284,2001,739.7703051639018,Kai Tak,22.3304,114.1994,0,False,Close (500-1000m),False,True,True
284,2001,601.1272243088705,Kai Tak,22.3304,114.1994,0,False,Close (500-1000m),False,True,True
264,2001,529.8403466351601,Cheung Sha Wan,22.3354,114.1563,0,False,Close (500-1000m),True,True,True
271,2001,239.04505774583157,Kowloon Tong,22.336809,114.177245,0,False,Very Close (<500m),True,True,True
271,2001,359.1049205908005,Kowloon Tong,22.336809,114.177245,0,False,Very Close (<500m),True,True,True
264,2001,420.86168276183884,Cheung Sha Wan,22.3354,114.1563,0,False,Very Close (<500m),True,True,True
271,2001,250.24241147980575,Kowloon Tong,22.336809,114.177245,0,False,Very Close (<500m),True,True,True
327,2001,1180.4869063022863,Kwai Hing,22.3632,114.1312,0,False,Moderate (1-2km),False,False,True
264,2001,338.95262084713204,Cheung Sha Wan,22.3354,114.1563,0,False,Very Close (<500m),True,True,True
260,2001,672.9089063817721,Mei Foo,22.336907,114.140573,0,False,Close (500-1000m),False,True,True
282,2001,222.9318056134076,Lok Fu,22.338,114.1871,0,False,Very Close (<500m),True,True,True
261,2001,322.19393465655946,Lai Chi Kok,22.3373,114.1482,0,False,Very Close (<500m),True,True,True
264,2001,201.3967237263054,Cheung Sha Wan,22.3354,114.1563,1,True,Very Close (<500m),True,True,True
261,2001,398.4773266448097,Lai Chi Kok,22.3373,114.1482,0,False,Very Close (<500m),True,True,True
261,2001,170.0745307022884,Lai Chi Kok,22.3373,114.1482,0,False,Very Close (<500m),True,True,True
271,2001,198.3241772540198,Kowloon Tong,22.336809,114.177245,0,False,Very Close (<500m),True,True,True
284,2001,311.43715736576075,Diamond Hill,22.339189,114.202382,0,False,Very Close (<500m),True,True,True
261,2001,59.26058544066479,Lai Chi Kok,22.3373,114.1482,0,False,Very Close (<500m),True,True,True
284,2001,519.8999005439682,Diamond Hill,22.339189,114.202382,0,False,Close (500-1000m),True,True,True
264,2001,284.9968569641358,Cheung Sha Wan,22.3354,114.1563,0,False,Very Close (<500m),True,True,True
283,2001,532.5863401957388,Wong Tai Sin,22.341839,114.192124,0,False,Close (500-1000m),True,True,True
281,2001,176.04281666701087,Diamond Hill,22.339189,114.202382,0,False,Very Close (<500m),True,True,True
260,2001,95.94869123236124,Mei Foo,22.336907,114.140573,1,True,Very Close (<500m),True,True,True
264,2001,298.61895288790896,Cheung Sha Wan,22.3354,114.1563,0,False,Very Close (<500m),True,True,True
261,2001,286.93582241030026,Lai Chi Kok,22.3373,114.1482,0,False,Very Close (<500m),True,True,True
326,2001,282.9117440579338,Tai Wo Hau,22.371129,114.126303,0,False,Very Close (<500m),True,True,True
829,2001,5086.080984453117,Po Lam,22.3224,114.258,0,False,Far (>2km),False,False,False
759,2001,557.8163960576319,Tai Wai,22.3731,114.1786,0,False,Close (500-1000m),True,True,True
326,2001,393.1774989021916,Tai Wo Hau,22.371129,114.126303,0,False,Very Close (<500m),True,True,True
759,2001,844.049976255523,Tai Wai,22.3731,114.1786,0,False,Close (500-1000m),False,True,True
320,2001,419.99806284176486,Lai King,22.3484,114.1261,0,False,Very Close (<500m),True,True,True
824,2001,2629.495322392934,Choi Hung,22.334161,114.210289,0,False,Far (>2km),False,False,False
336,2001,4335.212548933691,Sunny Bay,22.33285,114.028222,0,False,Far (>2km),False,False,False
327,2001,940.416944928714,Kwai Hing,22.3632,114.1312,0,False,Close (500-1000m),False,True,True
324,2001,563.9329653298869,Tsuen Wan,22.3736,114.1178,0,False,Close (500-1000m),True,True,True
324,2001,509.9133252521801,Tsuen Wan,22.3736,114.1178,0,False,Close (500-1000m),True,True,True
759,2001,668.7645010449487,Tai Wai,22.3731,114.1786,0,False,Close (500-1000m),True,True,True
426,2001,4161.179760129494,Tuen Mun,22.394156,113.973948,0,False,Far (>2km),False,False,False
326,2001,566.7873021729836,Kwai Hing,22.3632,114.1312,0,False,Close (500-1000m),True,True,True
324,2001,610.2108626056335,Tsuen Wan,22.3736,114.1178,0,False,Close (500-1000m),True,True,True
324,2001,670.406988703009,Tsuen Wan,22.3736,114.1178,0,False,Close (500-1000m),False,True,True
326,2001,364.7168576595487,Tai Wo Hau,22.371129,114.126303,0,False,Very Close (<500m),True,True,True
761,2001,1132.4405615778378,Che Kung Temple,22.3748,114.1861,0,False,Moderate (1-2km),False,True,True
327,2001,581.838673808146,Kwai Hing,22.3632,114.1312,0,False,Close (500-1000m),True,True,True
327,2001,986.5182585544713,Kwai Hing,22.3632,114.1312,0,False,Close (500-1000m),False,True,True
328,2001,327.12311027945094,Kwai Hing,22.3632,114.1312,0,False,Very Close (<500m),True,True,True
281,2001,496.78382501292435,Wong Tai Sin,22.341839,114.192124,0,False,Very Close (<500m),True,True,True
281,2001,854.169499872296,Diamond Hill,22.339189,114.202382,0,False,Close (500-1000m),False,True,True
281,2001,835.2561745701662,Diamond Hill,22.339189,114.202382,0,False,Close (500-1000m),False,True,True
281,2001,851.507217107904,Diamond Hill,22.339189,114.202382,0,False,Close (500-1000m),False,True,True
282,2001,591.6565078527253,Wong Tai Sin,22.341839,114.192124,0,False,Close (500-1000m),True,True,True
271,2001,737.4291217781463,Kowloon Tong,22.336809,114.177245,0,False,Close (500-1000m),False,True,True
281,2001,922.7374738367521,Wong Tai Sin,22.341839,114.192124,0,False,Close (500-1000m),False,True,True
350,2001,1954.5901749962604,Tsing Yi,22.360206,114.107587,0,False,Moderate (1-2km),False,False,True
350,2001,1952.414586177003,Tsing Yi,22.360206,114.107587,0,False,Moderate (1-2km),False,False,True
327,2001,997.4448625959047,Mei Foo,22.336907,114.140573,0,False,Close (500-1000m),False,True,True
281,2001,113.28050291308503,Diamond Hill,22.339189,114.202382,1,True,Very Close (<500m),True,True,True
324,2001,725.4644426402106,Tsuen Wan West,22.36755,114.11098,0,False,Close (500-1000m),True,True,True
326,2001,523.874118816026,Kwai Hing,22.3632,114.1312,0,False,Close (500-1000m),True,True,True
350,2001,1515.0289164904736,Tsing Yi,22.360206,114.107587,0,False,Moderate (1-2km),False,False,True
271,2001,1068.4005580956014,Kowloon Tong,22.336809,114.177245,0,False,Moderate (1-2km),False,True,True
350,2001,1365.9420358639193,Tsing Yi,22.360206,114.107587,0,False,Moderate (1-2km),False,False,True
327,2001,805.0195134726997,Mei Foo,22.336907,114.140573,0,False,Close (500-1000m),True,True,True
281,2001,970.6686140559037,Diamond Hill,22.339189,114.202382,0,False,Close (500-1000m),False,True,True
426,2001,4047.0949669588977,Sunny Bay,22.33285,114.028222,0,False,Far (>2km),False,False,False
350,2001,1403.933301650093,Tsing Yi,22.360206,114.107587,0,False,Moderate (1-2km),False,False,True
263,2001,1399.4300785064354,Cheung Sha Wan,22.3354,114.1563,0,False,Moderate (1-2km),False,True,True
426,2001,4001.8564107550055,Tuen Mun,22.394156,113.973948,0,False,Far (>2km),False,False,False
324,2001,549.7374570066281,Tsuen Wan station,22.373698,114.117726,0,False,Close (500-1000m),True,True,True
426,2001,3323.42507525928,Tuen Mun,22.394156,113.973948,0,False,Far (>2km),False,False,False
759,2001,339.23567608925873,Che Kung Temple,22.3748,114.1861,0,False,Very Close (<500m),True,True,True
327,2001,1392.8352100102873,Kwai Hing,22.3632,114.1312,0,False,Moderate (1-2km),False,False,True
755,2001,445.41221774321093,Sha Tin Wai,22.3771,114.195,0,False,Very Close (<500m),True,True,True
759,2001,218.87520605669397,Che Kung Temple,22.3748,114.1861,0,False,Very Close (<500m),True,True,True
426,2001,3662.899915194032,Tuen Mun,22.394156,113.973948,0,False,Far (>2km),False,False,False
327,2001,1271.5899665277825,Kwai Hing,22.3632,114.1312,0,False,Moderate (1-2km),False,False,True
323,2001,944.04374847857,Tsuen Wan West,22.36755,114.11098,0,False,Close (500-1000m),False,True,True
323,2001,1143.4327857046121,Tsuen Wan West,22.36755,114.11098,0,False,Moderate (1-2km),False,True,True
325,2001,184.79330689455074,Tai Wo Hau,22.371129,114.126303,0,False,Very Close (<500m),True,True,True
323,2001,1142.4483589155684,Tsuen Wan West,22.36755,114.11098,0,False,Moderate (1-2km),False,False,True
422,2001,2548.5583189759304,Tuen Mun,22.394156,113.973948,0,False,Far (>2km),False,False,False
324,2001,212.01857330650276,Tsuen Wan station,22.373698,114.117726,0,False,Very Close (<500m),True,True,True
323,2001,1500.4863053986828,Tsuen Wan West,22.36755,114.11098,0,False,Moderate (1-2km),False,False,True
323,2001,1043.3436667197761,Tsuen Wan West,22.36755,114.11098,0,False,Moderate (1-2km),False,True,True
754,2001,687.7626876604465,Hin Keng,22.364,114.1708,0,False,Close (500-1000m),True,True,True
329,2001,1067.9231593395452,Tsuen Wan West,22.36755,114.11098,0,False,Moderate (1-2km),False,True,True
325,2001,203.96779097630883,Tai Wo Hau,22.371129,114.126303,1,True,Very Close (<500m),True,True,True
759,2001,355.8299077276802,Tai Wai,22.3731,114.1786,0,False,Very Close (<500m),True,True,True
324,2001,259.8533300624523,Tsuen Wan,22.3736,114.1178,0,False,Very Close (<500m),True,True,True
761,2001,738.767034649551,Sha Tin Wai,22.3771,114.195,0,False,Close (500-1000m),True,True,True
326,2001,342.244835673129,Kwai Fong,22.3569,114.1279,0,False,Very Close (<500m),True,True,True
350,2001,1066.8243081413154,Tsing Yi,22.360206,114.107587,0,False,Moderate (1-2km),False,True,True
351,2001,1405.894145209433,Tsing Yi,22.360206,114.107587,0,False,Moderate (1-2km),False,False,True
325,2001,742.226586185142,Tai Wo Hau,22.371129,114.126303,0,False,Close (500-1000m),False,True,True
426,2001,3495.6627016446987,Tuen Mun,22.394156,113.973948,0,False,Far (>2km),False,False,False
324,2001,429.1844762074117,Tsuen Wan station,22.373698,114.117726,0,False,Very Close (<500m),True,True,True
759,2001,407.64566257100705,Tai Wai,22.3731,114.1786,0,False,Very Close (<500m),True,True,True
426,2001,3895.783581697802,Tuen Mun,22.394156,113.973948,0,False,Far (>2km),False,False,False
324,2001,544.8316814562984,Tsuen Wan West,22.36755,114.11098,0,False,Close (500-1000m),True,True,True
324,2001,157.7569956258708,Tsuen Wan,22.3736,114.1178,0,False,Very Close (<500m),True,True,True
324,2001,489.4562157826007,Tsuen Wan West,22.36755,114.11098,0,False,Very Close (<500m),True,True,True
759,2001,435.13510439311136,Che Kung Temple,22.3748,114.1861,0,False,Very Close (<500m),True,True,True
325,2001,649.195247632788,Tai Wo Hau,22.371129,114.126303,0,False,Close (500-1000m),True,True,True
761,2001,1678.4327586604454,City One,22.3828,114.2035,0,False,Moderate (1-2km),False,False,True
324,2001,330.62163312974025,Tsuen Wan,22.3736,114.1178,0,False,Very Close (<500m),True,True,True
324,2001,246.2480081423952,Tsuen Wan,22.3736,114.1178,0,False,Very Close (<500m),True,True,True
759,2001,508.58675413417285,Che Kung Temple,22.3748,114.1861,0,False,Close (500-1000m),True,True,True
327,2001,874.8901030921303,Kwai Hing,22.3632,114.1312,0,False,Close (500-1000m),False,True,True
324,2001,429.60910963381434,Tsuen Wan West,22.36755,114.11098,0,False,Very Close (<500m),True,True,True
759,2001,897.1855256226916,Che Kung Temple,22.3748,114.1861,0,False,Close (500-1000m),True,True,True
324,2001,396.03666194908243,Tsuen Wan West,22.36755,114.11098,0,False,Very Close (<500m),True,True,True
324,2001,370.2946464979235,Tsuen Wan,22.3736,114.1178,0,False,Very Close (<500m),True,True,True
327,2001,908.7517266440296,Kwai Hing,22.3632,114.1312,0,False,Close (500-1000m),True,True,True
324,2001,445.33855076611206,Tsuen Wan,22.3736,114.1178,0,False,Very Close (<500m),True,True,True
426,2001,3633.4482441010123,Tuen Mun,22.394156,113.973948,0,False,Far (>2km),False,False,False
326,2001,483.9663068347733,Tai Wo Hau,22.371129,114.126303,0,False,Very Close (<500m),True,True,True
350,2001,1257.470483753409,Tsing Yi,22.360206,114.107587,0,False,Moderate (1-2km),False,False,True
424,2001,1181.189819775821,Tuen Mun,22.394156,113.973948,0,False,Moderate (1-2km),False,True,True
825,2001,4692.822511005629,Tai Shui Hang,22.4088,114.223,0,False,Far (>2km),False,False,False
825,2001,5488.324277744421,Tai Shui Hang,22.4088,114.223,0,False,Far (>2km),False,False,False
758,2001,142.17366626117155,MTR stations,22.383069,114.187757,2,True,Very Close (<500m),True,True,True
424,2001,1045.220660321047,Tuen Mun,22.394156,113.973948,0,False,Moderate (1-2km),False,True,True
424,2001,1049.602980369491,Tuen Mun,22.394156,113.973948,0,False,Moderate (1-2km),False,True,True
322,2001,1422.4629035567439,Tsuen Wan station,22.373698,114.117726,0,False,Moderate (1-2km),False,False,True
756,2001,283.1848880762646,City One,22.3828,114.2035,0,False,Very Close (<500m),True,True,True
756,2001,756.0630769045459,Shek Mun,22.3877,114.2083,0,False,Close (500-1000m),False,True,True
321,2001,1604.2942861514857,Tai Wo Hau,22.371129,114.126303,0,False,Moderate (1-2km),False,False,True
756,2001,1129.4832226261194,Shek Mun,22.3877,114.2083,0,False,Moderate (1-2km),False,True,True
754,2001,712.8268471638286,Sha Tin,22.3825,114.1875,0,False,Close (500-1000m),True,True,True
423,2001,1118.5892127878765,Tuen Mun,22.394156,113.973948,0,False,Moderate (1-2km),False,True,True
758,2001,467.6685648344554,MTR stations,22.383069,114.187757,0,False,Very Close (<500m),True,True,True
323,2001,1752.0335390146167,Tsuen Wan station,22.373698,114.117726,0,False,Moderate (1-2km),False,False,True
822,2001,4626.10327584275,Tai Shui Hang,22.4088,114.223,0,False,Far (>2km),False,False,False
755,2001,396.83182129978195,City One,22.3828,114.2035,0,False,Very Close (<500m),True,True,True
756,2001,727.4693275249078,Shek Mun,22.3877,114.2083,0,False,Close (500-1000m),True,True,True
829,2001,4532.833479177272,Tai Shui Hang,22.4088,114.223,0,False,Far (>2km),False,False,False
758,2001,208.6795135788033,MTR stations,22.383069,114.187757,0,False,Very Close (<500m),True,True,True
425,2001,1464.2482565301016,Tuen Mun,22.394156,113.973948,0,False,Moderate (1-2km),False,False,True
755,2001,660.4617484637354,City One,22.3828,114.2035,0,False,Close (500-1000m),False,True,True
323,2001,1367.2200319266638,Tsuen Wan station,22.373698,114.117726,0,False,Moderate (1-2km),False,False,True
754,2001,788.0129517432011,Sha Tin,22.3825,114.1875,0,False,Close (500-1000m),False,True,True
323,2001,661.1999880503629,Tsuen Wan station,22.373698,114.117726,0,False,Close (500-1000m),True,True,True
422,2001,2309.4297201376457,Tuen Mun,22.394156,113.973948,0,False,Far (>2km),False,False,True
753,2001,899.5108174062719,Fo Tan,22.3953,114.1982,0,False,Close (500-1000m),False,True,True
758,2001,719.4571068420048,MTR stations,22.383069,114.187757,0,False,Close (500-1000m),True,True,True
756,2001,988.0964276115465,Shek Mun,22.3877,114.2083,0,False,Close (500-1000m),False,True,True
756,2001,511.75514264371265,City One,22.3828,114.2035,0,False,Close (500-1000m),True,True,True
825,2001,5478.9702489165475,Tai Shui Hang,22.4088,114.223,0,False,Far (>2km),False,False,False
755,2001,402.1610430266139,Sha Tin Wai,22.3771,114.195,0,False,Very Close (<500m),True,True,True
755,2001,509.9150364165364,Sha Tin Wai,22.3771,114.195,0,False,Close (500-1000m),True,True,True
754,2001,540.5925179719685,Sha Tin,22.3825,114.1875,0,False,Close (500-1000m),True,True,True
758,2001,409.9129786313241,Sha Tin,22.3825,114.1875,0,False,Very Close (<500m),True,True,True
825,2001,5286.0139003358645,Tai Shui Hang,22.4088,114.223,0,False,Far (>2km),False,False,False
756,2001,1210.735801733359,Shek Mun,22.3877,114.2083,0,False,Moderate (1-2km),False,True,True
759,2001,328.4608395308133,Che Kung Temple,22.3748,114.1861,0,False,Very Close (<500m),True,True,True
323,2001,1061.4947021902408,Tsuen Wan West,22.36755,114.11098,0,False,Moderate (1-2km),False,True,True
323,2001,1450.3155943889378,Tsuen Wan station,22.373698,114.117726,0,False,Moderate (1-2km),False,False,True
756,2001,360.75502599677316,City One,22.3828,114.2035,0,False,Very Close (<500m),True,True,True
756,2001,102.82538245053614,City One,22.3828,114.2035,1,True,Very Close (<500m),True,True,True
825,2001,4952.7043374341065,Tai Shui Hang,22.4088,114.223,0,False,Far (>2km),False,False,False
754,2001,483.4621686260565,Tai Wai,22.3731,114.1786,0,False,Very Close (<500m),True,True,True
756,2001,1203.9514409233352,Shek Mun,22.3877,114.2083,0,False,Moderate (1-2km),False,False,True
758,2001,542.1889109894557,Fo Tan,22.3953,114.1982,0,False,Close (500-1000m),True,True,True
321,2001,874.5256871685071,Tai Wo Hau,22.371129,114.126303,0,False,Close (500-1000m),False,True,True
755,2001,452.9039900899335,Sha Tin Wai,22.3771,114.195,0,False,Very Close (<500m),True,True,True
754,2001,789.5458435795873,Sha Tin,22.3825,114.1875,0,False,Close (500-1000m),False,True,True
755,2001,443.53055589194304,City One,22.3828,114.2035,0,False,Very Close (<500m),True,True,True
323,2001,1002.7202432056752,Tsuen Wan station,22.373698,114.117726,0,False,Moderate (1-2km),False,True,True
425,2001,1741.6204106556768,Tuen Mun,22.394156,113.973948,0,False,Moderate (1-2km),False,False,True
741,2001,2196.4982697951136,Wu Kai Sha,22.4291,114.2438,0,False,Far (>2km),False,False,True
757,2001,72.3577967097881,Ma On Shan,22.4247,114.2316,0,False,Very Close (<500m),True,True,True
729,2001,1361.5115604644425,University,22.413808,114.209437,0,False,Moderate (1-2km),False,False,True
759,2001,322.8603926994599,Che Kung Temple,22.3748,114.1861,0,False,Very Close (<500m),True,True,True
833,2001,201.2104229057424,Tiu Keng Leng,22.305056,114.251907,0,False,Very Close (<500m),True,True,True
225,2001,461.9430772700077,Jordan,22.3049,114.1718,0,False,Very Close (<500m),True,True,True
243,2001,152.12084308363336,Ho Man Tin,22.308953,114.181612,0,False,Very Close (<500m),True,True,True
838,2001,383.1473690930162,Tseung Kwan O,22.308658,114.260241,0,False,Very Close (<500m),True,True,True
243,2001,402.6358549317248,Ho Man Tin,22.308953,114.181612,0,False,Very Close (<500m),True,True,True
225,2001,424.0960603356997,Jordan,22.3049,114.1718,0,False,Very Close (<500m),True,True,True
243,2001,332.6109972300306,Ho Man Tin,22.308953,114.181612,0,False,Very Close (<500m),True,True,True
290,2001,222.78832664601399,Lam Tin,22.305367,114.234261,0,False,Very Close (<500m),True,True,True
225,2001,308.29865050364856,Austin station,22.306294,114.164522,0,False,Very Close (<500m),True,True,True
225,2001,388.89831134951686,Jordan,22.3049,114.1718,0,False,Very Close (<500m),True,True,True
225,2001,221.24602068983612,Austin station,22.306294,114.164522,0,False,Very Close (<500m),True,True,True
297,2001,235.9564508150326,Lam Tin,22.305367,114.234261,0,False,Very Close (<500m),True,True,True
243,2001,266.08135247378806,Ho Man Tin,22.308953,114.181612,0,False,Very Close (<500m),True,True,True
243,2001,186.97066785429516,Ho Man Tin,22.308953,114.181612,0,False,Very Close (<500m),True,True,True
112,2001,327.0922435973461,Sai Ying Pun,22.2856,114.1427,0,False,Very Close (<500m),True,True,True
112,2001,270.3989728903634,Sai Ying Pun,22.2856,114.1427,0,False,Very Close (<500m),True,True,True
112,2001,248.69575262723717,Sai Ying Pun,22.2856,114.1427,0,False,Very Close (<500m),True,True,True
112,2001,221.59457793629676,Sai Ying Pun,22.2856,114.1427,0,False,Very Close (<500m),True,True,True
112,2001,223.5820507487442,Sai Ying Pun,22.2856,114.1427,0,False,Very Close (<500m),True,True,True
112,2001,203.495526319406,Sai Ying Pun,22.2856,114.1427,0,False,Very Close (<500m),True,True,True
758,2001,284.2741203221143,Sha Tin,22.3825,114.1875,0,False,Very Close (<500m),True,True,True
425,2001,1619.1509775425102,Tuen Mun,22.394156,113.973948,0,False,Moderate (1-2km),False,False,True
756,2001,759.0462933083932,Sha Tin Wai,22.3771,114.195,0,False,Close (500-1000m),False,True,True
754,2001,359.4693872820122,Tai Wai,22.3731,114.1786,0,False,Very Close (<500m),True,True,True
754,2001,274.57108291323624,Tai Wai,22.3731,114.1786,0,False,Very Close (<500m),True,True,True
422,2001,2594.179792454325,Tuen Mun,22.394156,113.973948,0,False,Far (>2km),False,False,False
754,2001,307.91561505840974,Tai Wai,22.3731,114.1786,0,False,Very Close (<500m),True,True,True
422,2001,3168.2439809078282,Tuen Mun,22.394156,113.973948,0,False,Far (>2km),False,False,False
422,2001,2863.804863486238,Tuen Mun,22.394156,113.973948,0,False,Far (>2km),False,False,False
761,2001,1847.3711088613297,Kwai Hing,22.3632,114.1312,0,False,Moderate (1-2km),False,False,True
754,2001,243.15489753023974,Tai Wai,22.3731,114.1786,0,False,Very Close (<500m),True,True,True
755,2001,688.2754125426097,Sha Tin Wai,22.3771,114.195,0,False,Close (500-1000m),True,True,True
323,2001,443.76848770355593,Tsuen Wan station,22.373698,114.117726,0,False,Very Close (<500m),True,True,True
324,2001,420.94760682174433,Tsuen Wan,22.3736,114.1178,0,False,Very Close (<500m),True,True,True
324,2001,791.2504498009978,Tsuen Wan West,22.36755,114.11098,0,False,Close (500-1000m),False,True,True
757,2001,373.51192043666435,Ma On Shan,22.4247,114.2316,0,False,Very Close (<500m),True,True,True
827,2001,5582.678815258544,Tai Shui Hang,22.4088,114.223,0,False,Far (>2km),False,False,False
321,2001,732.3335500947807,Tsuen Wan station,22.373698,114.117726,0,False,Close (500-1000m),False,True,True
325,2001,1245.1505106782274,Tai Wo Hau,22.371129,114.126303,0,False,Moderate (1-2km),False,False,True
759,2001,678.7672325991233,Tai Wai,22.3731,114.1786,0,False,Close (500-1000m),False,True,True
326,2001,451.7209952152546,Kwai Hing,22.3632,114.1312,0,False,Very Close (<500m),True,True,True
326,2001,145.42367970752582,Kwai Hing,22.3632,114.1312,1,True,Very Close (<500m),True,True,True
426,2001,3973.9611685943037,Tuen Mun,22.394156,113.973948,0,False,Far (>2km),False,False,False
759,2001,673.6075191752132,Tai Wai,22.3731,114.1786,0,False,Close (500-1000m),False,True,True
754,2001,143.638124319477,Tai Wai,22.3731,114.1786,0,False,Very Close (<500m),True,True,True
759,2001,181.1772636608632,Che Kung Temple,22.3748,114.1861,0,False,Very Close (<500m),True,True,True
759,2001,153.89808501048256,Tai Wai,22.3731,114.1786,1,True,Very Close (<500m),True,True,True
422,2001,2275.57060490862,Tuen Mun,22.394156,113.973948,0,False,Far (>2km),False,False,True
425,2001,1961.1672717135132,Tuen Mun,22.394156,113.973948,0,False,Moderate (1-2km),False,False,True
321,2001,942.5440602829444,Tai Wo Hau,22.371129,114.126303,0,False,Close (500-1000m),False,True,True
755,2001,524.8511128520157,City One,22.3828,114.2035,0,False,Close (500-1000m),True,True,True
424,2001,1163.3242278929388,Tuen Mun,22.394156,113.973948,0,False,Moderate (1-2km),False,False,True
323,2001,1025.059022077313,Tsuen Wan station,22.373698,114.117726,0,False,Moderate (1-2km),False,True,True
422,2001,2116.5462049291696,Tuen Mun,22.394156,113.973948,0,False,Far (>2km),False,False,True
323,2001,1191.7161902555592,Tsuen Wan West,22.36755,114.11098,0,False,Moderate (1-2km),False,True,True
755,2001,212.25112346791607,Sha Tin Wai,22.3771,114.195,0,False,Very Close (<500m),True,True,True
425,2001,2074.8136059050685,Tuen Mun,22.394156,113.973948,0,False,Far (>2km),False,False,True
754,2001,615.7846172152058,Tai Wai,22.3731,114.1786,0,False,Close (500-1000m),False,True,True
325,2001,559.1329007772505,Tai Wo Hau,22.371129,114.126303,0,False,Close (500-1000m),True,True,True
755,2001,288.6540415914271,Sha Tin Wai,22.3771,114.195,0,False,Very Close (<500m),True,True,True
756,2001,995.9141685620912,City One,22.3828,114.2035,0,False,Close (500-1000m),False,True,True
414,2001,2634.1389447097904,Siu Hong,22.413564,113.979115,0,False,Far (>2km),False,False,True
422,2001,2524.2981855005705,Tuen Mun,22.394156,113.973948,0,False,Far (>2km),False,False,False
425,2001,1800.1757859372456,Tuen Mun,22.394156,113.973948,0,False,Moderate (1-2km),False,False,True
755,2001,453.048661488118,Sha Tin Wai,22.3771,114.195,0,False,Very Close (<500m),True,True,True
441,2001,1486.76706812824,Siu Hong,22.413564,113.979115,0,False,Moderate (1-2km),False,False,True
522,2001,3354.9175336908684,Yuen Long,22.4461,114.0352,0,False,Far (>2km),False,False,False
423,2001,882.0552478499914,Siu Hong,22.413564,113.979115,0,False,Close (500-1000m),False,True,True
732,2001,1888.6195342657038,University,22.413808,114.209437,0,False,Moderate (1-2km),False,False,True
323,2001,1315.139437832612,Tsuen Wan West,22.36755,114.11098,0,False,Moderate (1-2km),False,False,True
755,2001,345.9643344458611,Sha Tin Wai,22.3771,114.195,0,False,Very Close (<500m),True,True,True
325,2001,911.9388085458347,Tai Wo Hau,22.371129,114.126303,0,False,Close (500-1000m),False,True,True
323,2001,1422.0302493899478,Tsuen Wan West,22.36755,114.11098,0,False,Moderate (1-2km),False,False,True
425,2001,1918.273466448507,Tuen Mun,22.394156,113.973948,0,False,Moderate (1-2km),False,False,True
759,2001,349.8608723716615,Che Kung Temple,22.3748,114.1861,0,False,Very Close (<500m),True,True,True
323,2001,959.8357388052242,Tsuen Wan station,22.373698,114.117726,0,False,Close (500-1000m),False,True,True
755,2001,201.48858994027213,Sha Tin Wai,22.3771,114.195,1,True,Very Close (<500m),True,True,True
425,2001,2189.545372323283,Tuen Mun,22.394156,113.973948,0,False,Far (>2km),False,False,False
829,2001,4898.607841497782,Shek Mun,22.3877,114.2083,0,False,Far (>2km),False,False,False
325,2001,862.2547279908996,Tai Wo Hau,22.371129,114.126303,0,False,Close (500-1000m),False,True,True
325,2001,1062.1966724836589,Tai Wo Hau,22.371129,114.126303,0,False,Moderate (1-2km),False,True,True
321,2001,1383.0824542547246,Tai Wo Hau,22.371129,114.126303,0,False,Moderate (1-2km),False,False,True
758,2001,291.3000690573696,Sha Tin,22.3825,114.1875,0,False,Very Close (<500m),True,True,True
325,2001,535.4733347835353,Tai Wo Hau,22.371129,114.126303,0,False,Close (500-1000m),True,True,True
323,2001,1392.3267924914496,Tsuen Wan West,22.36755,114.11098,0,False,Moderate (1-2km),False,False,True
754,2001,407.1463303747954,Tai Wai,22.3731,114.1786,0,False,Very Close (<500m),True,True,True
323,2001,668.7525768107189,Tsuen Wan station,22.373698,114.117726,0,False,Close (500-1000m),False,True,True
323,2001,354.50929851249595,Tsuen Wan station,22.373698,114.117726,0,False,Very Close (<500m),True,True,True
323,2001,1188.026929139797,Tsuen Wan West,22.36755,114.11098,0,False,Moderate (1-2km),False,False,True
755,2001,268.2775022003957,Sha Tin Wai,22.3771,114.195,0,False,Very Close (<500m),True,True,True
732,2001,1968.3345096318822,Fo Tan,22.3953,114.1982,0,False,Moderate (1-2km),False,False,True
321,2001,448.87674588315696,Tsuen Wan station,22.373698,114.117726,0,False,Very Close (<500m),True,True,True
755,2001,342.88186183165135,Sha Tin Wai,22.3771,114.195,0,False,Very Close (<500m),True,True,True
755,2001,502.86429301271886,Sha Tin Wai,22.3771,114.195,0,False,Close (500-1000m),True,True,True
112,2001,202.12967729689632,Sai Ying Pun,22.2856,114.1427,0,False,Very Close (<500m),True,True,True
112,2001,206.12381749276042,Sai Ying Pun,22.2856,114.1427,0,False,Very Close (<500m),True,True,True
157,2001,340.1266534543656,Tai Koo,22.2846,114.2161,0,False,Very Close (<500m),True,True,True
112,2001,217.56636729625492,Sai Ying Pun,22.2856,114.1427,0,False,Very Close (<500m),True,True,True
157,2001,451.05224179536503,Tai Koo,22.2846,114.2161,0,False,Very Close (<500m),True,True,True
113,2001,257.41219699656835,Sai Ying Pun,22.2856,114.1427,0,False,Very Close (<500m),True,True,True
522,2001,2303.9691938321,Yuen Long,22.4461,114.0352,0,False,Far (>2km),False,False,True
729,2001,1486.9830802134884,University,22.413808,114.209437,0,False,Moderate (1-2km),False,False,True
522,2001,2231.837805914061,Yuen Long,22.4461,114.0352,0,False,Far (>2km),False,False,False
812,2001,7323.666934740579,Wu Kai Sha,22.4291,114.2438,0,False,Far (>2km),False,False,False
531,2001,2699.8278291813895,Kam Sheung Road,22.4348,114.0634,0,False,Far (>2km),False,False,False
441,2001,1658.4631056685114,Siu Hong,22.413564,113.979115,0,False,Moderate (1-2km),False,False,True
522,2001,2632.528903293691,Yuen Long,22.4461,114.0352,0,False,Far (>2km),False,False,False
442,2001,824.1514660993354,Siu Hong,22.413564,113.979115,0,False,Close (500-1000m),False,True,True
522,2001,2957.974845808931,Yuen Long,22.4461,114.0352,0,False,Far (>2km),False,False,False
757,2001,328.9034869301571,Ma On Shan,22.4247,114.2316,0,False,Very Close (<500m),True,True,True
522,2001,3672.781750093593,Kam Sheung Road,22.4348,114.0634,0,False,Far (>2km),False,False,False
757,2001,173.4254898616962,Ma On Shan,22.4247,114.2316,0,False,Very Close (<500m),True,True,True
423,2001,1044.600255056209,Tuen Mun,22.394156,113.973948,0,False,Moderate (1-2km),False,True,True
756,2001,1096.754795369824,Tai Shui Hang,22.4088,114.223,0,False,Moderate (1-2km),True,True,True
422,2001,2739.6642353983493,Tuen Mun,22.394156,113.973948,0,False,Far (>2km),False,False,False
754,2001,369.849872519872,Tai Wai,22.3731,114.1786,0,False,Very Close (<500m),True,True,True
754,2001,272.4500340903876,Tai Wai,22.3731,114.1786,0,False,Very Close (<500m),True,True,True
327,2001,1143.8346009626953,Tai Wo Hau,22.371129,114.126303,0,False,Moderate (1-2km),False,False,True
759,2001,55.89366333538174,Che Kung Temple,22.3748,114.1861,1,True,Very Close (<500m),True,True,True
423,2001,1198.3889019224703,Siu Hong,22.413564,113.979115,0,False,Moderate (1-2km),False,False,True
423,2001,985.5009100884909,Siu Hong,22.413564,113.979115,0,False,Close (500-1000m),False,True,True
423,2001,1594.572658597731,Tuen Mun,22.394156,113.973948,0,False,Moderate (1-2km),False,False,True
732,2001,2409.227387585924,MTR stations,22.383069,114.187757,0,False,Far (>2km),False,False,True
113,2001,382.381761631852,Sai Ying Pun,22.2856,114.1427,0,False,Very Close (<500m),True,True,True
113,2001,540.1323849167101,Sai Ying Pun,22.2856,114.1427,0,False,Close (500-1000m),False,True,True
113,2001,420.50597943065657,Sai Ying Pun,22.2856,114.1427,0,False,Very Close (<500m),True,True,True
112,2001,411.6918455636636,Sai Ying Pun,22.2856,114.1427,0,False,Very Close (<500m),True,True,True
971,2001,5115.222428165389,Disneyland Resort,22.3155,114.0451,0,False,Far (>2km),False,False,False
152,2001,672.6831662128969,North Point,22.2909,114.2007,0,False,Close (500-1000m),True,True,True
112,2001,361.92192330101403,HKU,22.2841,114.1356,0,False,Very Close (<500m),True,True,True
152,2001,506.0733157693857,Tin Hau,22.2827,114.1917,0,False,Close (500-1000m),True,True,True
151,2001,192.4412570030909,Fortress Hill,22.2881,114.1936,0,False,Very Close (<500m),True,True,True
157,2001,284.01842163518904,Tai Koo,22.2846,114.2161,0,False,Very Close (<500m),True,True,True
757,2001,184.6635312105186,Ma On Shan,22.4247,114.2316,0,False,Very Close (<500m),True,True,True
522,2001,2922.5549928672517,Yuen Long,22.4461,114.0352,0,False,Far (>2km),False,False,False
757,2001,290.8045838902194,Heng On,22.4174,114.2258,0,False,Very Close (<500m),True,True,True
757,2001,382.89449036819303,Ma On Shan,22.4247,114.2316,0,False,Very Close (<500m),True,True,True
423,2001,927.7015404037842,Tuen Mun,22.394156,113.973948,0,False,Close (500-1000m),False,True,True
441,2001,992.5542538694597,Siu Hong,22.413564,113.979115,0,False,Close (500-1000m),False,True,True
753,2001,1029.842727920699,University,22.413808,114.209437,0,False,Moderate (1-2km),False,True,True
757,2001,675.0250415918651,Ma On Shan,22.4247,114.2316,0,False,Close (500-1000m),True,True,True
757,2001,569.7780370834627,Ma On Shan,22.4247,114.2316,0,False,Close (500-1000m),True,True,True
753,2001,1231.9548277864917,University,22.413808,114.209437,0,False,Moderate (1-2km),False,True,True
531,2001,2405.772602542735,Kam Sheung Road,22.4348,114.0634,0,False,Far (>2km),False,False,True
757,2001,181.79393012758723,Heng On,22.4174,114.2258,0,False,Very Close (<500m),True,True,True
522,2001,4090.235755870377,Yuen Long,22.4461,114.0352,0,False,Far (>2km),False,False,False
531,2001,3710.9342811263377,Kam Sheung Road,22.4348,114.0634,0,False,Far (>2km),False,False,False
522,2001,3173.751774442191,Yuen Long,22.4461,114.0352,0,False,Far (>2km),False,False,False
442,2001,1134.0054864448275,Siu Hong,22.413564,113.979115,0,False,Moderate (1-2km),False,True,True
757,2001,533.0354080714164,Heng On,22.4174,114.2258,0,False,Close (500-1000m),True,True,True
531,2001,1824.0529564336473,Kam Sheung Road,22.4348,114.0634,0,False,Moderate (1-2km),False,False,True
411,2001,4720.564892374977,Siu Hong,22.413564,113.979115,0,False,Far (>2km),False,False,False
822,2001,5548.3553391459545,Wu Kai Sha,22.4291,114.2438,0,False,Far (>2km),False,False,False
811,2001,6502.3363175826,Wu Kai Sha,22.4291,114.2438,0,False,Far (>2km),False,False,False
441,2001,1452.2225151732143,Siu Hong,22.413564,113.979115,0,False,Moderate (1-2km),False,False,True
442,2001,1121.4395962099888,Siu Hong,22.413564,113.979115,0,False,Moderate (1-2km),False,True,True
441,2001,1748.140223300392,Siu Hong,22.413564,113.979115,0,False,Moderate (1-2km),False,False,True
442,2001,661.815661829088,Siu Hong,22.413564,113.979115,0,False,Close (500-1000m),True,True,True
327,2001,1462.9289191542296,Tai Wo Hau,22.371129,114.126303,0,False,Moderate (1-2km),False,False,True
423,2001,119.1943166127607,Siu Hong,22.413564,113.979115,0,False,Very Close (<500m),True,True,True
425,2001,364.4051609018015,Siu Hong,22.413564,113.979115,0,False,Very Close (<500m),True,True,True
441,2001,1003.7729287987969,Siu Hong,22.413564,113.979115,0,False,Moderate (1-2km),False,True,True
732,2001,1984.1118403723387,Racecourse,22.400476,114.202899,0,False,Moderate (1-2km),False,False,True
753,2001,825.4358165138544,University,22.413808,114.209437,0,False,Close (500-1000m),True,True,True
423,2001,1266.0571439820342,Siu Hong,22.413564,113.979115,0,False,Moderate (1-2km),False,True,True
732,2001,2624.889394774553,Fo Tan,22.3953,114.1982,0,False,Far (>2km),False,False,True
757,2001,367.92650544573183,Heng On,22.4174,114.2258,0,False,Very Close (<500m),True,True,True
423,2001,730.1919848899649,Siu Hong,22.413564,113.979115,0,False,Close (500-1000m),True,True,True
753,2001,419.7006370087501,University,22.413808,114.209437,0,False,Very Close (<500m),True,True,True
425,2001,695.2971946578743,Siu Hong,22.413564,113.979115,0,False,Close (500-1000m),True,True,True
416,2001,3956.2728401281424,Siu Hong,22.413564,113.979115,0,False,Far (>2km),False,False,False
732,2001,3155.389614259042,Fo Tan,22.3953,114.1982,0,False,Far (>2km),False,False,False
425,2001,506.43081958550374,Siu Hong,22.413564,113.979115,0,False,Close (500-1000m),True,True,True
423,2001,935.5504481110805,Tuen Mun,22.394156,113.973948,1,True,Close (500-1000m),True,True,True
425,2001,223.94007412351792,Siu Hong,22.413564,113.979115,0,False,Very Close (<500m),True,True,True
762,2001,2411.750580954353,Tai Shui Hang,22.4088,114.223,0,False,Far (>2km),False,False,True
424,2001,498.05290170217506,Tuen Mun,22.394156,113.973948,0,False,Very Close (<500m),True,True,True
424,2001,525.0692362863755,Tuen Mun,22.394156,113.973948,0,False,Close (500-1000m),True,True,True
753,2001,315.50144932177614,Fo Tan,22.3953,114.1982,0,False,Very Close (<500m),True,True,True
757,2001,260.52223445704385,Heng On,22.4174,114.2258,0,False,Very Close (<500m),True,True,True
441,2001,632.5457049828005,Siu Hong,22.413564,113.979115,0,False,Close (500-1000m),True,True,True
423,2001,632.8180077761964,Tuen Mun,22.394156,113.973948,0,False,Close (500-1000m),False,True,True
423,2001,752.9032625495192,Tuen Mun,22.394156,113.973948,0,False,Close (500-1000m),False,True,True
423,2001,704.1655275072625,Tuen Mun,22.394156,113.973948,0,False,Close (500-1000m),True,True,True
423,2001,410.47455163660953,Siu Hong,22.413564,113.979115,0,False,Very Close (<500m),True,True,True
425,2001,323.48988460728407,Siu Hong,22.413564,113.979115,0,False,Very Close (<500m),True,True,True
811,2001,6334.939047800117,Wu Kai Sha,22.4291,114.2438,0,False,Far (>2km),False,False,False
757,2001,89.8332571176804,Heng On,22.4174,114.2258,1,True,Very Close (<500m),True,True,True
423,2001,273.95211359543833,Siu Hong,22.413564,113.979115,0,False,Very Close (<500m),True,True,True
753,2001,744.4809931680696,University,22.413808,114.209437,0,False,Close (500-1000m),False,True,True
425,2001,432.66805701657734,Siu Hong,22.413564,113.979115,0,False,Very Close (<500m),True,True,True
423,2001,999.6210231853729,Siu Hong,22.413564,113.979115,0,False,Close (500-1000m),False,True,True
310,2001,2416.518799672012,Tsuen Wan station,22.373698,114.117726,0,False,Far (>2km),False,True,True
425,2001,548.2803337086474,Siu Hong,22.413564,113.979115,0,False,Close (500-1000m),True,True,True
757,2001,199.5004946829376,Ma On Shan,22.4247,114.2316,0,False,Very Close (<500m),True,True,True
522,2001,2454.7686946841486,Yuen Long,22.4461,114.0352,0,False,Far (>2km),False,False,False
423,2001,755.334317002226,Siu Hong,22.413564,113.979115,0,False,Close (500-1000m),True,True,True
423,2001,1802.8906164486336,Tuen Mun,22.394156,113.973948,0,False,Moderate (1-2km),False,False,True
812,2001,8582.714292972923,Wu Kai Sha,22.4291,114.2438,0,False,Far (>2km),False,False,False
423,2001,1343.1146829858465,Siu Hong,22.413564,113.979115,0,False,Moderate (1-2km),False,False,True
757,2001,2200.602918893973,Tai Shui Hang,22.4088,114.223,0,False,Far (>2km),False,False,True
753,2001,788.7350525181043,University,22.413808,114.209437,0,False,Close (500-1000m),True,True,True
423,2001,1500.439518386054,Siu Hong,22.413564,113.979115,0,False,Moderate (1-2km),False,False,True
753,2001,915.934776719477,Racecourse,22.400476,114.202899,0,False,Close (500-1000m),False,True,True
412,2001,3741.2718478616666,Kam Sheung Road,22.4348,114.0634,0,False,Far (>2km),False,False,False
423,2001,1748.6404920348787,Tuen Mun,22.394156,113.973948,0,False,Moderate (1-2km),False,False,True
425,2001,741.8608507780074,Siu Hong,22.413564,113.979115,0,False,Close (500-1000m),False,True,True
753,2001,976.7304196515975,Racecourse,22.400476,114.202899,0,False,Close (500-1000m),True,True,True
425,2001,819.7058326429832,Siu Hong,22.413564,113.979115,0,False,Close (500-1000m),False,True,True
811,2001,6486.878374054924,Wu Kai Sha,22.4291,114.2438,0,False,Far (>2km),False,False,False
425,2001,1267.546727150687,Siu Hong,22.413564,113.979115,0,False,Moderate (1-2km),False,True,True
423,2001,444.19538833499985,Siu Hong,22.413564,113.979115,0,False,Very Close (<500m),True,True,True
822,2001,4971.908203947296,Wu Kai Sha,22.4291,114.2438,0,False,Far (>2km),False,False,False
425,2001,299.8492376642605,Siu Hong,22.413564,113.979115,0,False,Very Close (<500m),True,True,True
425,2001,603.0823229644008,Siu Hong,22.413564,113.979115,0,False,Close (500-1000m),True,True,True
425,2001,1000.1212676386535,Siu Hong,22.413564,113.979115,0,False,Moderate (1-2km),False,True,True
753,2001,213.84940048546508,Fo Tan,22.3953,114.1982,1,True,Very Close (<500m),True,True,True
423,2001,835.268377839404,Siu Hong,22.413564,113.979115,0,False,Close (500-1000m),True,True,True
423,2001,1349.023523562262,Siu Hong,22.413564,113.979115,0,False,Moderate (1-2km),False,False,True
428,2001,2160.33927676977,Tuen Mun,22.394156,113.973948,0,False,Far (>2km),False,False,True
756,2001,678.8174563389827,Shek Mun,22.3877,114.2083,0,False,Close (500-1000m),True,True,True
811,2001,7045.657610143963,Wu Kai Sha,22.4291,114.2438,0,False,Far (>2km),False,False,False
755,2001,379.57153490738733,Che Kung Temple,22.3748,114.1861,0,False,Very Close (<500m),True,True,True
425,2001,1024.3231931798625,Siu Hong,22.413564,113.979115,0,False,Moderate (1-2km),False,True,True
757,2001,530.8005998301414,Tai Shui Hang,22.4088,114.223,0,False,Close (500-1000m),True,True,True
423,2001,1115.1001358109102,Tuen Mun,22.394156,113.973948,0,False,Moderate (1-2km),False,True,True
423,2001,1239.9045644225207,Tuen Mun,22.394156,113.973948,0,False,Moderate (1-2km),False,False,True
425,2001,1071.6433270341722,Tuen Mun,22.394156,113.973948,0,False,Moderate (1-2km),False,True,True
822,2001,4822.260582799714,Wu Kai Sha,22.4291,114.2438,0,False,Far (>2km),False,False,False
423,2001,1379.6706500279877,Tuen Mun,22.394156,113.973948,0,False,Moderate (1-2km),False,False,True
423,2001,1015.2752706724339,Tuen Mun,22.394156,113.973948,0,False,Moderate (1-2km),False,True,True
822,2001,4484.223732331466,Wu Kai Sha,22.4291,114.2438,0,False,Far (>2km),False,False,False
294,2001,461.2170461729365,Kwun Tong,22.311559,114.227765,0,False,Very Close (<500m),True,True,True
220,2001,150.99324106552646,Yau Ma Tei,22.3129,114.1707,0,False,Very Close (<500m),True,True,True
295,2001,231.64133157893752,Ngau Tau Kok,22.3154,114.2193,0,False,Very Close (<500m),True,True,True
294,2001,188.04392182597877,Kwun Tong,22.311559,114.227765,0,False,Very Close (<500m),True,True,True
753,2001,589.7250685064834,Racecourse,22.400476,114.202899,0,False,Close (500-1000m),True,True,True
811,2001,5880.207692995085,Wu Kai Sha,22.4291,114.2438,0,False,Far (>2km),False,False,False
425,2001,1012.8829791407252,Siu Hong,22.413564,113.979115,0,False,Moderate (1-2km),False,True,True
425,2001,712.2133003378788,Tuen Mun,22.394156,113.973948,0,False,Close (500-1000m),True,True,True
423,2001,255.84547968023236,Tuen Mun,22.394156,113.973948,0,False,Very Close (<500m),True,True,True
423,2001,550.6023451214513,Tuen Mun,22.394156,113.973948,0,False,Close (500-1000m),True,True,True
753,2001,122.26151429583267,Racecourse,22.400476,114.202899,1,True,Very Close (<500m),True,True,True
425,2001,986.2324897016887,Siu Hong,22.413564,113.979115,0,False,Close (500-1000m),False,True,True
425,2001,706.2920430693187,Tuen Mun,22.394156,113.973948,0,False,Close (500-1000m),True,True,True
424,2001,736.837308066971,Tuen Mun,22.394156,113.973948,0,False,Close (500-1000m),False,True,True
423,2001,780.9956507005278,Tuen Mun,22.394156,113.973948,0,False,Close (500-1000m),False,True,True
424,2001,712.0619633831597,Tuen Mun,22.394156,113.973948,0,False,Close (500-1000m),False,True,True
753,2001,807.3746471033662,Fo Tan,22.3953,114.1982,0,False,Close (500-1000m),False,True,True
753,2001,451.17913792898474,Fo Tan,22.3953,114.1982,0,False,Very Close (<500m),True,True,True
425,2001,1082.8659575065599,Tuen Mun,22.394156,113.973948,0,False,Moderate (1-2km),False,True,True
753,2001,1028.7529172741727,Fo Tan,22.3953,114.1982,0,False,Moderate (1-2km),False,True,True
824,2001,4181.474074052898,Wu Kai Sha,22.4291,114.2438,0,False,Far (>2km),False,False,False
756,2001,213.3483098219268,Shek Mun,22.3877,114.2083,0,False,Very Close (<500m),True,True,True
758,2001,522.5228816946475,MTR stations,22.383069,114.187757,0,False,Close (500-1000m),True,True,True
758,2001,841.8242705847978,City One,22.3828,114.2035,0,False,Close (500-1000m),True,True,True
423,2001,793.786147323155,Tuen Mun,22.394156,113.973948,0,False,Close (500-1000m),False,True,True
822,2001,4738.809922017899,Wu Kai Sha,22.4291,114.2438,0,False,Far (>2km),False,False,False
425,2001,815.0284821850878,Tuen Mun,22.394156,113.973948,0,False,Close (500-1000m),False,True,True
811,2001,7015.279334629951,Wu Kai Sha,22.4291,114.2438,0,False,Far (>2km),False,False,False
425,2001,917.4056992511208,Tuen Mun,22.394156,113.973948,0,False,Close (500-1000m),False,True,True
753,2001,577.6030836620524,Racecourse,22.400476,114.202899,0,False,Close (500-1000m),True,True,True
753,2001,1166.640590013884,Fo Tan,22.3953,114.1982,0,False,Moderate (1-2km),False,False,True
423,2001,829.3466427063009,Tuen Mun,22.394156,113.973948,0,False,Close (500-1000m),False,True,True
758,2001,819.8150718071187,Fo Tan,22.3953,114.1982,0,False,Close (500-1000m),True,True,True
753,2001,700.5197763123543,Fo Tan,22.3953,114.1982,0,False,Close (500-1000m),True,True,True
423,2001,711.679572284207,Tuen Mun,22.394156,113.973948,0,False,Close (500-1000m),False,True,True
423,2001,1411.8024998626645,Tuen Mun,22.394156,113.973948,0,False,Moderate (1-2km),False,True,True
423,2001,799.3582772874523,Tuen Mun,22.394156,113.973948,0,False,Close (500-1000m),False,True,True
822,2001,5136.802695905659,Wu Kai Sha,22.4291,114.2438,0,False,Far (>2km),False,False,False
423,2001,490.16745511257875,Tuen Mun,22.394156,113.973948,0,False,Very Close (<500m),True,True,True
753,2001,924.9509058987142,Fo Tan,22.3953,114.1982,0,False,Close (500-1000m),False,True,True
423,2001,427.9674044754044,Tuen Mun,22.394156,113.973948,0,False,Very Close (<500m),True,True,True
424,2001,407.7618575242209,Tuen Mun,22.394156,113.973948,0,False,Very Close (<500m),True,True,True
423,2001,559.8111285699575,Tuen Mun,22.394156,113.973948,0,False,Close (500-1000m),True,True,True
424,2001,290.7578905732667,Tuen Mun,22.394156,113.973948,0,False,Very Close (<500m),True,True,True
759,2001,584.238389097134,Che Kung Temple,22.3748,114.1861,0,False,Close (500-1000m),True,True,True
327,2001,834.2888074313449,Kwai Hing,22.3632,114.1312,0,False,Close (500-1000m),False,True,True
324,2001,475.25568168669105,Tsuen Wan,22.3736,114.1178,0,False,Very Close (<500m),True,True,True
326,2001,307.9411228298655,Tai Wo Hau,22.371129,114.126303,0,False,Very Close (<500m),True,True,True
426,2001,3806.0508940079367,Tuen Mun,22.394156,113.973948,0,False,Far (>2km),False,False,False
324,2001,502.0554366107467,Tai Wo Hau,22.371129,114.126303,0,False,Close (500-1000m),True,True,True
761,2001,1757.475346959107,Hin Keng,22.364,114.1708,0,False,Moderate (1-2km),False,False,True
328,2001,493.02335648341585,Kwai Fong,22.3569,114.1279,0,False,Very Close (<500m),True,True,True
350,2001,1107.0391551967803,Tsing Yi,22.360206,114.107587,0,False,Moderate (1-2km),False,True,True
820,2001,3499.9050743067837,Po Lam,22.3224,114.258,0,False,Far (>2km),False,False,False
756,2001,1387.2285408903238,Tai Shui Hang,22.4088,114.223,0,False,Moderate (1-2km),False,False,True
424,2001,633.9878625441014,Tuen Mun,22.394156,113.973948,0,False,Close (500-1000m),False,True,True
423,2001,1322.0157630446126,Tuen Mun,22.394156,113.973948,0,False,Moderate (1-2km),False,False,True
424,2001,514.1173355403076,Tuen Mun,22.394156,113.973948,0,False,Close (500-1000m),True,True,True
423,2001,931.0661589296695,Tuen Mun,22.394156,113.973948,0,False,Close (500-1000m),False,True,True
424,2001,180.36675866463818,Tuen Mun,22.394156,113.973948,0,False,Very Close (<500m),True,True,True
753,2001,670.7663942792491,Fo Tan,22.3953,114.1982,0,False,Close (500-1000m),False,True,True
425,2001,710.875476244873,Tuen Mun,22.394156,113.973948,0,False,Close (500-1000m),True,True,True
753,2001,350.81066165652555,Fo Tan,22.3953,114.1982,0,False,Very Close (<500m),True,True,True
423,2001,750.1522702388294,Tuen Mun,22.394156,113.973948,0,False,Close (500-1000m),False,True,True
753,2001,1099.0371530568575,Fo Tan,22.3953,114.1982,0,False,Moderate (1-2km),False,True,True
423,2001,339.8369188826253,Tuen Mun,22.394156,113.973948,0,False,Very Close (<500m),True,True,True
758,2001,157.52762639657513,Sha Tin,22.3825,114.1875,0,False,Very Close (<500m),True,True,True
422,2001,1647.3680911381025,Tuen Mun,22.394156,113.973948,0,False,Moderate (1-2km),False,False,True
226,2001,224.06895272508163,Yau Ma Tei,22.3129,114.1707,0,False,Very Close (<500m),True,True,True
228,2001,151.78230744425272,Yau Ma Tei,22.3129,114.1707,0,False,Very Close (<500m),True,True,True
753,2001,531.1188281822283,Fo Tan,22.3953,114.1982,0,False,Close (500-1000m),True,True,True
753,2001,198.3834856307466,Fo Tan,22.3953,114.1982,0,False,Very Close (<500m),True,True,True
423,2001,653.8564296806635,Tuen Mun,22.394156,113.973948,0,False,Close (500-1000m),False,True,True
423,2001,556.0690063546758,Tuen Mun,22.394156,113.973948,0,False,Close (500-1000m),True,True,True
424,2001,314.7747296591749,Tuen Mun,22.394156,113.973948,0,False,Very Close (<500m),True,True,True
822,2001,4605.14103342716,Wu Kai Sha,22.4291,114.2438,0,False,Far (>2km),False,False,False
423,2001,474.6587455928679,Tuen Mun,22.394156,113.973948,0,False,Very Close (<500m),True,True,True
424,2001,320.23608527095877,Tuen Mun,22.394156,113.973948,0,False,Very Close (<500m),True,True,True
756,2001,854.7658989671439,Shek Mun,22.3877,114.2083,0,False,Close (500-1000m),True,True,True
423,2001,394.9506419459968,Tuen Mun,22.394156,113.973948,0,False,Very Close (<500m),True,True,True
423,2001,329.4394915485162,Tuen Mun,22.394156,113.973948,0,False,Very Close (<500m),True,True,True
425,2001,489.460339449823,Tuen Mun,22.394156,113.973948,0,False,Very Close (<500m),True,True,True
758,2001,319.7104010859946,MTR stations,22.383069,114.187757,0,False,Very Close (<500m),True,True,True
423,2001,1184.6420016034822,Tuen Mun,22.394156,113.973948,0,False,Moderate (1-2km),False,False,True
424,2001,406.1559418974992,Tuen Mun,22.394156,113.973948,0,False,Very Close (<500m),True,True,True
822,2001,4187.6737661551415,Tai Shui Hang,22.4088,114.223,0,False,Far (>2km),False,False,False
423,2001,586.917460959962,Tuen Mun,22.394156,113.973948,0,False,Close (500-1000m),False,True,True
423,2001,527.5368891731398,Tuen Mun,22.394156,113.973948,0,False,Close (500-1000m),True,True,True
423,2001,419.34990360430027,Tuen Mun,22.394156,113.973948,0,False,Very Close (<500m),True,True,True
423,2001,326.7964655969135,Tuen Mun,22.394156,113.973948,0,False,Very Close (<500m),True,True,True
753,2001,266.84768397862933,Fo Tan,22.3953,114.1982,0,False,Very Close (<500m),True,True,True
424,2001,91.64273023933447,Tuen Mun,22.394156,113.973948,1,True,Very Close (<500m),True,True,True
423,2001,243.58593239746745,Tuen Mun,22.394156,113.973948,0,False,Very Close (<500m),True,True,True
758,2001,287.0767467991124,MTR stations,22.383069,114.187757,0,False,Very Close (<500m),True,True,True
822,2001,5025.7995133647155,Tai Shui Hang,22.4088,114.223,0,False,Far (>2km),False,False,False
758,2001,515.6318718844248,Fo Tan,22.3953,114.1982,0,False,Close (500-1000m),True,True,True
424,2001,558.6606736523528,Tuen Mun,22.394156,113.973948,0,False,Close (500-1000m),True,True,True
822,2001,4281.595161599419,Tai Shui Hang,22.4088,114.223,0,False,Far (>2km),False,False,False
424,2001,435.076677134596,Tuen Mun,22.394156,113.973948,0,False,Very Close (<500m),True,True,True
756,2001,666.7399804047079,Shek Mun,22.3877,114.2083,0,False,Close (500-1000m),True,True,True
755,2001,471.041393296006,Sha Tin Wai,22.3771,114.195,0,False,Very Close (<500m),True,True,True
755,2001,504.4942188698037,City One,22.3828,114.2035,0,False,Close (500-1000m),True,True,True
758,2001,283.8890863598181,Sha Tin,22.3825,114.1875,0,False,Very Close (<500m),True,True,True
244,2001,517.8142136997368,To Kwa Wan,22.3172,114.1876,0,False,Close (500-1000m),True,True,True
244,2001,334.0227809084863,To Kwa Wan,22.3172,114.1876,0,False,Very Close (<500m),True,True,True
241,2001,368.5135917669534,To Kwa Wan,22.3172,114.1876,0,False,Very Close (<500m),True,True,True
228,2001,182.0558014859887,Yau Ma Tei,22.3129,114.1707,0,False,Very Close (<500m),True,True,True
295,2001,401.4190757456579,Ngau Tau Kok,22.3154,114.2193,0,False,Very Close (<500m),True,True,True
295,2001,208.35987651736875,Ngau Tau Kok,22.3154,114.2193,0,False,Very Close (<500m),True,True,True
226,2001,495.24526228713347,Jordan,22.3049,114.1718,0,False,Very Close (<500m),True,True,True
226,2001,433.00998285542323,Ho Man Tin,22.308953,114.181612,0,False,Very Close (<500m),True,True,True
225,2001,253.78014499815828,Austin station,22.306294,114.164522,0,False,Very Close (<500m),True,True,True
822,2001,4498.341340540004,Tai Shui Hang,22.4088,114.223,0,False,Far (>2km),False,False,False
756,2001,398.2975274712944,City One,22.3828,114.2035,0,False,Very Close (<500m),True,True,True
322,2001,854.2872075800536,Tsuen Wan station,22.373698,114.117726,0,False,Close (500-1000m),True,True,True
323,2001,1644.7208289426521,Tsuen Wan station,22.373698,114.117726,0,False,Moderate (1-2km),False,False,True
755,2001,690.9550609996232,City One,22.3828,114.2035,0,False,Close (500-1000m),True,True,True
753,2001,662.2845220876279,Fo Tan,22.3953,114.1982,0,False,Close (500-1000m),False,True,True
753,2001,524.3534005200739,Fo Tan,22.3953,114.1982,0,False,Close (500-1000m),True,True,True
424,2001,242.44643581448668,Tuen Mun,22.394156,113.973948,0,False,Very Close (<500m),True,True,True
825,2001,5426.114267628491,Tai Shui Hang,22.4088,114.223,0,False,Far (>2km),False,False,False
755,2001,543.3005232909802,Sha Tin Wai,22.3771,114.195,0,False,Close (500-1000m),True,True,True
321,2001,1029.0260296952638,Tai Wo Hau,22.371129,114.126303,0,False,Moderate (1-2km),False,True,True
753,2001,364.33837879979114,Racecourse,22.400476,114.202899,0,False,Very Close (<500m),True,True,True
423,2001,433.81073414824647,Tuen Mun,22.394156,113.973948,0,False,Very Close (<500m),True,True,True
762,2001,2953.7813652953078,Tai Shui Hang,22.4088,114.223,0,False,Far (>2km),False,False,False
756,2001,207.15121066535798,Shek Mun,22.3877,114.2083,1,True,Very Close (<500m),True,True,True
758,2001,360.071815236389,Fo Tan,22.3953,114.1982,0,False,Very Close (<500m),True,True,True
423,2001,609.3097642169058,Tuen Mun,22.394156,113.973948,0,False,Close (500-1000m),False,True,True
753,2001,1002.7234021164371,MTR stations,22.383069,114.187757,0,False,Moderate (1-2km),False,True,True
758,2001,778.6059258446232,MTR stations,22.383069,114.187757,0,False,Close (500-1000m),False,True,True
333,2001,3601.7864602155178,Tsuen Wan West,22.36755,114.11098,0,False,Far (>2km),False,False,False
822,2001,4577.736975843219,Tai Shui Hang,22.4088,114.223,0,False,Far (>2km),False,False,False
822,2001,5324.541085035867,Wu Kai Sha,22.4291,114.2438,0,False,Far (>2km),False,False,False
824,2001,3899.8529662480614,Tai Shui Hang,22.4088,114.223,0,False,Far (>2km),False,False,False
424,2001,905.9428642479011,Tuen Mun,22.394156,113.973948,0,False,Close (500-1000m),False,True,True
758,2001,794.3805222030683,MTR stations,22.383069,114.187757,0,False,Close (500-1000m),False,True,True
321,2001,1246.7904957400362,Tsuen Wan station,22.373698,114.117726,0,False,Moderate (1-2km),False,True,True
822,2001,5069.4942587795485,Tai Shui Hang,22.4088,114.223,0,False,Far (>2km),False,False,False
755,2001,494.59891785352954,City One,22.3828,114.2035,0,False,Very Close (<500m),True,True,True
325,2001,1123.3581768097556,Tai Wo Hau,22.371129,114.126303,0,False,Moderate (1-2km),False,True,True
825,2001,5379.747675688317,Tai Shui Hang,22.4088,114.223,0,False,Far (>2km),False,False,False
423,2001,710.6768238060785,Tuen Mun,22.394156,113.973948,0,False,Close (500-1000m),True,True,True
822,2001,4829.999865709252,Tai Shui Hang,22.4088,114.223,0,False,Far (>2km),False,False,False
423,2001,651.0635969416619,Tuen Mun,22.394156,113.973948,0,False,Close (500-1000m),False,True,True
424,2001,699.8644437001577,Tuen Mun,22.394156,113.973948,0,False,Close (500-1000m),False,True,True
323,2001,1371.1025161337682,Tsuen Wan station,22.373698,114.117726,0,False,Moderate (1-2km),False,False,True
423,2001,674.6766344580216,Tuen Mun,22.394156,113.973948,0,False,Close (500-1000m),False,True,True
424,2001,707.9062577180829,Tuen Mun,22.394156,113.973948,0,False,Close (500-1000m),True,True,True
424,2001,763.5394919125246,Tuen Mun,22.394156,113.973948,0,False,Close (500-1000m),True,True,True
425,2001,1170.4364047849365,Tuen Mun,22.394156,113.973948,0,False,Moderate (1-2km),False,True,True
756,2001,111.38319105739562,Shek Mun,22.3877,114.2083,0,False,Very Close (<500m),True,True,True
113,2001,407.0000344477005,Sheung Wan,22.285899,114.153707,0,False,Very Close (<500m),True,True,True
247,2001,481.74732918065496,To Kwa Wan,22.3172,114.1876,0,False,Very Close (<500m),True,True,True
236,2001,712.5529462806746,Ho Man Tin,22.308953,114.181612,0,False,Close (500-1000m),False,True,True
229,2001,527.2050971592056,Yau Ma Tei,22.3129,114.1707,0,False,Close (500-1000m),True,True,True
266,2001,200.53766901183852,Sham Shui Po,22.330141,114.163247,0,False,Very Close (<500m),True,True,True
271,2001,784.5839059461641,Sung Wong Toi,22.326139,114.190407,0,False,Close (500-1000m),False,True,True
267,2001,311.7214377130114,Shek Kip Mei,22.332,114.1687,0,False,Very Close (<500m),True,True,True
267,2001,129.99720223260027,Sham Shui Po,22.330141,114.163247,0,False,Very Close (<500m),True,True,True
266,2001,366.08732460399324,Sham Shui Po,22.330141,114.163247,0,False,Very Close (<500m),True,True,True
267,2001,245.4752245579112,Sham Shui Po,22.330141,114.163247,0,False,Very Close (<500m),True,True,True
266,2001,105.51459182925193,Sham Shui Po,22.330141,114.163247,0,False,Very Close (<500m),True,True,True
265,2001,446.805747784986,Nam Cheong,22.32829,114.1538,0,False,Very Close (<500m),True,True,True
268,2001,725.8297078675606,Shek Kip Mei,22.332,114.1687,0,False,Close (500-1000m),False,True,True
271,2001,860.0254432970363,Kowloon Tong,22.336809,114.177245,0,False,Close (500-1000m),False,True,True
266,2001,249.59407219560143,Sham Shui Po,22.330141,114.163247,0,False,Very Close (<500m),True,True,True
271,2001,825.8137577616523,Sung Wong Toi,22.326139,114.190407,0,False,Close (500-1000m),False,True,True
154,2001,353.89174958105355,Quarry Bay,22.2878,114.2096,0,False,Very Close (<500m),True,True,True
112,2001,458.55786034002415,Sai Ying Pun,22.2856,114.1427,0,False,Very Close (<500m),True,True,True
152,2001,471.84608184624653,North Point,22.2909,114.2007,0,False,Very Close (<500m),True,True,True
155,2001,292.0695252112502,Quarry Bay,22.2878,114.2096,0,False,Very Close (<500m),True,True,True
112,2001,464.8740259556547,HKU,22.2841,114.1356,0,False,Very Close (<500m),True,True,True
152,2001,354.95600075170194,Fortress Hill,22.2881,114.1936,0,False,Very Close (<500m),True,True,True
272,2001,721.0494230462598,Lok Fu,22.338,114.1871,0,False,Close (500-1000m),True,True,True
272,2001,470.3272831274085,Lok Fu,22.338,114.1871,0,False,Very Close (<500m),True,True,True
272,2001,387.51770282549614,Lok Fu,22.338,114.1871,0,False,Very Close (<500m),True,True,True
263,2001,331.5167763864492,Shek Kip Mei,22.332,114.1687,0,False,Very Close (<500m),True,True,True
284,2001,613.7114828747351,Kai Tak,22.3304,114.1994,0,False,Close (500-1000m),False,True,True
280,2001,446.7802400871436,Choi Hung,22.334161,114.210289,0,False,Very Close (<500m),True,True,True
265,2001,317.8930847168596,Cheung Sha Wan,22.3354,114.1563,0,False,Very Close (<500m),True,True,True
283,2001,764.9406663069703,Lok Fu,22.338,114.1871,0,False,Close (500-1000m),False,True,True
271,2001,940.497972187408,Kowloon Tong,22.336809,114.177245,0,False,Close (500-1000m),False,True,True
292,2001,1342.0925758574656,Kowloon Bay,22.3235,114.2141,0,False,Moderate (1-2km),False,False,True
268,2001,580.8567262170708,Shek Kip Mei,22.332,114.1687,0,False,Close (500-1000m),True,True,True
295,2001,110.33681329535398,Ngau Tau Kok,22.3154,114.2193,0,False,Very Close (<500m),True,True,True
229,2001,487.21918333049024,Olympic,22.3178,114.1602,0,False,Very Close (<500m),True,True,True
228,2001,254.37477994745834,Yau Ma Tei,22.3129,114.1707,0,False,Very Close (<500m),True,True,True
294,2001,404.18450289622774,Kwun Tong,22.311559,114.227765,0,False,Very Close (<500m),True,True,True
294,2001,430.26881461790595,Ngau Tau Kok,22.3154,114.2193,0,False,Very Close (<500m),True,True,True
228,2001,281.25358827205923,Yau Ma Tei,22.3129,114.1707,0,False,Very Close (<500m),True,True,True
297,2001,1137.5363043872235,Lam Tin,22.305367,114.234261,0,False,Moderate (1-2km),False,False,True
236,2001,471.9674621448778,Ho Man Tin,22.308953,114.181612,0,False,Very Close (<500m),True,True,True
228,2001,310.1595012419431,Yau Ma Tei,22.3129,114.1707,0,False,Very Close (<500m),True,True,True
151,2001,282.3023056195183,Fortress Hill,22.2881,114.1936,0,False,Very Close (<500m),True,True,True
157,2001,272.34092460940485,Tai Koo,22.2846,114.2161,0,False,Very Close (<500m),True,True,True
157,2001,389.14282101722813,Tai Koo,22.2846,114.2161,0,False,Very Close (<500m),True,True,True
266,2001,419.3844963641048,Sham Shui Po,22.330141,114.163247,0,False,Very Close (<500m),True,True,True
268,2001,651.0723408953779,Mong Kok East,22.3222,114.1728,0,False,Close (500-1000m),True,True,True
265,2001,353.15451010165776,Nam Cheong,22.32829,114.1538,0,False,Very Close (<500m),True,True,True
267,2001,134.4389565721878,Sham Shui Po,22.330141,114.163247,0,False,Very Close (<500m),True,True,True
271,2001,683.3667636068458,Sung Wong Toi,22.326139,114.190407,0,False,Close (500-1000m),False,True,True
268,2001,570.6705895576304,Shek Kip Mei,22.332,114.1687,0,False,Close (500-1000m),True,True,True
266,2001,164.0884148206975,Sham Shui Po,22.330141,114.163247,0,False,Very Close (<500m),True,True,True
835,2001,1000.6224441717754,Po Lam,22.3224,114.258,0,False,Moderate (1-2km),False,True,True
112,2001,249.998702491467,HKU,22.2841,114.1356,0,False,Very Close (<500m),True,True,True
113,2001,529.817811373231,Sai Ying Pun,22.2856,114.1427,0,False,Close (500-1000m),True,True,True
112,2001,398.1101375071876,HKU,22.2841,114.1356,0,False,Very Close (<500m),True,True,True
152,2001,258.94922477199214,Tin Hau,22.2827,114.1917,0,False,Very Close (<500m),True,True,True
141,2001,235.0674739625194,Sai Ying Pun,22.2856,114.1427,0,False,Very Close (<500m),True,True,True
113,2001,536.684922247281,Sheung Wan,22.285899,114.153707,0,False,Close (500-1000m),True,True,True
151,2001,138.48590697296422,Tin Hau,22.2827,114.1917,0,False,Very Close (<500m),True,True,True
114,2001,398.0712226560269,Sheung Wan,22.285899,114.153707,0,False,Very Close (<500m),True,True,True
141,2001,314.9790681988843,Sai Ying Pun,22.2856,114.1427,0,False,Very Close (<500m),True,True,True
151,2001,101.61038999994648,Tin Hau,22.2827,114.1917,0,False,Very Close (<500m),True,True,True
121,2001,261.80758401373885,Railway stations in Hong Kong,22.284721,114.157986,0,False,Very Close (<500m),True,True,True
121,2001,160.43854673068378,Railway stations in Hong Kong,22.284721,114.157986,0,False,Very Close (<500m),True,True,True
156,2001,246.38413490641256,Tai Koo,22.2846,114.2161,0,False,Very Close (<500m),True,True,True
141,2001,324.8067468597813,Sai Ying Pun,22.2856,114.1427,0,False,Very Close (<500m),True,True,True
166,2001,361.28843899020364,Tai Koo,22.2846,114.2161,0,False,Very Close (<500m),True,True,True
111,2001,441.89511052498216,Kennedy Town,22.2812,114.1285,0,False,Very Close (<500m),True,True,True
122,2001,264.7320451757321,Sheung Wan,22.285899,114.153707,0,False,Very Close (<500m),True,True,True
142,2001,512.8133016070499,Sai Ying Pun,22.2856,114.1427,0,False,Close (500-1000m),True,True,True
114,2001,380.31308110472025,Sheung Wan,22.285899,114.153707,0,False,Very Close (<500m),True,True,True
156,2001,401.0458809730896,Tai Koo,22.2846,114.2161,0,False,Very Close (<500m),True,True,True
151,2001,85.498105154671,Tin Hau,22.2827,114.1917,0,False,Very Close (<500m),True,True,True
151,2001,183.6092460475888,Tin Hau,22.2827,114.1917,0,False,Very Close (<500m),True,True,True
122,2001,362.2724332130596,Sheung Wan,22.285899,114.153707,0,False,Very Close (<500m),True,True,True
121,2001,180.6165099852253,Central,22.281938,114.158077,0,False,Very Close (<500m),True,True,True
121,2001,232.92108113729407,Central,22.281938,114.158077,0,False,Very Close (<500m),True,True,True
111,2001,269.578552174613,Kennedy Town,22.2812,114.1285,0,False,Very Close (<500m),True,True,True
151,2001,12.734448684385011,Tin Hau,22.2827,114.1917,1,True,Very Close (<500m),True,True,True
122,2001,352.95030942325957,Sheung Wan,22.285899,114.153707,0,False,Very Close (<500m),True,True,True
161,2001,238.03596720436252,Sai Wan Ho,22.2816,114.2224,0,False,Very Close (<500m),True,True,True
161,2001,221.58723975898423,Sai Wan Ho,22.2816,114.2224,0,False,Very Close (<500m),True,True,True
111,2001,369.19328060727236,Kennedy Town,22.2812,114.1285,0,False,Very Close (<500m),True,True,True
161,2001,165.28093512368423,Sai Wan Ho,22.2816,114.2224,0,False,Very Close (<500m),True,True,True
111,2001,192.80008606040434,Kennedy Town,22.2812,114.1285,0,False,Very Close (<500m),True,True,True
157,2001,504.76140370915505,Tai Koo,22.2846,114.2161,0,False,Close (500-1000m),True,True,True
154,2001,301.2376640897302,Quarry Bay,22.2878,114.2096,0,False,Very Close (<500m),True,True,True
112,2001,380.8844019668643,Sai Ying Pun,22.2856,114.1427,0,False,Very Close (<500m),True,True,True
151,2001,264.09499867579126,Fortress Hill,22.2881,114.1936,0,False,Very Close (<500m),True,True,True
113,2001,296.37782099152867,Sai Ying Pun,22.2856,114.1427,0,False,Very Close (<500m),True,True,True
950,2001,629.1656443967671,Tung Chung,22.2893,113.9416,0,False,Close (500-1000m),True,True,True
112,2001,324.0819015166722,Sai Ying Pun,22.2856,114.1427,0,False,Very Close (<500m),True,True,True
112,2001,256.44572363608233,Sai Ying Pun,22.2856,114.1427,0,False,Very Close (<500m),True,True,True
114,2001,192.13664887476662,Sheung Wan,22.285899,114.153707,0,False,Very Close (<500m),True,True,True
114,2001,181.5951243331058,Sheung Wan,22.285899,114.153707,0,False,Very Close (<500m),True,True,True
121,2001,183.57430616318837,Railway stations in Hong Kong,22.284721,114.157986,0,False,Very Close (<500m),True,True,True
156,2001,389.94973465056904,Tai Koo,22.2846,114.2161,0,False,Very Close (<500m),True,True,True
112,2001,249.1591097401175,Sai Ying Pun,22.2856,114.1427,0,False,Very Close (<500m),True,True,True
112,2001,149.7053826341686,Sai Ying Pun,22.2856,114.1427,0,False,Very Close (<500m),True,True,True
112,2001,86.03517924578213,Sai Ying Pun,22.2856,114.1427,0,False,Very Close (<500m),True,True,True
112,2001,218.03432156475765,HKU,22.2841,114.1356,0,False,Very Close (<500m),True,True,True
151,2001,249.23007159402167,Fortress Hill,22.2881,114.1936,0,False,Very Close (<500m),True,True,True
116,2001,267.2887413928817,HKU,22.2841,114.1356,0,False,Very Close (<500m),True,True,True
837,2001,388.7479335430876,Hang Hau,22.3156,114.2644,0,False,Very Close (<500m),True,True,True
229,2001,677.673646062485,Olympic,22.3178,114.1602,0,False,Close (500-1000m),False,True,True
141,2001,403.61499036630715,Sai Ying Pun,22.2856,114.1427,0,False,Very Close (<500m),True,True,True
161,2001,459.3556488074743,Shau Kei Wan,22.2789,114.2289,0,False,Very Close (<500m),True,True,True
161,2001,402.96113358807736,Shau Kei Wan,22.2789,114.2289,0,False,Very Close (<500m),True,True,True
122,2001,419.89969860198687,Sheung Wan,22.285899,114.153707,0,False,Very Close (<500m),True,True,True
141,2001,411.17277704518756,Sai Ying Pun,22.2856,114.1427,0,False,Very Close (<500m),True,True,True
121,2001,142.1052898295792,Central,22.281938,114.158077,0,False,Very Close (<500m),True,True,True
113,2001,226.84865289908666,Sai Ying Pun,22.2856,114.1427,0,False,Very Close (<500m),True,True,True
112,2001,184.75243285580805,HKU,22.2841,114.1356,0,False,Very Close (<500m),True,True,True
226,2001,493.7195021302503,Yau Ma Tei,22.3129,114.1707,0,False,Very Close (<500m),True,True,True
227,2001,376.4866052007313,Yau Ma Tei,22.3129,114.1707,0,False,Very Close (<500m),True,True,True
235,2001,625.7132492356803,Yau Ma Tei,22.3129,114.1707,0,False,Close (500-1000m),True,True,True
294,2001,558.7995180060922,Kwun Tong,22.311559,114.227765,0,False,Close (500-1000m),False,True,True
247,2001,510.447593604049,To Kwa Wan,22.3172,114.1876,0,False,Close (500-1000m),True,True,True
227,2001,358.1715269586423,Yau Ma Tei,22.3129,114.1707,0,False,Very Close (<500m),True,True,True
227,2001,348.1191605753755,Yau Ma Tei,22.3129,114.1707,0,False,Very Close (<500m),True,True,True
113,2001,339.7377659961943,Sheung Wan,22.285899,114.153707,0,False,Very Close (<500m),True,True,True
151,2001,206.45222458613122,Tin Hau,22.2827,114.1917,0,False,Very Close (<500m),True,True,True
141,2001,173.44914773588212,Sai Ying Pun,22.2856,114.1427,0,False,Very Close (<500m),True,True,True
112,2001,101.62786425745949,HKU,22.2841,114.1356,0,False,Very Close (<500m),True,True,True
141,2001,312.12283963978933,HKU,22.2841,114.1356,0,False,Very Close (<500m),True,True,True
151,2001,196.76010073733198,Tin Hau,22.2827,114.1917,0,False,Very Close (<500m),True,True,True
156,2001,181.63906275254303,Tai Koo,22.2846,114.2161,0,False,Very Close (<500m),True,True,True
156,2001,300.8615411576727,Tai Koo,22.2846,114.2161,0,False,Very Close (<500m),True,True,True
297,2001,1252.970505790031,Lam Tin,22.305367,114.234261,0,False,Moderate (1-2km),False,True,True
294,2001,410.44518705967783,Ngau Tau Kok,22.3154,114.2193,0,False,Very Close (<500m),True,True,True
835,2001,750.890225892766,Tseung Kwan O,22.308658,114.260241,0,False,Close (500-1000m),False,True,True
156,2001,164.9631274000033,Tai Koo,22.2846,114.2161,1,True,Very Close (<500m),True,True,True
113,2001,538.4111332230036,Sai Ying Pun,22.2856,114.1427,0,False,Close (500-1000m),True,True,True
113,2001,476.2813783733245,Sheung Wan,22.285899,114.153707,0,False,Very Close (<500m),True,True,True
837,2001,81.20577301763736,Hang Hau,22.3156,114.2644,1,True,Very Close (<500m),True,True,True
235,2001,554.7773460788939,Yau Ma Tei,22.3129,114.1707,0,False,Close (500-1000m),True,True,True
837,2001,370.2644691578664,Hang Hau,22.3156,114.2644,0,False,Very Close (<500m),True,True,True
294,2001,494.53936118223777,Kwun Tong,22.311559,114.227765,0,False,Very Close (<500m),True,True,True
229,2001,480.18859558991136,Yau Ma Tei,22.3129,114.1707,0,False,Very Close (<500m),True,True,True
241,2001,146.45416964816962,To Kwa Wan,22.3172,114.1876,0,False,Very Close (<500m),True,True,True
241,2001,170.97137922473019,To Kwa Wan,22.3172,114.1876,0,False,Very Close (<500m),True,True,True
229,2001,403.6417099059128,Yau Ma Tei,22.3129,114.1707,0,False,Very Close (<500m),True,True,True
294,2001,487.3048087659629,Ngau Tau Kok,22.3154,114.2193,0,False,Very Close (<500m),True,True,True
229,2001,455.74685040477425,Yau Ma Tei,22.3129,114.1707,0,False,Very Close (<500m),True,True,True
229,2001,320.560090562329,Yau Ma Tei,22.3129,114.1707,0,False,Very Close (<500m),True,True,True
294,2001,513.4047423927826,Ngau Tau Kok,22.3154,114.2193,0,False,Close (500-1000m),True,True,True
294,2001,210.04704288877957,Ngau Tau Kok,22.3154,114.2193,0,False,Very Close (<500m),True,True,True
294,2001,470.00711158541884,Ngau Tau Kok,22.3154,114.2193,0,False,Very Close (<500m),True,True,True
161,2001,536.103491332456,Shau Kei Wan,22.2789,114.2289,0,False,Close (500-1000m),True,True,True
111,2001,260.19248668522835,Kennedy Town,22.2812,114.1285,0,False,Very Close (<500m),True,True,True
123,2001,58.87160208133013,Central,22.281938,114.158077,1,True,Very Close (<500m),True,True,True
146,2001,446.46264276189777,Causeway Bay,22.279392,114.182926,0,False,Very Close (<500m),True,True,True
161,2001,609.4715348427503,Shau Kei Wan,22.2789,114.2289,0,False,Close (500-1000m),False,True,True
161,2001,68.11794343769114,Sai Wan Ho,22.2816,114.2224,1,True,Very Close (<500m),True,True,True
227,2001,477.8240381114719,Yau Ma Tei,22.3129,114.1707,0,False,Very Close (<500m),True,True,True
227,2001,484.1400193178306,Yau Ma Tei,22.3129,114.1707,0,False,Very Close (<500m),True,True,True
229,2001,512.2281983207464,Yau Ma Tei,22.3129,114.1707,0,False,Close (500-1000m),True,True,True
241,2001,57.57647144130224,To Kwa Wan,22.3172,114.1876,0,False,Very Close (<500m),True,True,True
294,2001,250.93371127681002,Ngau Tau Kok,22.3154,114.2193,0,False,Very Close (<500m),True,True,True
294,2001,338.5164832441993,Ngau Tau Kok,22.3154,114.2193,0,False,Very Close (<500m),True,True,True
243,2001,412.36630899944424,Ho Man Tin,22.308953,114.181612,0,False,Very Close (<500m),True,True,True
225,2001,325.79899366739835,Yau Ma Tei,22.3129,114.1707,0,False,Very Close (<500m),True,True,True
220,2001,233.2426278233439,Yau Ma Tei,22.3129,114.1707,0,False,Very Close (<500m),True,True,True
243,2001,341.58347091786123,Ho Man Tin,22.308953,114.181612,0,False,Very Close (<500m),True,True,True
297,2001,381.53127632351465,Lam Tin,22.305367,114.234261,0,False,Very Close (<500m),True,True,True
225,2001,448.79413058608304,Yau Ma Tei,22.3129,114.1707,0,False,Very Close (<500m),True,True,True
297,2001,432.4161164256428,Lam Tin,22.305367,114.234261,0,False,Very Close (<500m),True,True,True
297,2001,492.4941201899685,Lam Tin,22.305367,114.234261,0,False,Very Close (<500m),True,True,True
243,2001,465.42321022372107,Ho Man Tin,22.308953,114.181612,0,False,Very Close (<500m),True,True,True
243,2001,455.6026988032616,Whampoa,22.305852,114.188799,0,False,Very Close (<500m),True,True,True
243,2001,410.0847309952606,Whampoa,22.305852,114.188799,0,False,Very Close (<500m),True,True,True
225,2001,423.80038642362507,Austin station,22.306294,114.164522,0,False,Very Close (<500m),True,True,True
961,2001,5007.024189776805,Tung Chung,22.2893,113.9416,0,False,Far (>2km),False,False,False
161,2001,437.35451371926075,Shau Kei Wan,22.2789,114.2289,0,False,Very Close (<500m),True,True,True
146,2001,399.7823676221294,Causeway Bay,22.279392,114.182926,0,False,Very Close (<500m),True,True,True
122,2001,431.71871449590026,Sheung Wan,22.285899,114.153707,0,False,Very Close (<500m),True,True,True
161,2001,186.78830824336472,Sai Wan Ho,22.2816,114.2224,0,False,Very Close (<500m),True,True,True
111,2001,123.14841092519461,Kennedy Town,22.2812,114.1285,0,False,Very Close (<500m),True,True,True
122,2001,419.8033478533937,Sheung Wan,22.285899,114.153707,0,False,Very Close (<500m),True,True,True
122,2001,393.53521152255155,Sheung Wan,22.285899,114.153707,0,False,Very Close (<500m),True,True,True
111,2001,149.59181299695834,Kennedy Town,22.2812,114.1285,1,True,Very Close (<500m),True,True,True
146,2001,369.71374426973256,Causeway Bay,22.279392,114.182926,0,False,Very Close (<500m),True,True,True
161,2001,104.54980523557082,Sai Wan Ho,22.2816,114.2224,0,False,Very Close (<500m),True,True,True
122,2001,385.4823532355372,Central,22.281938,114.158077,0,False,Very Close (<500m),True,True,True
141,2001,445.83698199308975,Kennedy Town,22.2812,114.1285,0,False,Very Close (<500m),True,True,True
294,2001,30.52527855080703,Ngau Tau Kok,22.3154,114.2193,1,True,Very Close (<500m),True,True,True
294,2001,493.7442879601474,Kwun Tong,22.311559,114.227765,0,False,Very Close (<500m),True,True,True
229,2001,334.4613809173795,Yau Ma Tei,22.3129,114.1707,0,False,Very Close (<500m),True,True,True
220,2001,259.107586773855,Yau Ma Tei,22.3129,114.1707,0,False,Very Close (<500m),True,True,True
294,2001,540.672868217913,Kwun Tong,22.311559,114.227765,0,False,Close (500-1000m),False,True,True
225,2001,300.98402282104706,Yau Ma Tei,22.3129,114.1707,0,False,Very Close (<500m),True,True,True
236,2001,293.75642673094603,Ho Man Tin,22.308953,114.181612,0,False,Very Close (<500m),True,True,True
243,2001,528.1934904734951,Whampoa,22.305852,114.188799,0,False,Close (500-1000m),True,True,True
244,2001,397.35592015185154,Whampoa,22.305852,114.188799,0,False,Very Close (<500m),True,True,True
236,2001,248.8675015419282,Ho Man Tin,22.308953,114.181612,0,False,Very Close (<500m),True,True,True
225,2001,340.052098004945,Yau Ma Tei,22.3129,114.1707,0,False,Very Close (<500m),True,True,True
295,2001,702.7914154378046,Ngau Tau Kok,22.3154,114.2193,0,False,Close (500-1000m),False,True,True
226,2001,442.56732118479556,Yau Ma Tei,22.3129,114.1707,0,False,Very Close (<500m),True,True,True
225,2001,397.99380843760065,Yau Ma Tei,22.3129,114.1707,0,False,Very Close (<500m),True,True,True
236,2001,204.26207849414922,Ho Man Tin,22.308953,114.181612,0,False,Very Close (<500m),True,True,True
243,2001,184.21770352663256,Ho Man Tin,22.308953,114.181612,0,False,Very Close (<500m),True,True,True
243,2001,347.128728014732,Ho Man Tin,22.308953,114.181612,0,False,Very Close (<500m),True,True,True
225,2001,416.41178277013694,Austin station,22.306294,114.164522,0,False,Very Close (<500m),True,True,True
297,2001,212.87324291059633,Lam Tin,22.305367,114.234261,0,False,Very Close (<500m),True,True,True
225,2001,358.51167484830734,Jordan,22.3049,114.1718,0,False,Very Close (<500m),True,True,True
225,2001,191.2463677079693,Austin station,22.306294,114.164522,0,False,Very Close (<500m),True,True,True
243,2001,275.6289784786363,Ho Man Tin,22.308953,114.181612,0,False,Very Close (<500m),True,True,True
226,2001,358.0098895601787,Jordan,22.3049,114.1718,0,False,Very Close (<500m),True,True,True
293,2001,1362.5940362306537,Kwun Tong,22.311559,114.227765,0,False,Moderate (1-2km),False,False,True
242,2001,499.0728424469389,Sung Wong Toi,22.326139,114.190407,0,False,Very Close (<500m),True,True,True
222,2001,281.6485422440014,Mong Kok,22.321624,114.172537,0,False,Very Close (<500m),True,True,True
837,2001,650.366817969132,Hang Hau,22.3156,114.2644,0,False,Close (500-1000m),False,True,True
221,2001,524.2760033110821,Prince Edward,22.3245,114.1683,0,False,Close (500-1000m),True,True,True
222,2001,342.6335340913235,Mong Kok,22.321624,114.172537,0,False,Very Close (<500m),True,True,True
242,2001,515.8605768699063,Sung Wong Toi,22.326139,114.190407,0,False,Close (500-1000m),True,True,True
221,2001,526.3475529229113,Olympic,22.3178,114.1602,0,False,Close (500-1000m),True,True,True
265,2001,329.96811952893904,Cheung Sha Wan,22.3354,114.1563,0,False,Very Close (<500m),True,True,True
264,2001,240.44180734514862,Cheung Sha Wan,22.3354,114.1563,0,False,Very Close (<500m),True,True,True
268,2001,516.4619669555877,Shek Kip Mei,22.332,114.1687,0,False,Close (500-1000m),True,True,True
831,2001,2120.6364219788857,Po Lam,22.3224,114.258,0,False,Far (>2km),False,False,True
272,2001,581.5891208522194,Lok Fu,22.338,114.1871,0,False,Close (500-1000m),False,True,True
837,2001,502.51268479301405,Hang Hau,22.3156,114.2644,0,False,Close (500-1000m),True,True,True
295,2001,388.1916180046241,Ngau Tau Kok,22.3154,114.2193,0,False,Very Close (<500m),True,True,True
229,2001,400.7276647984649,Yau Ma Tei,22.3129,114.1707,0,False,Very Close (<500m),True,True,True
226,2001,403.54424111003976,Yau Ma Tei,22.3129,114.1707,0,False,Very Close (<500m),True,True,True
242,2001,305.21818929930276,To Kwa Wan,22.3172,114.1876,0,False,Very Close (<500m),True,True,True
294,2001,115.74794667787053,Ngau Tau Kok,22.3154,114.2193,0,False,Very Close (<500m),True,True,True
225,2001,248.4387844538935,Yau Ma Tei,22.3129,114.1707,0,False,Very Close (<500m),True,True,True
225,2001,298.91518050274294,Yau Ma Tei,22.3129,114.1707,0,False,Very Close (<500m),True,True,True
243,2001,583.0668025850307,Whampoa,22.305852,114.188799,0,False,Close (500-1000m),False,True,True
225,2001,367.46360242093965,Yau Ma Tei,22.3129,114.1707,0,False,Very Close (<500m),True,True,True
226,2001,258.73613389756787,Yau Ma Tei,22.3129,114.1707,0,False,Very Close (<500m),True,True,True
225,2001,233.23596966660284,Austin station,22.306294,114.164522,0,False,Very Close (<500m),True,True,True
225,2001,468.2426217591635,Austin station,22.306294,114.164522,0,False,Very Close (<500m),True,True,True
838,2001,99.53158794315925,Tseung Kwan O,22.308658,114.260241,1,True,Very Close (<500m),True,True,True
243,2001,350.32774993551885,Whampoa,22.305852,114.188799,0,False,Very Close (<500m),True,True,True
225,2001,505.0233406106778,Jordan,22.3049,114.1718,0,False,Close (500-1000m),True,True,True
297,2001,586.7256614190333,Lam Tin,22.305367,114.234261,0,False,Close (500-1000m),True,True,True
243,2001,227.28952307422304,Whampoa,22.305852,114.188799,0,False,Very Close (<500m),True,True,True
153,2001,347.45234356308333,North Point,22.2909,114.2007,0,False,Very Close (<500m),True,True,True
153,2001,398.0580928789627,North Point,22.2909,114.2007,0,False,Very Close (<500m),True,True,True
153,2001,316.32666196987014,Fortress Hill,22.2881,114.1936,0,False,Very Close (<500m),True,True,True
294,2001,508.70068912368185,Kwun Tong,22.311559,114.227765,0,False,Close (500-1000m),True,True,True
229,2001,578.1341507373995,Yau Ma Tei,22.3129,114.1707,0,False,Close (500-1000m),False,True,True
242,2001,200.78396763169187,To Kwa Wan,22.3172,114.1876,0,False,Very Close (<500m),True,True,True
241,2001,33.985407649412736,To Kwa Wan,22.3172,114.1876,1,True,Very Close (<500m),True,True,True
837,2001,245.0959486926845,Hang Hau,22.3156,114.2644,0,False,Very Close (<500m),True,True,True
227,2001,420.5512784797699,Mong Kok,22.321624,114.172537,0,False,Very Close (<500m),True,True,True
229,2001,590.3627996241738,Yau Ma Tei,22.3129,114.1707,0,False,Close (500-1000m),False,True,True
835,2001,645.3774581651099,Po Lam,22.3224,114.258,0,False,Close (500-1000m),False,True,True
294,2001,684.5351501004866,Ngau Tau Kok,22.3154,114.2193,0,False,Close (500-1000m),False,True,True
229,2001,604.3387053771552,Yau Ma Tei,22.3129,114.1707,0,False,Close (500-1000m),False,True,True
227,2001,455.8565784741961,Mong Kok,22.321624,114.172537,0,False,Very Close (<500m),True,True,True
242,2001,257.9348780312342,To Kwa Wan,22.3172,114.1876,0,False,Very Close (<500m),True,True,True
241,2001,54.50709891422747,To Kwa Wan,22.3172,114.1876,0,False,Very Close (<500m),True,True,True
229,2001,639.428047449236,Yau Ma Tei,22.3129,114.1707,0,False,Close (500-1000m),False,True,True
229,2001,448.94809898597157,Olympic,22.3178,114.1602,0,False,Very Close (<500m),True,True,True
227,2001,473.02178400913573,Mong Kok,22.321624,114.172537,0,False,Very Close (<500m),True,True,True
242,2001,338.0764443740347,To Kwa Wan,22.3172,114.1876,0,False,Very Close (<500m),True,True,True
227,2001,492.0167936133406,Yau Ma Tei,22.3129,114.1707,0,False,Very Close (<500m),True,True,True
294,2001,650.2228354787827,Kwun Tong,22.311559,114.227765,0,False,Close (500-1000m),False,True,True
294,2001,469.7612317989033,Kwun Tong,22.311559,114.227765,0,False,Very Close (<500m),True,True,True
227,2001,477.17426264787656,Yau Ma Tei,22.3129,114.1707,0,False,Very Close (<500m),True,True,True
227,2001,472.94386826488756,Mong Kok,22.321624,114.172537,0,False,Very Close (<500m),True,True,True
294,2001,633.1035098342848,Kwun Tong,22.311559,114.227765,0,False,Close (500-1000m),False,True,True
835,2001,823.2110398247735,Po Lam,22.3224,114.258,0,False,Close (500-1000m),False,True,True
227,2001,469.6745566118851,Yau Ma Tei,22.3129,114.1707,0,False,Very Close (<500m),True,True,True
244,2001,462.3440986862193,To Kwa Wan,22.3172,114.1876,0,False,Very Close (<500m),True,True,True
244,2001,473.02653039799515,To Kwa Wan,22.3172,114.1876,0,False,Very Close (<500m),True,True,True
244,2001,531.325843193585,To Kwa Wan,22.3172,114.1876,0,False,Close (500-1000m),False,True,True
225,2001,326.9442169610682,Yau Ma Tei,22.3129,114.1707,0,False,Very Close (<500m),True,True,True
243,2001,568.666028427963,To Kwa Wan,22.3172,114.1876,0,False,Close (500-1000m),False,True,True
225,2001,497.45316784219887,Yau Ma Tei,22.3129,114.1707,0,False,Very Close (<500m),True,True,True
244,2001,623.2355062140007,Whampoa,22.305852,114.188799,0,False,Close (500-1000m),False,True,True
244,2001,568.3316708212127,To Kwa Wan,22.3172,114.1876,0,False,Close (500-1000m),False,True,True
243,2001,620.1402626063895,To Kwa Wan,22.3172,114.1876,0,False,Close (500-1000m),False,True,True
297,2001,647.6586064681862,Lam Tin,22.305367,114.234261,0,False,Close (500-1000m),False,True,True
297,2001,535.1421155472572,Lam Tin,22.305367,114.234261,0,False,Close (500-1000m),True,True,True
293,2001,990.3432277213998,Kwun Tong,22.311559,114.227765,0,False,Close (500-1000m),False,True,True
836,2001,642.3907397617435,Hang Hau,22.3156,114.2644,0,False,Close (500-1000m),True,True,True
242,2001,362.22772157869804,To Kwa Wan,22.3172,114.1876,0,False,Very Close (<500m),True,True,True
227,2001,379.6512608273437,Mong Kok,22.321624,114.172537,0,False,Very Close (<500m),True,True,True
242,2001,481.4743875959226,To Kwa Wan,22.3172,114.1876,0,False,Very Close (<500m),True,True,True
229,2001,522.0945025834799,Olympic,22.3178,114.1602,0,False,Close (500-1000m),True,True,True
241,2001,135.12187658545545,To Kwa Wan,22.3172,114.1876,0,False,Very Close (<500m),True,True,True
294,2001,208.64286685436375,Ngau Tau Kok,22.3154,114.2193,0,False,Very Close (<500m),True,True,True
227,2001,408.08486249927176,Mong Kok,22.321624,114.172537,0,False,Very Close (<500m),True,True,True
234,2001,716.8271146262955,Mong Kok,22.321624,114.172537,0,False,Close (500-1000m),False,True,True
227,2001,442.33765711390083,Mong Kok,22.321624,114.172537,0,False,Very Close (<500m),True,True,True
235,2001,655.919656985399,Mong Kok,22.321624,114.172537,0,False,Close (500-1000m),True,True,True
242,2001,267.0204751841299,To Kwa Wan,22.3172,114.1876,0,False,Very Close (<500m),True,True,True
242,2001,160.150232501054,To Kwa Wan,22.3172,114.1876,0,False,Very Close (<500m),True,True,True
227,2001,483.6466770112226,Mong Kok,22.321624,114.172537,0,False,Very Close (<500m),True,True,True
229,2001,531.9376222219014,Mong Kok,22.321624,114.172537,0,False,Close (500-1000m),True,True,True
294,2001,310.19764427437093,Ngau Tau Kok,22.3154,114.2193,0,False,Very Close (<500m),True,True,True
242,2001,414.474564213461,To Kwa Wan,22.3172,114.1876,0,False,Very Close (<500m),True,True,True
229,2001,553.5244040683617,Yau Ma Tei,22.3129,114.1707,0,False,Close (500-1000m),True,True,True
247,2001,726.6497027015173,Ngau Tau Kok,22.3154,114.2193,0,False,Close (500-1000m),False,True,True
242,2001,182.79536118631378,To Kwa Wan,22.3172,114.1876,0,False,Very Close (<500m),True,True,True
295,2001,393.4973976662408,Ngau Tau Kok,22.3154,114.2193,0,False,Very Close (<500m),True,True,True
243,2001,422.5974061933476,Ho Man Tin,22.308953,114.181612,0,False,Very Close (<500m),True,True,True
225,2001,168.86535721183142,Yau Ma Tei,22.3129,114.1707,0,False,Very Close (<500m),True,True,True
244,2001,611.880661408198,Whampoa,22.305852,114.188799,0,False,Close (500-1000m),False,True,True
294,2001,388.9822029535526,Kwun Tong,22.311559,114.227765,0,False,Very Close (<500m),True,True,True
242,2001,137.1062133014407,To Kwa Wan,22.3172,114.1876,0,False,Very Close (<500m),True,True,True
227,2001,400.51338922559216,Yau Ma Tei,22.3129,114.1707,0,False,Very Close (<500m),True,True,True
294,2001,568.6662819635437,Kwun Tong,22.311559,114.227765,0,False,Close (500-1000m),False,True,True
229,2001,389.200406855297,Yau Ma Tei,22.3129,114.1707,0,False,Very Close (<500m),True,True,True
243,2001,527.3116274789961,Ho Man Tin,22.308953,114.181612,0,False,Close (500-1000m),True,True,True
838,2001,230.8731403250667,Tseung Kwan O,22.308658,114.260241,0,False,Very Close (<500m),True,True,True
225,2001,424.6270100706486,Yau Ma Tei,22.3129,114.1707,0,False,Very Close (<500m),True,True,True
236,2001,31.310338412818826,Ho Man Tin,22.308953,114.181612,1,True,Very Close (<500m),True,True,True
225,2001,418.9273520189733,Yau Ma Tei,22.3129,114.1707,0,False,Very Close (<500m),True,True,True
225,2001,423.06383957919877,Yau Ma Tei,22.3129,114.1707,0,False,Very Close (<500m),True,True,True
225,2001,324.9382529212767,Austin station,22.306294,114.164522,0,False,Very Close (<500m),True,True,True
243,2001,243.40044947065374,Ho Man Tin,22.308953,114.181612,0,False,Very Close (<500m),True,True,True
243,2001,435.8438620212324,Whampoa,22.305852,114.188799,0,False,Very Close (<500m),True,True,True
243,2001,406.56673953859183,Whampoa,22.305852,114.188799,0,False,Very Close (<500m),True,True,True
833,2001,346.05872145863634,Tiu Keng Leng,22.305056,114.251907,0,False,Very Close (<500m),True,True,True
294,2001,657.1810027024151,Ngau Tau Kok,22.3154,114.2193,0,False,Close (500-1000m),False,True,True
242,2001,105.87783724466034,To Kwa Wan,22.3172,114.1876,0,False,Very Close (<500m),True,True,True
229,2001,563.1384701423957,Olympic,22.3178,114.1602,0,False,Close (500-1000m),True,True,True
294,2001,399.2706151235718,Ngau Tau Kok,22.3154,114.2193,0,False,Very Close (<500m),True,True,True
295,2001,248.6600191491426,Ngau Tau Kok,22.3154,114.2193,0,False,Very Close (<500m),True,True,True
229,2001,494.9668448985002,Yau Ma Tei,22.3129,114.1707,0,False,Very Close (<500m),True,True,True
294,2001,266.23175607029793,Kwun Tong,22.311559,114.227765,0,False,Very Close (<500m),True,True,True
295,2001,507.6557932439312,Ngau Tau Kok,22.3154,114.2193,0,False,Close (500-1000m),True,True,True
295,2001,442.1017975146884,Kwun Tong,22.311559,114.227765,0,False,Very Close (<500m),True,True,True
225,2001,177.41628965273307,Yau Ma Tei,22.3129,114.1707,0,False,Very Close (<500m),True,True,True
225,2001,284.82878932717324,Yau Ma Tei,22.3129,114.1707,0,False,Very Close (<500m),True,True,True
243,2001,584.7490594416528,Ho Man Tin,22.308953,114.181612,0,False,Close (500-1000m),False,True,True
243,2001,502.7445315390251,Whampoa,22.305852,114.188799,0,False,Close (500-1000m),True,True,True
838,2001,371.96689537228934,Tseung Kwan O,22.308658,114.260241,0,False,Very Close (<500m),True,True,True
225,2001,419.4398779531447,Yau Ma Tei,22.3129,114.1707,0,False,Very Close (<500m),True,True,True
225,2001,375.01273536530346,Austin station,22.306294,114.164522,0,False,Very Close (<500m),True,True,True
298,2001,665.6097775608566,Yau Tong,22.2979,114.2371,0,False,Close (500-1000m),False,True,True
153,2001,192.69052311152535,North Point,22.2909,114.2007,0,False,Very Close (<500m),True,True,True
153,2001,228.34899317829618,North Point,22.2909,114.2007,0,False,Very Close (<500m),True,True,True
153,2001,141.02670052681552,North Point,22.2909,114.2007,0,False,Very Close (<500m),True,True,True
153,2001,355.8724802199119,North Point,22.2909,114.2007,0,False,Very Close (<500m),True,True,True
153,2001,172.3309652594102,North Point,22.2909,114.2007,0,False,Very Close (<500m),True,True,True
154,2001,514.7205739055743,North Point,22.2909,114.2007,0,False,Close (500-1000m),True,True,True
154,2001,474.84523366053463,North Point,22.2909,114.2007,0,False,Very Close (<500m),True,True,True
154,2001,431.2055089412054,North Point,22.2909,114.2007,0,False,Very Close (<500m),True,True,True
153,2001,82.3120683273136,North Point,22.2909,114.2007,0,False,Very Close (<500m),True,True,True
153,2001,332.73951378349767,North Point,22.2909,114.2007,0,False,Very Close (<500m),True,True,True
153,2001,296.4612345995421,North Point,22.2909,114.2007,0,False,Very Close (<500m),True,True,True
153,2001,328.7910921182123,North Point,22.2909,114.2007,0,False,Very Close (<500m),True,True,True
153,2001,127.48481374886023,North Point,22.2909,114.2007,0,False,Very Close (<500m),True,True,True
153,2001,184.96311843935604,North Point,22.2909,114.2007,0,False,Very Close (<500m),True,True,True
154,2001,466.8643382123197,North Point,22.2909,114.2007,0,False,Very Close (<500m),True,True,True
153,2001,38.50307890863595,North Point,22.2909,114.2007,1,True,Very Close (<500m),True,True,True
153,2001,344.46920419127883,North Point,22.2909,114.2007,0,False,Very Close (<500m),True,True,True
153,2001,366.28811368949306,North Point,22.2909,114.2007,0,False,Very Close (<500m),True,True,True
153,2001,197.99711040999685,North Point,22.2909,114.2007,0,False,Very Close (<500m),True,True,True
153,2001,58.99485858417784,North Point,22.2909,114.2007,0,False,Very Close (<500m),True,True,True
153,2001,197.33959341936938,North Point,22.2909,114.2007,0,False,Very Close (<500m),True,True,True
153,2001,225.23470682144148,North Point,22.2909,114.2007,0,False,Very Close (<500m),True,True,True
153,2001,318.595570121972,North Point,22.2909,114.2007,0,False,Very Close (<500m),True,True,True
153,2001,111.3932453457632,North Point,22.2909,114.2007,0,False,Very Close (<500m),True,True,True
155,2001,176.05476334300832,Quarry Bay,22.2878,114.2096,0,False,Very Close (<500m),True,True,True
153,2001,152.20358127436094,North Point,22.2909,114.2007,0,False,Very Close (<500m),True,True,True
294,2001,491.6116938055891,Kwun Tong,22.311559,114.227765,0,False,Very Close (<500m),True,True,True
839,2001,1333.3317198930952,LOHAS Park,22.2957,114.2689,0,False,Moderate (1-2km),False,False,True
153,2001,218.76395620692927,Fortress Hill,22.2881,114.1936,0,False,Very Close (<500m),True,True,True
155,2001,213.83566422934706,Quarry Bay,22.2878,114.2096,0,False,Very Close (<500m),True,True,True
153,2001,325.6111127764679,North Point,22.2909,114.2007,0,False,Very Close (<500m),True,True,True
155,2001,49.298053806555494,Quarry Bay,22.2878,114.2096,1,True,Very Close (<500m),True,True,True
153,2001,199.93869975565153,North Point,22.2909,114.2007,0,False,Very Close (<500m),True,True,True
153,2001,166.00544803624612,North Point,22.2909,114.2007,0,False,Very Close (<500m),True,True,True
153,2001,324.3805428087161,Fortress Hill,22.2881,114.1936,0,False,Very Close (<500m),True,True,True
153,2001,263.5818615113941,North Point,22.2909,114.2007,0,False,Very Close (<500m),True,True,True
153,2001,291.89991114122586,North Point,22.2909,114.2007,0,False,Very Close (<500m),True,True,True
154,2001,164.80435470623777,Quarry Bay,22.2878,114.2096,0,False,Very Close (<500m),True,True,True
236,2001,244.14140316045544,Ho Man Tin,22.308953,114.181612,0,False,Very Close (<500m),True,True,True
226,2001,390.57287227578513,Yau Ma Tei,22.3129,114.1707,0,False,Very Close (<500m),True,True,True
212,2001,103.22571562166843,Tsim Sha Tsui,22.2973,114.1722,0,False,Very Close (<500m),True,True,True
214,2001,207.21227698074688,Tsim Sha Tsui,22.2973,114.1722,0,False,Very Close (<500m),True,True,True
211,2001,175.42263240312369,Tsim Sha Tsui,22.2973,114.1722,0,False,Very Close (<500m),True,True,True
214,2001,282.6565186393235,East Tsim Sha Tsui,22.295195,114.174446,0,False,Very Close (<500m),True,True,True
211,2001,281.99529888583254,Tsim Sha Tsui,22.2973,114.1722,0,False,Very Close (<500m),True,True,True
298,2001,557.7899236803643,Yau Tong,22.2979,114.2371,0,False,Close (500-1000m),True,True,True
833,2001,1680.8572943183826,Tiu Keng Leng,22.305056,114.251907,0,False,Moderate (1-2km),False,False,True
298,2001,509.35999176651234,Yau Tong,22.2979,114.2371,0,False,Close (500-1000m),True,True,True
298,2001,379.538891721787,Yau Tong,22.2979,114.2371,0,False,Very Close (<500m),True,True,True
153,2001,397.30377457684426,Fortress Hill,22.2881,114.1936,0,False,Very Close (<500m),True,True,True
836,2001,217.77028786896014,Po Lam,22.3224,114.258,0,False,Very Close (<500m),True,True,True
221,2001,391.159115600869,Prince Edward,22.3245,114.1683,0,False,Very Close (<500m),True,True,True
232,2001,539.9355324888508,Mong Kok East,22.3222,114.1728,0,False,Close (500-1000m),True,True,True
266,2001,394.33519962091015,Nam Cheong,22.32829,114.1538,0,False,Very Close (<500m),True,True,True
280,2001,457.24644301383546,Kowloon Bay,22.3235,114.2141,0,False,Very Close (<500m),True,True,True
246,2001,395.43787669801765,Sung Wong Toi,22.326139,114.190407,0,False,Very Close (<500m),True,True,True
221,2001,537.6820389410788,Sham Shui Po,22.330141,114.163247,0,False,Close (500-1000m),True,True,True
221,2001,131.74208896777358,Prince Edward,22.3245,114.1683,0,False,Very Close (<500m),True,True,True
246,2001,185.03212354106137,Sung Wong Toi,22.326139,114.190407,0,False,Very Close (<500m),True,True,True
222,2001,207.83455303524516,Prince Edward,22.3245,114.1683,0,False,Very Close (<500m),True,True,True
835,2001,1266.640119141699,Po Lam,22.3224,114.258,0,False,Moderate (1-2km),False,False,True
835,2001,1162.9247129741775,Po Lam,22.3224,114.258,0,False,Moderate (1-2km),False,False,True
294,2001,363.9310231364408,Ngau Tau Kok,22.3154,114.2193,0,False,Very Close (<500m),True,True,True
294,2001,230.5571610295814,Ngau Tau Kok,22.3154,114.2193,0,False,Very Close (<500m),True,True,True
229,2001,452.07709575549313,Yau Ma Tei,22.3129,114.1707,0,False,Very Close (<500m),True,True,True
244,2001,336.0502328837917,To Kwa Wan,22.3172,114.1876,0,False,Very Close (<500m),True,True,True
838,2001,409.5362998652147,Tseung Kwan O,22.308658,114.260241,0,False,Very Close (<500m),True,True,True
229,2001,606.0135150262289,Olympic,22.3178,114.1602,0,False,Close (500-1000m),True,True,True
243,2001,291.4413712966309,Whampoa,22.305852,114.188799,0,False,Very Close (<500m),True,True,True
225,2001,470.70389512716696,Jordan,22.3049,114.1718,0,False,Very Close (<500m),True,True,True
243,2001,207.49817037235528,Ho Man Tin,22.308953,114.181612,0,False,Very Close (<500m),True,True,True
243,2001,295.6979173249759,Ho Man Tin,22.308953,114.181612,0,False,Very Close (<500m),True,True,True
225,2001,439.5520540512851,Jordan,22.3049,114.1718,0,False,Very Close (<500m),True,True,True
225,2001,410.38852865794723,Jordan,22.3049,114.1718,0,False,Very Close (<500m),True,True,True
297,2001,354.4167640640751,Lam Tin,22.305367,114.234261,0,False,Very Close (<500m),True,True,True
225,2001,384.47506758294276,Jordan,22.3049,114.1718,0,False,Very Close (<500m),True,True,True
244,2001,490.67875829181827,To Kwa Wan,22.3172,114.1876,0,False,Very Close (<500m),True,True,True
229,2001,584.9444041451306,Yau Ma Tei,22.3129,114.1707,0,False,Close (500-1000m),False,True,True
243,2001,474.95500419575524,Ho Man Tin,22.308953,114.181612,0,False,Very Close (<500m),True,True,True
838,2001,165.1727940853221,Tseung Kwan O,22.308658,114.260241,0,False,Very Close (<500m),True,True,True
225,2001,257.9787570089029,Yau Ma Tei,22.3129,114.1707,0,False,Very Close (<500m),True,True,True
295,2001,603.3858423031138,Kwun Tong,22.311559,114.227765,0,False,Close (500-1000m),False,True,True
225,2001,485.4829557183863,Austin station,22.306294,114.164522,0,False,Very Close (<500m),True,True,True
225,2001,265.85493037806077,Yau Ma Tei,22.3129,114.1707,0,False,Very Close (<500m),True,True,True
225,2001,278.5993323032099,Yau Ma Tei,22.3129,114.1707,0,False,Very Close (<500m),True,True,True
212,2001,434.5204054517254,Tsim Sha Tsui,22.2973,114.1722,0,False,Very Close (<500m),True,True,True
212,2001,478.8129140908554,Tsim Sha Tsui,22.2973,114.1722,0,False,Very Close (<500m),True,True,True
153,2001,383.36693232603244,Fortress Hill,22.2881,114.1936,0,False,Very Close (<500m),True,True,True
152,2001,360.1853909461723,North Point,22.2909,114.2007,0,False,Very Close (<500m),True,True,True
112,2001,324.7682820742268,Sai Ying Pun,22.2856,114.1427,0,False,Very Close (<500m),True,True,True
112,2001,394.9478317499078,Sai Ying Pun,22.2856,114.1427,0,False,Very Close (<500m),True,True,True
112,2001,302.2733422447206,Sai Ying Pun,22.2856,114.1427,0,False,Very Close (<500m),True,True,True
115,2001,340.0990413441361,Sai Ying Pun,22.2856,114.1427,0,False,Very Close (<500m),True,True,True
115,2001,402.00309413682567,Sai Ying Pun,22.2856,114.1427,0,False,Very Close (<500m),True,True,True
155,2001,95.51180237001954,Quarry Bay,22.2878,114.2096,0,False,Very Close (<500m),True,True,True
155,2001,165.01434366178066,Quarry Bay,22.2878,114.2096,0,False,Very Close (<500m),True,True,True
155,2001,229.33281347094675,Quarry Bay,22.2878,114.2096,0,False,Very Close (<500m),True,True,True
280,2001,687.4776798153525,Kowloon Bay,22.3235,114.2141,0,False,Close (500-1000m),False,True,True
293,2001,873.0375946764347,Kwun Tong,22.311559,114.227765,0,False,Close (500-1000m),False,True,True
244,2001,627.4418912527781,Whampoa,22.305852,114.188799,0,False,Close (500-1000m),True,True,True
228,2001,170.88174341091008,Yau Ma Tei,22.3129,114.1707,0,False,Very Close (<500m),True,True,True
244,2001,468.66048583390636,To Kwa Wan,22.3172,114.1876,0,False,Very Close (<500m),True,True,True
228,2001,214.95174037910502,Yau Ma Tei,22.3129,114.1707,0,False,Very Close (<500m),True,True,True
241,2001,475.678652910887,To Kwa Wan,22.3172,114.1876,0,False,Very Close (<500m),True,True,True
228,2001,305.37537593418665,Yau Ma Tei,22.3129,114.1707,0,False,Very Close (<500m),True,True,True
244,2001,440.65338772804137,To Kwa Wan,22.3172,114.1876,0,False,Very Close (<500m),True,True,True
295,2001,435.17928168895116,Ngau Tau Kok,22.3154,114.2193,0,False,Very Close (<500m),True,True,True
236,2001,326.97185551903334,Ho Man Tin,22.308953,114.181612,0,False,Very Close (<500m),True,True,True
244,2001,492.0388294090068,To Kwa Wan,22.3172,114.1876,0,False,Very Close (<500m),True,True,True
295,2001,274.27306288927855,Kwun Tong,22.311559,114.227765,0,False,Very Close (<500m),True,True,True
226,2001,84.13374616206703,Yau Ma Tei,22.3129,114.1707,1,True,Very Close (<500m),True,True,True
294,2001,87.78449852020907,Kwun Tong,22.311559,114.227765,1,True,Very Close (<500m),True,True,True
297,2001,656.0844750832871,Lam Tin,22.305367,114.234261,0,False,Close (500-1000m),False,True,True
225,2001,59.80235466912531,Yau Ma Tei,22.3129,114.1707,0,False,Very Close (<500m),True,True,True
244,2001,482.69191261790166,To Kwa Wan,22.3172,114.1876,0,False,Very Close (<500m),True,True,True
244,2001,493.9516125401014,To Kwa Wan,22.3172,114.1876,0,False,Very Close (<500m),True,True,True
244,2001,509.6211541801602,To Kwa Wan,22.3172,114.1876,0,False,Close (500-1000m),True,True,True
243,2001,518.0634610129032,To Kwa Wan,22.3172,114.1876,0,False,Close (500-1000m),True,True,True
225,2001,109.9480746209789,Yau Ma Tei,22.3129,114.1707,0,False,Very Close (<500m),True,True,True
243,2001,574.3769033529273,To Kwa Wan,22.3172,114.1876,0,False,Close (500-1000m),False,True,True
295,2001,455.72453234257085,Ngau Tau Kok,22.3154,114.2193,0,False,Very Close (<500m),True,True,True
244,2001,535.3441623240943,To Kwa Wan,22.3172,114.1876,0,False,Close (500-1000m),True,True,True
294,2001,331.9455017973121,Ngau Tau Kok,22.3154,114.2193,0,False,Very Close (<500m),True,True,True
247,2001,619.3009971917872,To Kwa Wan,22.3172,114.1876,0,False,Close (500-1000m),False,True,True
229,2001,528.9599473740085,Mong Kok,22.321624,114.172537,0,False,Close (500-1000m),True,True,True
247,2001,528.7698944587061,To Kwa Wan,22.3172,114.1876,0,False,Close (500-1000m),True,True,True
242,2001,255.66289249082476,To Kwa Wan,22.3172,114.1876,0,False,Very Close (<500m),True,True,True
221,2001,189.8709846801506,Olympic,22.3178,114.1602,0,False,Very Close (<500m),True,True,True
837,2001,332.312187489278,Hang Hau,22.3156,114.2644,0,False,Very Close (<500m),True,True,True
221,2001,151.86598365160805,Olympic,22.3178,114.1602,0,False,Very Close (<500m),True,True,True
835,2001,659.9339191622079,Po Lam,22.3224,114.258,0,False,Close (500-1000m),False,True,True
229,2001,577.9476184549313,Mong Kok,22.321624,114.172537,0,False,Close (500-1000m),False,True,True
241,2001,147.5229773936325,To Kwa Wan,22.3172,114.1876,0,False,Very Close (<500m),True,True,True
229,2001,620.8965663799445,Mong Kok,22.321624,114.172537,0,False,Close (500-1000m),False,True,True
227,2001,351.45108762044833,Mong Kok,22.321624,114.172537,0,False,Very Close (<500m),True,True,True
229,2001,657.1321550612461,Mong Kok,22.321624,114.172537,0,False,Close (500-1000m),False,True,True
235,2001,433.2873646977214,Mong Kok,22.321624,114.172537,0,False,Very Close (<500m),True,True,True
229,2001,651.0105412511298,Olympic,22.3178,114.1602,0,False,Close (500-1000m),False,True,True
294,2001,581.5582193506848,Ngau Tau Kok,22.3154,114.2193,0,False,Close (500-1000m),False,True,True
237,2001,463.6780907391779,Ho Man Tin,22.308953,114.181612,0,False,Very Close (<500m),True,True,True
244,2001,395.60138467292194,To Kwa Wan,22.3172,114.1876,0,False,Very Close (<500m),True,True,True
294,2001,400.6042157729909,Kwun Tong,22.311559,114.227765,0,False,Very Close (<500m),True,True,True
244,2001,429.9612388169052,To Kwa Wan,22.3172,114.1876,0,False,Very Close (<500m),True,True,True
220,2001,69.43345766598844,Yau Ma Tei,22.3129,114.1707,0,False,Very Close (<500m),True,True,True
295,2001,323.1149241383957,Ngau Tau Kok,22.3154,114.2193,0,False,Very Close (<500m),True,True,True
236,2001,472.81065117681675,Ho Man Tin,22.308953,114.181612,0,False,Very Close (<500m),True,True,True
244,2001,444.9622722024682,To Kwa Wan,22.3172,114.1876,0,False,Very Close (<500m),True,True,True
228,2001,70.74459388301698,Yau Ma Tei,22.3129,114.1707,0,False,Very Close (<500m),True,True,True
294,2001,244.13870642588464,Kwun Tong,22.311559,114.227765,0,False,Very Close (<500m),True,True,True
228,2001,121.02243419382006,Yau Ma Tei,22.3129,114.1707,0,False,Very Close (<500m),True,True,True
294,2001,185.86868802358092,Kwun Tong,22.311559,114.227765,0,False,Very Close (<500m),True,True,True
225,2001,386.48064062660245,Jordan,22.3049,114.1718,0,False,Very Close (<500m),True,True,True
243,2001,372.1176643203281,Whampoa,22.305852,114.188799,0,False,Very Close (<500m),True,True,True
225,2001,152.35671027274182,Yau Ma Tei,22.3129,114.1707,0,False,Very Close (<500m),True,True,True
225,2001,173.43685294607823,Yau Ma Tei,22.3129,114.1707,0,False,Very Close (<500m),True,True,True
236,2001,211.72246350598118,Ho Man Tin,22.308953,114.181612,0,False,Very Close (<500m),True,True,True
225,2001,207.4732886430004,Yau Ma Tei,22.3129,114.1707,0,False,Very Close (<500m),True,True,True
211,2001,190.5509444793129,Jordan,22.3049,114.1718,0,False,Very Close (<500m),True,True,True
211,2001,232.69631995439929,Jordan,22.3049,114.1718,0,False,Very Close (<500m),True,True,True
211,2001,277.49466115427737,Jordan,22.3049,114.1718,0,False,Very Close (<500m),True,True,True
211,2001,248.75090032308702,Austin,22.304236,114.166601,0,False,Very Close (<500m),True,True,True
211,2001,198.92268088785244,Austin,22.304236,114.166601,0,False,Very Close (<500m),True,True,True
212,2001,159.65017546634328,Jordan,22.3049,114.1718,0,False,Very Close (<500m),True,True,True
212,2001,482.8764330810721,Jordan,22.3049,114.1718,0,False,Very Close (<500m),True,True,True
226,2001,528.5723505494866,Yau Ma Tei,22.3129,114.1707,0,False,Close (500-1000m),True,True,True
225,2001,204.57911343941626,Yau Ma Tei,22.3129,114.1707,0,False,Very Close (<500m),True,True,True
244,2001,572.6213894450708,Whampoa,22.305852,114.188799,0,False,Close (500-1000m),False,True,True
225,2001,220.83772680680892,Yau Ma Tei,22.3129,114.1707,0,False,Very Close (<500m),True,True,True
297,2001,426.5509056907553,Kwun Tong,22.311559,114.227765,0,False,Very Close (<500m),True,True,True
297,2001,552.0901662684141,Yau Tong,22.2979,114.2371,0,False,Close (500-1000m),True,True,True
141,2001,302.07734314338995,Sai Ying Pun,22.2856,114.1427,0,False,Very Close (<500m),True,True,True
123,2001,104.2914271787126,Central,22.281938,114.158077,0,False,Very Close (<500m),True,True,True
114,2001,355.97332712105623,Sheung Wan,22.285899,114.153707,0,False,Very Close (<500m),True,True,True
161,2001,291.5488577984224,Sai Wan Ho,22.2816,114.2224,0,False,Very Close (<500m),True,True,True
226,2001,439.64681524921934,Yau Ma Tei,22.3129,114.1707,0,False,Very Close (<500m),True,True,True
228,2001,218.1833437302537,Yau Ma Tei,22.3129,114.1707,0,False,Very Close (<500m),True,True,True
235,2001,550.0860528666807,Yau Ma Tei,22.3129,114.1707,0,False,Close (500-1000m),True,True,True
244,2001,415.31553477386876,To Kwa Wan,22.3172,114.1876,0,False,Very Close (<500m),True,True,True
229,2001,597.6556381292038,Olympic,22.3178,114.1602,0,False,Close (500-1000m),False,True,True
244,2001,389.1386413456479,To Kwa Wan,22.3172,114.1876,0,False,Very Close (<500m),True,True,True
228,2001,254.2039232602347,Yau Ma Tei,22.3129,114.1707,0,False,Very Close (<500m),True,True,True
220,2001,130.89634002035325,Yau Ma Tei,22.3129,114.1707,0,False,Very Close (<500m),True,True,True
243,2001,436.98412191935364,To Kwa Wan,22.3172,114.1876,0,False,Very Close (<500m),True,True,True
225,2001,355.24602357265036,Jordan,22.3049,114.1718,0,False,Very Close (<500m),True,True,True
243,2001,225.97654657157915,Whampoa,22.305852,114.188799,0,False,Very Close (<500m),True,True,True
243,2001,215.19767273978002,Ho Man Tin,22.308953,114.181612,0,False,Very Close (<500m),True,True,True
226,2001,444.6276132187569,Ho Man Tin,22.308953,114.181612,0,False,Very Close (<500m),True,True,True
295,2001,114.84343035113142,Kwun Tong,22.311559,114.227765,0,False,Very Close (<500m),True,True,True
225,2001,359.83091654604226,Austin station,22.306294,114.164522,0,False,Very Close (<500m),True,True,True
839,2001,1081.8290629251524,LOHAS Park,22.2957,114.2689,0,False,Moderate (1-2km),False,True,True
153,2001,293.1123285366414,North Point,22.2909,114.2007,0,False,Very Close (<500m),True,True,True
298,2001,521.9079116191823,Yau Tong,22.2979,114.2371,0,False,Close (500-1000m),True,True,True
839,2001,965.8466803529819,LOHAS Park,22.2957,114.2689,0,False,Close (500-1000m),False,True,True
153,2001,70.953875735526,North Point,22.2909,114.2007,0,False,Very Close (<500m),True,True,True
153,2001,132.8837149818983,North Point,22.2909,114.2007,0,False,Very Close (<500m),True,True,True
156,2001,146.58284699902475,Tai Koo,22.2846,114.2161,0,False,Very Close (<500m),True,True,True
121,2001,158.73737934944467,Railway stations in Hong Kong,22.284721,114.157986,0,False,Very Close (<500m),True,True,True
121,2001,271.7441624261437,Sheung Wan,22.285899,114.153707,0,False,Very Close (<500m),True,True,True
156,2001,447.9829369126291,Tai Koo,22.2846,114.2161,0,False,Very Close (<500m),True,True,True
141,2001,205.7071232386035,Sai Ying Pun,22.2856,114.1427,0,False,Very Close (<500m),True,True,True
114,2001,224.4894386739091,Sheung Wan,22.285899,114.153707,0,False,Very Close (<500m),True,True,True
114,2001,435.93799810670475,Sheung Wan,22.285899,114.153707,0,False,Very Close (<500m),True,True,True
142,2001,577.8400613153333,Sheung Wan,22.285899,114.153707,0,False,Close (500-1000m),True,True,True
121,2001,214.57236290763467,Central,22.281938,114.158077,0,False,Very Close (<500m),True,True,True
114,2001,328.68100040307183,Sheung Wan,22.285899,114.153707,0,False,Very Close (<500m),True,True,True
122,2001,350.6644574239841,Central,22.281938,114.158077,0,False,Very Close (<500m),True,True,True
950,2001,1102.1193117012676,Tung Chung,22.2893,113.9416,0,False,Moderate (1-2km),False,True,True
152,2001,531.3481223102584,Tin Hau,22.2827,114.1917,0,False,Close (500-1000m),True,True,True
836,2001,1128.7354002573923,Po Lam,22.3224,114.258,0,False,Moderate (1-2km),False,True,True
267,2001,282.7376781354818,Sham Shui Po,22.330141,114.163247,0,False,Very Close (<500m),True,True,True
266,2001,321.90690988693586,Sham Shui Po,22.330141,114.163247,0,False,Very Close (<500m),True,True,True
171,2001,1380.954796033534,Kennedy Town,22.2812,114.1285,0,False,Moderate (1-2km),False,False,True
184,2001,1754.9359767848296,Causeway Bay,22.279392,114.182926,0,False,Moderate (1-2km),False,False,True
149,2001,1408.6065378072801,Causeway Bay,22.279392,114.182926,0,False,Moderate (1-2km),False,False,True
184,2001,1376.184257628211,Causeway Bay,22.279392,114.182926,0,False,Moderate (1-2km),False,False,True
121,2001,256.98920727163494,Central,22.281938,114.158077,0,False,Very Close (<500m),True,True,True
153,2001,286.81161378692525,North Point,22.2909,114.2007,0,False,Very Close (<500m),True,True,True
153,2001,251.71184744148852,North Point,22.2909,114.2007,0,False,Very Close (<500m),True,True,True
155,2001,348.8185017290615,Quarry Bay,22.2878,114.2096,0,False,Very Close (<500m),True,True,True
112,2001,303.6208298531455,HKU,22.2841,114.1356,0,False,Very Close (<500m),True,True,True
151,2001,318.9244584421801,Tin Hau,22.2827,114.1917,0,False,Very Close (<500m),True,True,True
152,2001,632.036191628509,Fortress Hill,22.2881,114.1936,0,False,Close (500-1000m),True,True,True
151,2001,301.54190260164245,Fortress Hill,22.2881,114.1936,0,False,Very Close (<500m),True,True,True
112,2001,368.4374401112112,HKU,22.2841,114.1356,0,False,Very Close (<500m),True,True,True
266,2001,601.3697794338293,Nam Cheong,22.32829,114.1538,0,False,Close (500-1000m),True,True,True
246,2001,257.3706329573575,Sung Wong Toi,22.326139,114.190407,0,False,Very Close (<500m),True,True,True
231,2001,441.0527169473503,Mong Kok East,22.3222,114.1728,0,False,Very Close (<500m),True,True,True
293,2001,1253.2046661932043,Kwun Tong,22.311559,114.227765,0,False,Moderate (1-2km),False,False,True
294,2001,232.29274290063597,Ngau Tau Kok,22.3154,114.2193,0,False,Very Close (<500m),True,True,True
229,2001,472.25092689940726,Mong Kok,22.321624,114.172537,0,False,Very Close (<500m),True,True,True
234,2001,596.6539452425636,Mong Kok,22.321624,114.172537,0,False,Close (500-1000m),False,True,True
236,2001,355.0011370710657,Ho Man Tin,22.308953,114.181612,0,False,Very Close (<500m),True,True,True
241,2001,280.5782989318637,To Kwa Wan,22.3172,114.1876,0,False,Very Close (<500m),True,True,True
228,2001,355.67368578799426,Yau Ma Tei,22.3129,114.1707,0,False,Very Close (<500m),True,True,True
285,2001,441.5577234516476,Sung Wong Toi,22.326139,114.190407,0,False,Very Close (<500m),True,True,True
268,2001,481.78496359734675,Shek Kip Mei,22.332,114.1687,0,False,Very Close (<500m),True,True,True
285,2001,488.17495045293595,Sung Wong Toi,22.326139,114.190407,0,False,Very Close (<500m),True,True,True
265,2001,122.45687750648568,Nam Cheong,22.32829,114.1538,1,True,Very Close (<500m),True,True,True
271,2001,828.9976863390714,Kowloon Tong,22.336809,114.177245,0,False,Close (500-1000m),False,True,True
265,2001,500.2773239775992,Sham Shui Po,22.330141,114.163247,0,False,Close (500-1000m),True,True,True
271,2001,772.2006644578828,Kowloon Tong,22.336809,114.177245,0,False,Close (500-1000m),False,True,True
266,2001,43.58701786872705,Sham Shui Po,22.330141,114.163247,0,False,Very Close (<500m),True,True,True
271,2001,829.8783455909655,Kowloon Tong,22.336809,114.177245,0,False,Close (500-1000m),False,True,True
217,2001,128.41548172563446,Austin,22.304236,114.166601,0,False,Very Close (<500m),True,True,True
245,2001,335.0603817635353,Whampoa,22.305852,114.188799,0,False,Very Close (<500m),True,True,True
229,2001,470.50606737391007,Yau Ma Tei,22.3129,114.1707,0,False,Very Close (<500m),True,True,True
247,2001,572.2629646624616,To Kwa Wan,22.3172,114.1876,0,False,Close (500-1000m),False,True,True
236,2001,799.9670651939928,Ho Man Tin,22.308953,114.181612,0,False,Close (500-1000m),False,True,True
237,2001,554.9995017352874,To Kwa Wan,22.3172,114.1876,0,False,Close (500-1000m),True,True,True
225,2001,159.97979463575865,Yau Ma Tei,22.3129,114.1707,0,False,Very Close (<500m),True,True,True
244,2001,504.6470061442084,To Kwa Wan,22.3172,114.1876,0,False,Close (500-1000m),True,True,True
225,2001,229.799803235257,Yau Ma Tei,22.3129,114.1707,0,False,Very Close (<500m),True,True,True
246,2001,183.8887974161673,Sung Wong Toi,22.326139,114.190407,0,False,Very Close (<500m),True,True,True
837,2001,560.8711540120802,Po Lam,22.3224,114.258,0,False,Close (500-1000m),True,True,True
221,2001,250.86414715793725,Prince Edward,22.3245,114.1683,0,False,Very Close (<500m),True,True,True
213,2001,358.2781811450866,Hung Hom,22.3029,114.1816,0,False,Very Close (<500m),True,True,True
225,2001,258.2860216831723,Austin station,22.306294,114.164522,0,False,Very Close (<500m),True,True,True
225,2001,347.2617315942688,Jordan,22.3049,114.1718,0,False,Very Close (<500m),True,True,True
226,2001,263.0581899196512,Jordan,22.3049,114.1718,0,False,Very Close (<500m),True,True,True
245,2001,394.60734645788926,Ho Man Tin,22.308953,114.181612,0,False,Very Close (<500m),True,True,True
225,2001,162.2830296272835,Austin station,22.306294,114.164522,0,False,Very Close (<500m),True,True,True
243,2001,326.39770055633534,Ho Man Tin,22.308953,114.181612,0,False,Very Close (<500m),True,True,True
225,2001,308.69442547641006,Jordan,22.3049,114.1718,0,False,Very Close (<500m),True,True,True
243,2001,312.2987959636517,Ho Man Tin,22.308953,114.181612,0,False,Very Close (<500m),True,True,True
243,2001,309.0324224780368,Whampoa,22.305852,114.188799,0,False,Very Close (<500m),True,True,True
225,2001,273.7054893808252,Jordan,22.3049,114.1718,0,False,Very Close (<500m),True,True,True
225,2001,236.76280238078127,Austin station,22.306294,114.164522,0,False,Very Close (<500m),True,True,True
212,2001,400.87600644108824,Jordan,22.3049,114.1718,0,False,Very Close (<500m),True,True,True
225,2001,227.336030717406,Austin station,22.306294,114.164522,0,False,Very Close (<500m),True,True,True
245,2001,403.58751322344,Ho Man Tin,22.308953,114.181612,0,False,Very Close (<500m),True,True,True
297,2001,90.07644477286516,Lam Tin,22.305367,114.234261,0,False,Very Close (<500m),True,True,True
213,2001,264.5396153192963,Hung Hom,22.3029,114.1816,0,False,Very Close (<500m),True,True,True
225,2001,271.76017384232733,Jordan,22.3049,114.1718,0,False,Very Close (<500m),True,True,True
245,2001,272.6716175417049,Whampoa,22.305852,114.188799,0,False,Very Close (<500m),True,True,True
225,2001,231.41113228188348,Jordan,22.3049,114.1718,0,False,Very Close (<500m),True,True,True
245,2001,100.31166861014574,Whampoa,22.305852,114.188799,0,False,Very Close (<500m),True,True,True
226,2001,165.10264738379746,Jordan,22.3049,114.1718,0,False,Very Close (<500m),True,True,True
225,2001,193.87191045223594,Jordan,22.3049,114.1718,0,False,Very Close (<500m),True,True,True
217,2001,92.09780606555306,Austin station,22.306294,114.164522,1,True,Very Close (<500m),True,True,True
245,2001,132.04961573599445,Whampoa,22.305852,114.188799,0,False,Very Close (<500m),True,True,True
225,2001,158.53005900700956,Jordan,22.3049,114.1718,0,False,Very Close (<500m),True,True,True
225,2001,266.9642303695707,Austin,22.304236,114.166601,0,False,Very Close (<500m),True,True,True
245,2001,413.80942890899416,Whampoa,22.305852,114.188799,0,False,Very Close (<500m),True,True,True
225,2001,304.0819880830559,Austin,22.304236,114.166601,0,False,Very Close (<500m),True,True,True
217,2001,324.7656592369189,Airport,22.304925,114.1616,0,False,Very Close (<500m),True,True,True
226,2001,108.59873937415021,Jordan,22.3049,114.1718,0,False,Very Close (<500m),True,True,True
225,2001,248.77951463759874,Jordan,22.3049,114.1718,0,False,Very Close (<500m),True,True,True
212,2001,99.8989338287873,Jordan,22.3049,114.1718,0,False,Very Close (<500m),True,True,True
225,2001,204.0910225980557,Jordan,22.3049,114.1718,0,False,Very Close (<500m),True,True,True
225,2001,161.58673031887648,Jordan,22.3049,114.1718,0,False,Very Close (<500m),True,True,True
225,2001,103.81502094392155,Jordan,22.3049,114.1718,0,False,Very Close (<500m),True,True,True
211,2001,175.4816936871445,Austin,22.304236,114.166601,0,False,Very Close (<500m),True,True,True
833,2001,141.81074998653924,Tiu Keng Leng,22.305056,114.251907,1,True,Very Close (<500m),True,True,True
213,2001,386.47461700240007,Hung Hom,22.3029,114.1816,0,False,Very Close (<500m),True,True,True
245,2001,229.0780780660956,Whampoa,22.305852,114.188799,0,False,Very Close (<500m),True,True,True
212,2001,23.643330039094835,Jordan,22.3049,114.1718,1,True,Very Close (<500m),True,True,True
211,2001,247.47726017357675,Jordan,22.3049,114.1718,0,False,Very Close (<500m),True,True,True
112,2001,306.87740557519754,Sai Ying Pun,22.2856,114.1427,0,False,Very Close (<500m),True,True,True
112,2001,159.3152978207052,Sai Ying Pun,22.2856,114.1427,0,False,Very Close (<500m),True,True,True
112,2001,95.46919652985413,Sai Ying Pun,22.2856,114.1427,0,False,Very Close (<500m),True,True,True
225,2001,242.308925188251,Jordan,22.3049,114.1718,0,False,Very Close (<500m),True,True,True
243,2001,213.46602717454866,Whampoa,22.305852,114.188799,0,False,Very Close (<500m),True,True,True
225,2001,216.20468666349805,Jordan,22.3049,114.1718,0,False,Very Close (<500m),True,True,True
245,2001,81.83309972850584,Whampoa,22.305852,114.188799,1,True,Very Close (<500m),True,True,True
226,2001,213.93161182943888,Jordan,22.3049,114.1718,0,False,Very Close (<500m),True,True,True
245,2001,359.619189508604,Whampoa,22.305852,114.188799,0,False,Very Close (<500m),True,True,True
225,2001,335.5771380194081,Austin,22.304236,114.166601,0,False,Very Close (<500m),True,True,True
225,2001,354.3663420252555,Austin,22.304236,114.166601,0,False,Very Close (<500m),True,True,True
297,2001,228.27378310051327,Lam Tin,22.305367,114.234261,0,False,Very Close (<500m),True,True,True
245,2001,232.30328384689227,Whampoa,22.305852,114.188799,0,False,Very Close (<500m),True,True,True
225,2001,315.21494358852374,Jordan,22.3049,114.1718,0,False,Very Close (<500m),True,True,True
112,2001,176.26500619121782,Sai Ying Pun,22.2856,114.1427,0,False,Very Close (<500m),True,True,True
112,2001,127.68002123618992,Sai Ying Pun,22.2856,114.1427,0,False,Very Close (<500m),True,True,True
151,2001,203.79124964590514,Fortress Hill,22.2881,114.1936,0,False,Very Close (<500m),True,True,True
297,2001,446.2740818264635,Lam Tin,22.305367,114.234261,0,False,Very Close (<500m),True,True,True
211,2001,198.58884996231427,Jordan,22.3049,114.1718,0,False,Very Close (<500m),True,True,True
212,2001,300.82012268407107,Jordan,22.3049,114.1718,0,False,Very Close (<500m),True,True,True
217,2001,572.9284455284136,Airport,22.304925,114.1616,0,False,Close (500-1000m),True,True,True
212,2001,226.25345918084298,Jordan,22.3049,114.1718,0,False,Very Close (<500m),True,True,True
217,2001,597.6673723509813,Airport,22.304925,114.1616,0,False,Close (500-1000m),False,True,True
217,2001,382.32037672520744,Airport,22.304925,114.1616,0,False,Very Close (<500m),True,True,True
155,2001,311.4558362079889,Quarry Bay,22.2878,114.2096,0,False,Very Close (<500m),True,True,True
116,2001,217.51781759025442,HKU,22.2841,114.1356,0,False,Very Close (<500m),True,True,True
113,2001,440.83903681894304,Sai Ying Pun,22.2856,114.1427,0,False,Very Close (<500m),True,True,True
112,2001,329.43368279735796,Sai Ying Pun,22.2856,114.1427,0,False,Very Close (<500m),True,True,True
112,2001,244.2852449466828,Sai Ying Pun,22.2856,114.1427,0,False,Very Close (<500m),True,True,True
112,2001,130.43539641701287,Sai Ying Pun,22.2856,114.1427,0,False,Very Close (<500m),True,True,True
157,2001,152.6081681840934,Tai Koo,22.2846,114.2161,0,False,Very Close (<500m),True,True,True
157,2001,367.3172950180329,Tai Koo,22.2846,114.2161,0,False,Very Close (<500m),True,True,True
112,2001,41.734479384731394,Sai Ying Pun,22.2856,114.1427,0,False,Very Close (<500m),True,True,True
114,2001,259.67251693058006,Sheung Wan,22.285899,114.153707,0,False,Very Close (<500m),True,True,True
950,2001,983.602644674944,Tung Chung,22.2893,113.9416,0,False,Close (500-1000m),False,True,True
212,2001,454.3917434610314,Jordan,22.3049,114.1718,0,False,Very Close (<500m),True,True,True
212,2001,377.63352042161887,Jordan,22.3049,114.1718,0,False,Very Close (<500m),True,True,True
298,2001,412.4044504056925,Yau Tong,22.2979,114.2371,0,False,Very Close (<500m),True,True,True
212,2001,343.09489782464453,Jordan,22.3049,114.1718,0,False,Very Close (<500m),True,True,True
212,2001,548.5741260171252,Jordan,22.3049,114.1718,0,False,Close (500-1000m),True,True,True
212,2001,571.2568373211288,Jordan,22.3049,114.1718,0,False,Close (500-1000m),True,True,True
298,2001,627.5543727550792,Yau Tong,22.2979,114.2371,0,False,Close (500-1000m),True,True,True
212,2001,431.00312384706774,Tsim Sha Tsui,22.2973,114.1722,0,False,Very Close (<500m),True,True,True
217,2001,442.1830582648542,Airport,22.304925,114.1616,0,False,Very Close (<500m),True,True,True
141,2001,275.133708424821,Sai Ying Pun,22.2856,114.1427,0,False,Very Close (<500m),True,True,True
112,2001,90.80309783552288,HKU,22.2841,114.1356,0,False,Very Close (<500m),True,True,True
166,2001,290.8265614780471,Tai Koo,22.2846,114.2161,0,False,Very Close (<500m),True,True,True
114,2001,334.5116291023883,Sheung Wan,22.285899,114.153707,0,False,Very Close (<500m),True,True,True
121,2001,253.46138649694277,Railway stations in Hong Kong,22.284721,114.157986,0,False,Very Close (<500m),True,True,True
114,2001,269.8449731478084,Sheung Wan,22.285899,114.153707,0,False,Very Close (<500m),True,True,True
156,2001,334.46658925993165,Tai Koo,22.2846,114.2161,0,False,Very Close (<500m),True,True,True
142,2001,576.9604203354179,Sai Ying Pun,22.2856,114.1427,0,False,Close (500-1000m),True,True,True
161,2001,278.6003669029236,Sai Wan Ho,22.2816,114.2224,0,False,Very Close (<500m),True,True,True
122,2001,280.0314943837353,Sheung Wan,22.285899,114.153707,0,False,Very Close (<500m),True,True,True
111,2001,331.02400198782976,Kennedy Town,22.2812,114.1285,0,False,Very Close (<500m),True,True,True
114,2001,476.4037230579,Sheung Wan,22.285899,114.153707,0,False,Very Close (<500m),True,True,True
151,2001,78.62818277117172,Tin Hau,22.2827,114.1917,0,False,Very Close (<500m),True,True,True
121,2001,250.31728232308933,Central,22.281938,114.158077,0,False,Very Close (<500m),True,True,True
141,2001,333.7008160251977,Sai Ying Pun,22.2856,114.1427,0,False,Very Close (<500m),True,True,True
122,2001,331.75895990612287,Sheung Wan,22.285899,114.153707,0,False,Very Close (<500m),True,True,True
122,2001,313.73504897396987,Sheung Wan,22.285899,114.153707,0,False,Very Close (<500m),True,True,True
229,2001,381.59380936365073,Yau Ma Tei,22.3129,114.1707,0,False,Very Close (<500m),True,True,True
211,2001,43.92291526429119,Jordan,22.3049,114.1718,0,False,Very Close (<500m),True,True,True
211,2001,150.22126349168738,Jordan,22.3049,114.1718,0,False,Very Close (<500m),True,True,True
211,2001,98.95903741811098,Jordan,22.3049,114.1718,0,False,Very Close (<500m),True,True,True
217,2001,70.95212857295704,Austin,22.304236,114.166601,1,True,Very Close (<500m),True,True,True
217,2001,335.37744592706997,Airport,22.304925,114.1616,0,False,Very Close (<500m),True,True,True
211,2001,236.21523679727312,Austin,22.304236,114.166601,0,False,Very Close (<500m),True,True,True
217,2001,686.5086617826522,Airport,22.304925,114.1616,0,False,Close (500-1000m),True,True,True
217,2001,218.24793693587793,Kowloon,22.305242,114.163317,0,False,Very Close (<500m),True,True,True
217,2001,101.8758594084388,Austin,22.304236,114.166601,0,False,Very Close (<500m),True,True,True
245,2001,237.25066095122068,Whampoa,22.305852,114.188799,0,False,Very Close (<500m),True,True,True
211,2001,126.34677667642899,Jordan,22.3049,114.1718,0,False,Very Close (<500m),True,True,True
211,2001,155.76765967589864,Jordan,22.3049,114.1718,0,False,Very Close (<500m),True,True,True
156,2001,65.8638794076584,Tai Koo,22.2846,114.2161,0,False,Very Close (<500m),True,True,True
112,2001,296.5291298566015,Sai Ying Pun,22.2856,114.1427,0,False,Very Close (<500m),True,True,True
114,2001,218.4028747737636,Sheung Wan,22.285899,114.153707,0,False,Very Close (<500m),True,True,True
114,2001,89.0469437177681,Sheung Wan,22.285899,114.153707,0,False,Very Close (<500m),True,True,True
114,2001,163.92872306533036,Sheung Wan,22.285899,114.153707,0,False,Very Close (<500m),True,True,True
155,2001,316.28146930804263,Tai Koo,22.2846,114.2161,0,False,Very Close (<500m),True,True,True
112,2001,128.44395706164372,Sai Ying Pun,22.2856,114.1427,0,False,Very Close (<500m),True,True,True
141,2001,249.6247574844257,Sai Ying Pun,22.2856,114.1427,0,False,Very Close (<500m),True,True,True
161,2001,345.85853881844906,Sai Wan Ho,22.2816,114.2224,0,False,Very Close (<500m),True,True,True
151,2001,144.62330875316195,Tin Hau,22.2827,114.1917,0,False,Very Close (<500m),True,True,True
242,2001,237.5080664616536,To Kwa Wan,22.3172,114.1876,0,False,Very Close (<500m),True,True,True
229,2001,586.5329582123919,Yau Ma Tei,22.3129,114.1707,0,False,Close (500-1000m),False,True,True
294,2001,518.0827010051488,Kwun Tong,22.311559,114.227765,0,False,Close (500-1000m),True,True,True
241,2001,220.51940750249716,To Kwa Wan,22.3172,114.1876,0,False,Very Close (<500m),True,True,True
241,2001,276.3216745168357,To Kwa Wan,22.3172,114.1876,0,False,Very Close (<500m),True,True,True
294,2001,279.39356136463675,Kwun Tong,22.311559,114.227765,0,False,Very Close (<500m),True,True,True
297,2001,839.3146969615196,Lam Tin,22.305367,114.234261,0,False,Close (500-1000m),True,True,True
294,2001,315.36148324670984,Ngau Tau Kok,22.3154,114.2193,0,False,Very Close (<500m),True,True,True
241,2001,396.62458893625956,To Kwa Wan,22.3172,114.1876,0,False,Very Close (<500m),True,True,True
235,2001,625.1529206500734,Yau Ma Tei,22.3129,114.1707,0,False,Close (500-1000m),False,True,True
228,2001,235.71058404782204,Yau Ma Tei,22.3129,114.1707,0,False,Very Close (<500m),True,True,True
242,2001,329.6886970800359,To Kwa Wan,22.3172,114.1876,0,False,Very Close (<500m),True,True,True
233,2001,362.10324173787194,Sung Wong Toi,22.326139,114.190407,0,False,Very Close (<500m),True,True,True
231,2001,551.7628919677144,Sung Wong Toi,22.326139,114.190407,0,False,Close (500-1000m),True,True,True
221,2001,559.4576130197503,Olympic,22.3178,114.1602,0,False,Close (500-1000m),False,True,True
234,2001,662.2493070803295,To Kwa Wan,22.3172,114.1876,0,False,Close (500-1000m),False,True,True
234,2001,860.797314169131,Mong Kok East,22.3222,114.1728,0,False,Close (500-1000m),False,True,True
269,2001,671.7119465264092,Nam Cheong,22.32829,114.1538,0,False,Close (500-1000m),False,True,True
836,2001,358.50152819370265,Po Lam,22.3224,114.258,0,False,Very Close (<500m),True,True,True
221,2001,198.54541383061135,Prince Edward,22.3245,114.1683,0,False,Very Close (<500m),True,True,True
231,2001,688.1579820286853,Sung Wong Toi,22.326139,114.190407,0,False,Close (500-1000m),False,True,True
836,2001,468.46191048696517,Po Lam,22.3224,114.258,0,False,Very Close (<500m),True,True,True
267,2001,397.82243093677755,Sham Shui Po,22.330141,114.163247,0,False,Very Close (<500m),True,True,True
231,2001,811.2883038765566,Sung Wong Toi,22.326139,114.190407,0,False,Close (500-1000m),False,True,True
267,2001,278.0383354507308,Prince Edward,22.3245,114.1683,0,False,Very Close (<500m),True,True,True
268,2001,576.466577849028,Shek Kip Mei,22.332,114.1687,0,False,Close (500-1000m),True,True,True
271,2001,873.0657399707303,Sung Wong Toi,22.326139,114.190407,0,False,Close (500-1000m),False,True,True
292,2001,990.7647728073139,Kowloon Bay,22.3235,114.2141,0,False,Close (500-1000m),False,True,True
285,2001,518.2279818635046,Sung Wong Toi,22.326139,114.190407,0,False,Close (500-1000m),True,True,True
285,2001,482.6813441970833,Sung Wong Toi,22.326139,114.190407,0,False,Very Close (<500m),True,True,True
285,2001,451.54288239246887,Sung Wong Toi,22.326139,114.190407,0,False,Very Close (<500m),True,True,True
285,2001,427.53153561040006,Sung Wong Toi,22.326139,114.190407,0,False,Very Close (<500m),True,True,True
271,2001,738.1619477788714,Mong Kok East,22.3222,114.1728,0,False,Close (500-1000m),False,True,True
285,2001,409.5026577257958,Sung Wong Toi,22.326139,114.190407,0,False,Very Close (<500m),True,True,True
266,2001,156.58165700192563,Sham Shui Po,22.330141,114.163247,0,False,Very Close (<500m),True,True,True
285,2001,399.5423475922476,Sung Wong Toi,22.326139,114.190407,0,False,Very Close (<500m),True,True,True
285,2001,397.4487710582984,Sung Wong Toi,22.326139,114.190407,0,False,Very Close (<500m),True,True,True
246,2001,140.48012111445107,Sung Wong Toi,22.326139,114.190407,0,False,Very Close (<500m),True,True,True
231,2001,958.9023475394418,Sung Wong Toi,22.326139,114.190407,0,False,Close (500-1000m),False,True,True
291,2001,296.6225283019029,Kowloon Bay,22.3235,114.2141,0,False,Very Close (<500m),True,True,True
233,2001,243.71602477874941,Sung Wong Toi,22.326139,114.190407,0,False,Very Close (<500m),True,True,True
271,2001,739.725838347482,Mong Kok East,22.3222,114.1728,0,False,Close (500-1000m),False,True,True
232,2001,461.27071648101304,Mong Kok East,22.3222,114.1728,0,False,Very Close (<500m),True,True,True
233,2001,741.6850119790851,Sung Wong Toi,22.326139,114.190407,0,False,Close (500-1000m),False,True,True
267,2001,407.6186105578852,Sham Shui Po,22.330141,114.163247,0,False,Very Close (<500m),True,True,True
222,2001,418.0304645547274,Prince Edward,22.3245,114.1683,0,False,Very Close (<500m),True,True,True
296,2001,1756.1566424570938,Kwun Tong,22.311559,114.227765,0,False,Moderate (1-2km),False,False,True
267,2001,277.2431299208602,Shek Kip Mei,22.332,114.1687,0,False,Very Close (<500m),True,True,True
271,2001,697.8811635975295,Kowloon Tong,22.336809,114.177245,0,False,Close (500-1000m),False,True,True
266,2001,123.26273430392251,Sham Shui Po,22.330141,114.163247,0,False,Very Close (<500m),True,True,True
280,2001,554.7989661495188,Choi Hung,22.334161,114.210289,0,False,Close (500-1000m),True,True,True
271,2001,742.9856527969995,Kowloon Tong,22.336809,114.177245,0,False,Close (500-1000m),False,True,True
267,2001,203.69159311888916,Sham Shui Po,22.330141,114.163247,0,False,Very Close (<500m),True,True,True
265,2001,241.12676980865672,Nam Cheong,22.32829,114.1538,0,False,Very Close (<500m),True,True,True
233,2001,856.6847277092374,Mong Kok East,22.3222,114.1728,0,False,Close (500-1000m),False,True,True
267,2001,157.6214861580231,Sham Shui Po,22.330141,114.163247,0,False,Very Close (<500m),True,True,True
285,2001,404.48693179161774,Sung Wong Toi,22.326139,114.190407,0,False,Very Close (<500m),True,True,True
285,2001,417.45931839974395,Sung Wong Toi,22.326139,114.190407,0,False,Very Close (<500m),True,True,True
814,2001,11308.624886531923,Hang Hau,22.3156,114.2644,0,False,Far (>2km),False,False,False
232,2001,114.4435344498944,Mong Kok East,22.3222,114.1728,1,True,Very Close (<500m),True,True,True
222,2001,42.2637485129338,Mong Kok East,22.3222,114.1728,1,True,Very Close (<500m),True,True,True
944,2001,8883.506212980994,Tung Chung,22.2893,113.9416,0,False,Far (>2km),False,False,False
175,2001,245.17623517615388,Ocean Park,22.2486,114.1743,0,False,Very Close (<500m),True,True,True
951,2001,2699.685604895518,AsiaWorld–Expo,22.321988,113.942221,0,False,Far (>2km),False,False,False
222,2001,420.6746081564033,Mong Kok East,22.3222,114.1728,0,False,Very Close (<500m),True,True,True
222,2001,249.09386566193172,Prince Edward,22.3245,114.1683,0,False,Very Close (<500m),True,True,True
222,2001,204.3556047714956,Prince Edward,22.3245,114.1683,0,False,Very Close (<500m),True,True,True
222,2001,171.9458723713504,Prince Edward,22.3245,114.1683,0,False,Very Close (<500m),True,True,True
222,2001,152.12717354488117,Prince Edward,22.3245,114.1683,0,False,Very Close (<500m),True,True,True
221,2001,157.67790569573452,Prince Edward,22.3245,114.1683,0,False,Very Close (<500m),True,True,True
221,2001,227.76535832437085,Prince Edward,22.3245,114.1683,0,False,Very Close (<500m),True,True,True
221,2001,329.3939269272987,Prince Edward,22.3245,114.1683,0,False,Very Close (<500m),True,True,True
291,2001,444.5850586393799,Kowloon Bay,22.3235,114.2141,0,False,Very Close (<500m),True,True,True
221,2001,275.3008194283791,Prince Edward,22.3245,114.1683,0,False,Very Close (<500m),True,True,True
280,2001,711.2142990018847,Kowloon Bay,22.3235,114.2141,0,False,Close (500-1000m),False,True,True
222,2001,148.29550767639162,Prince Edward,22.3245,114.1683,0,False,Very Close (<500m),True,True,True
222,2001,319.1841147960179,Mong Kok East,22.3222,114.1728,0,False,Very Close (<500m),True,True,True
222,2001,59.39027153077742,Prince Edward,22.3245,114.1683,1,True,Very Close (<500m),True,True,True
233,2001,650.4644603136384,Mong Kok East,22.3222,114.1728,0,False,Close (500-1000m),False,True,True
221,2001,285.6214395864676,Prince Edward,22.3245,114.1683,0,False,Very Close (<500m),True,True,True
269,2001,514.9109909166976,Nam Cheong,22.32829,114.1538,0,False,Close (500-1000m),True,True,True
232,2001,324.48270043363993,Mong Kok East,22.3222,114.1728,0,False,Very Close (<500m),True,True,True
221,2001,36.857173834185346,Prince Edward,22.3245,114.1683,0,False,Very Close (<500m),True,True,True
286,2001,862.34830917875,Kai Tak,22.3304,114.1994,0,False,Close (500-1000m),False,True,True
234,2001,709.5182474768746,Mong Kok East,22.3222,114.1728,0,False,Close (500-1000m),False,True,True
232,2001,429.4241466124544,Mong Kok East,22.3222,114.1728,0,False,Very Close (<500m),True,True,True
242,2001,571.2348559202685,Sung Wong Toi,22.326139,114.190407,0,False,Close (500-1000m),False,True,True
241,2001,507.1853098243731,To Kwa Wan,22.3172,114.1876,0,False,Close (500-1000m),True,True,True
221,2001,389.8072039387893,Prince Edward,22.3245,114.1683,0,False,Very Close (<500m),True,True,True
294,2001,955.5484883423218,Ngau Tau Kok,22.3154,114.2193,0,False,Close (500-1000m),False,True,True
280,2001,583.0027686464281,Kowloon Bay,22.3235,114.2141,0,False,Close (500-1000m),True,True,True
242,2001,591.0718732176557,Sung Wong Toi,22.326139,114.190407,0,False,Close (500-1000m),False,True,True
280,2001,675.6068673961252,Kowloon Bay,22.3235,114.2141,0,False,Close (500-1000m),False,True,True
221,2001,449.0292182228885,Prince Edward,22.3245,114.1683,0,False,Very Close (<500m),True,True,True
242,2001,611.3106368313489,Sung Wong Toi,22.326139,114.190407,0,False,Close (500-1000m),False,True,True
269,2001,257.2528747595126,Olympic,22.3178,114.1602,0,False,Very Close (<500m),True,True,True
242,2001,631.8398255848655,Sung Wong Toi,22.326139,114.190407,0,False,Close (500-1000m),False,True,True
234,2001,566.1804233955942,Mong Kok,22.321624,114.172537,0,False,Close (500-1000m),True,True,True
221,2001,512.9566344115061,Prince Edward,22.3245,114.1683,0,False,Close (500-1000m),True,True,True
836,2001,453.14991274344254,Po Lam,22.3224,114.258,0,False,Very Close (<500m),True,True,True
241,2001,400.5084760260852,To Kwa Wan,22.3172,114.1876,0,False,Very Close (<500m),True,True,True
293,2001,1009.5738382883487,Kwun Tong,22.311559,114.227765,0,False,Moderate (1-2km),False,True,True
221,2001,115.13284687610356,Prince Edward,22.3245,114.1683,0,False,Very Close (<500m),True,True,True
221,2001,575.3793238835909,Prince Edward,22.3245,114.1683,0,False,Close (500-1000m),False,True,True
294,2001,899.5262546086685,Ngau Tau Kok,22.3154,114.2193,0,False,Close (500-1000m),False,True,True
232,2001,282.9782511814828,Mong Kok,22.321624,114.172537,0,False,Very Close (<500m),True,True,True
221,2001,433.4759072216914,Olympic,22.3178,114.1602,0,False,Very Close (<500m),True,True,True
221,2001,531.4968640505573,Olympic,22.3178,114.1602,0,False,Close (500-1000m),True,True,True
222,2001,166.54476138832405,Mong Kok,22.321624,114.172537,0,False,Very Close (<500m),True,True,True
241,2001,381.5766514752111,To Kwa Wan,22.3172,114.1876,0,False,Very Close (<500m),True,True,True
221,2001,461.8321419885855,Olympic,22.3178,114.1602,0,False,Very Close (<500m),True,True,True
222,2001,224.10259820522853,Mong Kok,22.321624,114.172537,0,False,Very Close (<500m),True,True,True
221,2001,492.2151395783006,Olympic,22.3178,114.1602,0,False,Very Close (<500m),True,True,True
294,2001,340.3668932680146,Ngau Tau Kok,22.3154,114.2193,0,False,Very Close (<500m),True,True,True
227,2001,368.0585077629909,Mong Kok,22.321624,114.172537,0,False,Very Close (<500m),True,True,True
241,2001,175.5009122220451,To Kwa Wan,22.3172,114.1876,0,False,Very Close (<500m),True,True,True
241,2001,122.98160832086688,To Kwa Wan,22.3172,114.1876,0,False,Very Close (<500m),True,True,True
294,2001,776.2989970678212,Kwun Tong,22.311559,114.227765,0,False,Close (500-1000m),False,True,True
267,2001,335.8048282677821,Sham Shui Po,22.330141,114.163247,0,False,Very Close (<500m),True,True,True
836,2001,961.6046714807425,Po Lam,22.3224,114.258,0,False,Close (500-1000m),False,True,True
836,2001,673.7690086754842,Po Lam,22.3224,114.258,0,False,Close (500-1000m),False,True,True
266,2001,348.40753569724137,Sham Shui Po,22.330141,114.163247,0,False,Very Close (<500m),True,True,True
221,2001,445.9500584788378,Olympic,22.3178,114.1602,0,False,Very Close (<500m),True,True,True
222,2001,238.04054516075118,Prince Edward,22.3245,114.1683,0,False,Very Close (<500m),True,True,True
836,2001,164.83093724652372,Po Lam,22.3224,114.258,0,False,Very Close (<500m),True,True,True
221,2001,138.61804053076494,Prince Edward,22.3245,114.1683,0,False,Very Close (<500m),True,True,True
221,2001,626.4332290472217,Prince Edward,22.3245,114.1683,0,False,Close (500-1000m),False,True,True
247,2001,1093.0880370803654,Kowloon Bay,22.3235,114.2141,0,False,Moderate (1-2km),False,True,True
294,2001,622.8187091054128,Kowloon Bay,22.3235,114.2141,0,False,Close (500-1000m),False,True,True
221,2001,193.25736672485453,Prince Edward,22.3245,114.1683,0,False,Very Close (<500m),True,True,True
221,2001,234.42244187693086,Prince Edward,22.3245,114.1683,0,False,Very Close (<500m),True,True,True
243,2001,368.24746599574013,Whampoa,22.305852,114.188799,0,False,Very Close (<500m),True,True,True
225,2001,307.23012116493703,Austin,22.304236,114.166601,0,False,Very Close (<500m),True,True,True
226,2001,306.90343734975977,Jordan,22.3049,114.1718,0,False,Very Close (<500m),True,True,True
226,2001,271.6100958289862,Jordan,22.3049,114.1718,0,False,Very Close (<500m),True,True,True
225,2001,325.2554508006899,Jordan,22.3049,114.1718,0,False,Very Close (<500m),True,True,True
243,2001,391.15081232626494,Ho Man Tin,22.308953,114.181612,0,False,Very Close (<500m),True,True,True
243,2001,190.35156284521977,Whampoa,22.305852,114.188799,0,False,Very Close (<500m),True,True,True
225,2001,282.3030066526705,Austin station,22.306294,114.164522,0,False,Very Close (<500m),True,True,True
225,2001,316.94689403806086,Austin,22.304236,114.166601,0,False,Very Close (<500m),True,True,True
225,2001,290.13115967533327,Jordan,22.3049,114.1718,0,False,Very Close (<500m),True,True,True
243,2001,325.65933370762946,Ho Man Tin,22.308953,114.181612,0,False,Very Close (<500m),True,True,True
225,2001,189.7712714963539,Austin station,22.306294,114.164522,0,False,Very Close (<500m),True,True,True
225,2001,402.2884128393762,Austin,22.304236,114.166601,0,False,Very Close (<500m),True,True,True
243,2001,266.79881225387425,Ho Man Tin,22.308953,114.181612,0,False,Very Close (<500m),True,True,True
243,2001,292.68331057472653,Whampoa,22.305852,114.188799,0,False,Very Close (<500m),True,True,True
157,2001,243.28672571241674,Tai Koo,22.2846,114.2161,0,False,Very Close (<500m),True,True,True
113,2001,546.3022774100527,Sheung Wan,22.285899,114.153707,0,False,Close (500-1000m),True,True,True
271,2001,815.3217660971268,Mong Kok East,22.3222,114.1728,0,False,Close (500-1000m),False,True,True
267,2001,255.18848652349277,Sham Shui Po,22.330141,114.163247,0,False,Very Close (<500m),True,True,True
267,2001,397.66738778092326,Prince Edward,22.3245,114.1683,0,False,Very Close (<500m),True,True,True
280,2001,304.6785260742989,Kowloon Bay,22.3235,114.2141,0,False,Very Close (<500m),True,True,True
280,2001,459.4472182126741,Kowloon Bay,22.3235,114.2141,0,False,Very Close (<500m),True,True,True
836,2001,408.59231027056376,Po Lam,22.3224,114.258,0,False,Very Close (<500m),True,True,True
241,2001,285.3840545458426,Sung Wong Toi,22.326139,114.190407,0,False,Very Close (<500m),True,True,True
269,2001,509.20660224678704,Nam Cheong,22.32829,114.1538,0,False,Close (500-1000m),True,True,True
246,2001,471.6676238519699,Sung Wong Toi,22.326139,114.190407,0,False,Very Close (<500m),True,True,True
221,2001,635.2218850889035,Prince Edward,22.3245,114.1683,0,False,Close (500-1000m),False,True,True
280,2001,683.7498529280956,Kowloon Bay,22.3235,114.2141,0,False,Close (500-1000m),False,True,True
222,2001,260.3685501534885,Mong Kok East,22.3222,114.1728,0,False,Very Close (<500m),True,True,True
221,2001,532.9683007773968,Prince Edward,22.3245,114.1683,0,False,Close (500-1000m),True,True,True
241,2001,282.01415458554357,Sung Wong Toi,22.326139,114.190407,0,False,Very Close (<500m),True,True,True
222,2001,139.06089666736014,Prince Edward,22.3245,114.1683,0,False,Very Close (<500m),True,True,True
269,2001,575.316255300518,Olympic,22.3178,114.1602,0,False,Close (500-1000m),True,True,True
234,2001,816.793842075724,To Kwa Wan,22.3172,114.1876,0,False,Close (500-1000m),False,True,True
247,2001,674.0313437996502,To Kwa Wan,22.3172,114.1876,0,False,Close (500-1000m),False,True,True
280,2001,786.6226231995969,Kowloon Bay,22.3235,114.2141,0,False,Close (500-1000m),False,True,True
227,2001,367.7022047700171,Mong Kok,22.321624,114.172537,0,False,Very Close (<500m),True,True,True
221,2001,567.4169659441151,Prince Edward,22.3245,114.1683,0,False,Close (500-1000m),False,True,True
235,2001,361.264054696608,Mong Kok,22.321624,114.172537,0,False,Very Close (<500m),True,True,True
247,2001,923.1206333695101,Kowloon Bay,22.3235,114.2141,0,False,Close (500-1000m),False,True,True
221,2001,417.7236965823076,Prince Edward,22.3245,114.1683,0,False,Very Close (<500m),True,True,True
294,2001,374.3236149512789,Kowloon Bay,22.3235,114.2141,0,False,Very Close (<500m),True,True,True
831,2001,1517.72226988161,Po Lam,22.3224,114.258,0,False,Moderate (1-2km),False,False,True
221,2001,521.3609359861744,Olympic,22.3178,114.1602,0,False,Close (500-1000m),True,True,True
221,2001,562.6513191356072,Prince Edward,22.3245,114.1683,0,False,Close (500-1000m),False,True,True
221,2001,558.6872581876959,Olympic,22.3178,114.1602,0,False,Close (500-1000m),False,True,True
221,2001,243.64020729298818,Prince Edward,22.3245,114.1683,0,False,Very Close (<500m),True,True,True
294,2001,597.3500052933806,Ngau Tau Kok,22.3154,114.2193,0,False,Close (500-1000m),True,True,True
233,2001,595.599019729743,Mong Kok East,22.3222,114.1728,0,False,Close (500-1000m),False,True,True
222,2001,225.0752259343063,Prince Edward,22.3245,114.1683,0,False,Very Close (<500m),True,True,True
241,2001,395.29976066733235,Sung Wong Toi,22.326139,114.190407,0,False,Very Close (<500m),True,True,True
221,2001,461.66981079329577,Prince Edward,22.3245,114.1683,0,False,Very Close (<500m),True,True,True
221,2001,307.4021136588307,Prince Edward,22.3245,114.1683,0,False,Very Close (<500m),True,True,True
232,2001,320.0856061907889,Mong Kok East,22.3222,114.1728,0,False,Very Close (<500m),True,True,True
293,2001,1142.880850171538,Kwun Tong,22.311559,114.227765,0,False,Moderate (1-2km),False,True,True
291,2001,300.66550547245737,Kowloon Bay,22.3235,114.2141,0,False,Very Close (<500m),True,True,True
221,2001,384.7063950844674,Prince Edward,22.3245,114.1683,0,False,Very Close (<500m),True,True,True
241,2001,392.0722658268739,Sung Wong Toi,22.326139,114.190407,0,False,Very Close (<500m),True,True,True
242,2001,487.92873103967224,Sung Wong Toi,22.326139,114.190407,0,False,Very Close (<500m),True,True,True
232,2001,436.28924526084114,Mong Kok East,22.3222,114.1728,0,False,Very Close (<500m),True,True,True
280,2001,411.95478514466805,Kowloon Bay,22.3235,114.2141,0,False,Very Close (<500m),True,True,True
269,2001,709.0369038928171,Nam Cheong,22.32829,114.1538,0,False,Close (500-1000m),False,True,True
280,2001,679.500301820318,Kowloon Bay,22.3235,114.2141,0,False,Close (500-1000m),False,True,True
221,2001,509.6756533112691,Prince Edward,22.3245,114.1683,0,False,Close (500-1000m),True,True,True
222,2001,228.8180056465305,Prince Edward,22.3245,114.1683,0,False,Very Close (<500m),True,True,True
242,2001,405.91974481883676,Sung Wong Toi,22.326139,114.190407,0,False,Very Close (<500m),True,True,True
221,2001,594.8827936357306,Olympic,22.3178,114.1602,0,False,Close (500-1000m),False,True,True
221,2001,564.3598965847513,Olympic,22.3178,114.1602,0,False,Close (500-1000m),False,True,True
221,2001,560.9548562527352,Olympic,22.3178,114.1602,0,False,Close (500-1000m),False,True,True
350,2001,3851.7182824999754,Tsing Yi,22.360206,114.107587,0,False,Far (>2km),False,False,False
832,2001,5428.045240853973,LOHAS Park,22.2957,114.2689,0,False,Far (>2km),False,False,False
221,2001,366.7729865125006,Prince Edward,22.3245,114.1683,0,False,Very Close (<500m),True,True,True
246,2001,284.6859829809698,Sung Wong Toi,22.326139,114.190407,0,False,Very Close (<500m),True,True,True
836,2001,600.6509639525106,Po Lam,22.3224,114.258,0,False,Close (500-1000m),True,True,True
221,2001,449.20102694458774,Sham Shui Po,22.330141,114.163247,0,False,Very Close (<500m),True,True,True
221,2001,470.86922408708557,Sham Shui Po,22.330141,114.163247,0,False,Very Close (<500m),True,True,True
221,2001,238.9287317006576,Prince Edward,22.3245,114.1683,0,False,Very Close (<500m),True,True,True
221,2001,511.5870348716247,Sham Shui Po,22.330141,114.163247,0,False,Close (500-1000m),True,True,True
280,2001,746.5180141662375,Kowloon Bay,22.3235,114.2141,0,False,Close (500-1000m),False,True,True
233,2001,916.8415314897625,Sung Wong Toi,22.326139,114.190407,0,False,Close (500-1000m),False,True,True
221,2001,384.6233957037275,Prince Edward,22.3245,114.1683,0,False,Very Close (<500m),True,True,True
292,2001,714.0413362915457,Kowloon Bay,22.3235,114.2141,0,False,Close (500-1000m),False,True,True
836,2001,818.014465933504,Po Lam,22.3224,114.258,0,False,Close (500-1000m),False,True,True
951,2001,4429.892675430198,AsiaWorld–Expo,22.321988,113.942221,0,False,Far (>2km),False,False,False
351,2001,3567.1210107289035,Tsing Yi,22.360206,114.107587,0,False,Far (>2km),False,False,False
242,2001,653.1952464005582,Sung Wong Toi,22.326139,114.190407,0,False,Close (500-1000m),False,True,True
221,2001,385.669760183646,Olympic,22.3178,114.1602,0,False,Very Close (<500m),True,True,True
221,2001,408.43073434084454,Olympic,22.3178,114.1602,0,False,Very Close (<500m),True,True,True
221,2001,340.9224956716984,Olympic,22.3178,114.1602,0,False,Very Close (<500m),True,True,True
280,2001,359.6772457416111,Kowloon Bay,22.3235,114.2141,0,False,Very Close (<500m),True,True,True
269,2001,601.3256619885109,Olympic,22.3178,114.1602,0,False,Close (500-1000m),False,True,True
835,2001,481.20064279988543,Po Lam,22.3224,114.258,0,False,Very Close (<500m),True,True,True
241,2001,529.1625015701541,To Kwa Wan,22.3172,114.1876,0,False,Close (500-1000m),True,True,True
221,2001,273.26099495297797,Prince Edward,22.3245,114.1683,0,False,Very Close (<500m),True,True,True
294,2001,309.5064174566745,Kowloon Bay,22.3235,114.2141,0,False,Very Close (<500m),True,True,True
242,2001,439.1425468490451,Sung Wong Toi,22.326139,114.190407,0,False,Very Close (<500m),True,True,True
221,2001,304.33168327441956,Prince Edward,22.3245,114.1683,0,False,Very Close (<500m),True,True,True
294,2001,925.6816048617275,Ngau Tau Kok,22.3154,114.2193,0,False,Close (500-1000m),False,True,True
227,2001,289.52888275019643,Mong Kok,22.321624,114.172537,0,False,Very Close (<500m),True,True,True
241,2001,256.238367012378,To Kwa Wan,22.3172,114.1876,0,False,Very Close (<500m),True,True,True
242,2001,482.5938637865378,To Kwa Wan,22.3172,114.1876,0,False,Very Close (<500m),True,True,True
247,2001,737.4598166598134,Sung Wong Toi,22.326139,114.190407,0,False,Close (500-1000m),False,True,True
217,2001,239.14083927400986,Airport,22.304925,114.1616,0,False,Very Close (<500m),True,True,True
213,2001,69.96671570725978,Hung Hom,22.3029,114.1816,1,True,Very Close (<500m),True,True,True
217,2001,52.74430703864809,Airport,22.304925,114.1616,3,True,Very Close (<500m),True,True,True
290,2001,359.6929492718208,Yau Tong,22.2979,114.2371,0,False,Very Close (<500m),True,True,True
211,2001,417.0604760349487,Tsim Sha Tsui,22.2973,114.1722,0,False,Very Close (<500m),True,True,True
211,2001,310.40747547482226,Austin,22.304236,114.166601,0,False,Very Close (<500m),True,True,True
217,2001,219.6936759290047,Austin,22.304236,114.166601,0,False,Very Close (<500m),True,True,True
217,2001,214.94797298817846,Austin,22.304236,114.166601,0,False,Very Close (<500m),True,True,True
293,2001,1112.1392018300683,Kwun Tong,22.311559,114.227765,0,False,Moderate (1-2km),False,True,True
242,2001,553.7502273875971,To Kwa Wan,22.3172,114.1876,0,False,Close (500-1000m),True,True,True
221,2001,548.4837270559149,Olympic,22.3178,114.1602,0,False,Close (500-1000m),False,True,True
280,2001,785.7029448463196,Kowloon Bay,22.3235,114.2141,0,False,Close (500-1000m),False,True,True
263,2001,170.87819391747075,Shek Kip Mei,22.332,114.1687,0,False,Very Close (<500m),True,True,True
288,2001,564.2029850342037,Choi Hung,22.334161,114.210289,0,False,Close (500-1000m),True,True,True
242,2001,676.0825215041531,Sung Wong Toi,22.326139,114.190407,0,False,Close (500-1000m),False,True,True
294,2001,653.9881404759872,Ngau Tau Kok,22.3154,114.2193,0,False,Close (500-1000m),True,True,True
292,2001,1662.2468742225094,Kowloon Bay,22.3235,114.2141,0,False,Moderate (1-2km),False,False,True
264,2001,433.90644675602755,Cheung Sha Wan,22.3354,114.1563,0,False,Very Close (<500m),True,True,True
264,2001,418.67013827425956,Sham Shui Po,22.330141,114.163247,0,False,Very Close (<500m),True,True,True
263,2001,376.87894599019427,Shek Kip Mei,22.332,114.1687,0,False,Very Close (<500m),True,True,True
280,2001,878.7188476507464,Kowloon Bay,22.3235,114.2141,0,False,Close (500-1000m),False,True,True
242,2001,533.8097063662041,Sung Wong Toi,22.326139,114.190407,0,False,Close (500-1000m),True,True,True
221,2001,346.57180378540966,Prince Edward,22.3245,114.1683,0,False,Very Close (<500m),True,True,True
280,2001,414.9159772087436,Kowloon Bay,22.3235,114.2141,0,False,Very Close (<500m),True,True,True
242,2001,552.5113924785536,Sung Wong Toi,22.326139,114.190407,0,False,Close (500-1000m),False,True,True
280,2001,496.1772462349304,Kowloon Bay,22.3235,114.2141,0,False,Very Close (<500m),True,True,True
221,2001,359.3613665020995,Prince Edward,22.3245,114.1683,0,False,Very Close (<500m),True,True,True
221,2001,534.177880887875,Olympic,22.3178,114.1602,0,False,Close (500-1000m),True,True,True
221,2001,457.4786113518431,Prince Edward,22.3245,114.1683,0,False,Very Close (<500m),True,True,True
271,2001,569.6418840869578,Kowloon Tong,22.336809,114.177245,0,False,Close (500-1000m),True,True,True
271,2001,349.2671121967779,Kowloon Tong,22.336809,114.177245,0,False,Very Close (<500m),True,True,True
264,2001,473.3009183024873,Cheung Sha Wan,22.3354,114.1563,0,False,Very Close (<500m),True,True,True
235,2001,389.9297662553869,Mong Kok,22.321624,114.172537,0,False,Very Close (<500m),True,True,True
221,2001,109.08703034332414,Olympic,22.3178,114.1602,0,False,Very Close (<500m),True,True,True
221,2001,215.8532305927799,Olympic,22.3178,114.1602,0,False,Very Close (<500m),True,True,True
837,2001,286.83167396437,Hang Hau,22.3156,114.2644,0,False,Very Close (<500m),True,True,True
280,2001,678.9960191166767,Kowloon Bay,22.3235,114.2141,0,False,Close (500-1000m),False,True,True
227,2001,416.8248540281096,Mong Kok,22.321624,114.172537,0,False,Very Close (<500m),True,True,True
831,2001,1893.0804987951121,Po Lam,22.3224,114.258,0,False,Moderate (1-2km),False,False,True
284,2001,527.6202508263564,Kai Tak,22.3304,114.1994,0,False,Close (500-1000m),True,True,True
269,2001,632.8743804432253,Nam Cheong,22.32829,114.1538,0,False,Close (500-1000m),False,True,True
246,2001,603.4712642449109,To Kwa Wan,22.3172,114.1876,0,False,Close (500-1000m),True,True,True
266,2001,650.7015122900514,Olympic,22.3178,114.1602,0,False,Close (500-1000m),False,True,True
234,2001,816.8284958531555,To Kwa Wan,22.3172,114.1876,0,False,Close (500-1000m),False,True,True
221,2001,408.39903746155784,Mong Kok,22.321624,114.172537,0,False,Very Close (<500m),True,True,True
241,2001,379.3286419146138,To Kwa Wan,22.3172,114.1876,0,False,Very Close (<500m),True,True,True
221,2001,456.477150052373,Prince Edward,22.3245,114.1683,0,False,Very Close (<500m),True,True,True
222,2001,207.75513298139182,Mong Kok,22.321624,114.172537,0,False,Very Close (<500m),True,True,True
234,2001,671.1316849603735,To Kwa Wan,22.3172,114.1876,0,False,Close (500-1000m),False,True,True
221,2001,471.7181770893859,Prince Edward,22.3245,114.1683,0,False,Very Close (<500m),True,True,True
222,2001,256.1007742885116,Mong Kok,22.321624,114.172537,0,False,Very Close (<500m),True,True,True
227,2001,249.29384130619454,Mong Kok,22.321624,114.172537,0,False,Very Close (<500m),True,True,True
247,2001,751.5027181609088,To Kwa Wan,22.3172,114.1876,0,False,Close (500-1000m),False,True,True
835,2001,942.9314970040213,Po Lam,22.3224,114.258,0,False,Close (500-1000m),False,True,True
221,2001,294.4543183876663,Olympic,22.3178,114.1602,0,False,Very Close (<500m),True,True,True
294,2001,922.0706384831224,Kwun Tong,22.311559,114.227765,0,False,Close (500-1000m),False,True,True
222,2001,308.1435106460855,Mong Kok,22.321624,114.172537,0,False,Very Close (<500m),True,True,True
221,2001,586.2929591269295,Prince Edward,22.3245,114.1683,0,False,Close (500-1000m),True,True,True
221,2001,546.9718066186228,Prince Edward,22.3245,114.1683,0,False,Close (500-1000m),True,True,True
837,2001,534.2881288948026,Hang Hau,22.3156,114.2644,0,False,Close (500-1000m),True,True,True
222,2001,364.92964125065197,Mong Kok,22.321624,114.172537,0,False,Very Close (<500m),True,True,True
221,2001,234.43000378371352,Olympic,22.3178,114.1602,0,False,Very Close (<500m),True,True,True
837,2001,487.2069809848717,Hang Hau,22.3156,114.2644,0,False,Very Close (<500m),True,True,True
234,2001,723.7847916202322,Mong Kok East,22.3222,114.1728,0,False,Close (500-1000m),False,True,True
292,2001,1570.7694295270471,Choi Hung,22.334161,114.210289,0,False,Moderate (1-2km),False,False,True
271,2001,439.66119281682705,Kowloon Tong,22.336809,114.177245,0,False,Very Close (<500m),True,True,True
271,2001,472.1842289133995,Kowloon Tong,22.336809,114.177245,0,False,Very Close (<500m),True,True,True
837,2001,868.180086088491,Hang Hau,22.3156,114.2644,0,False,Close (500-1000m),False,True,True
280,2001,894.2789773497677,Kowloon Bay,22.3235,114.2141,0,False,Close (500-1000m),False,True,True
222,2001,107.03931485503024,Prince Edward,22.3245,114.1683,0,False,Very Close (<500m),True,True,True
221,2001,667.3466691546596,Olympic,22.3178,114.1602,0,False,Close (500-1000m),False,True,True
221,2001,658.0606968940368,Olympic,22.3178,114.1602,0,False,Close (500-1000m),False,True,True
221,2001,651.7289311678069,Olympic,22.3178,114.1602,0,False,Close (500-1000m),False,True,True
242,2001,311.9969852913104,Sung Wong Toi,22.326139,114.190407,0,False,Very Close (<500m),True,True,True
293,2001,1462.440382782842,Kwun Tong,22.311559,114.227765,0,False,Moderate (1-2km),False,False,True
222,2001,281.5657884713617,Mong Kok,22.321624,114.172537,0,False,Very Close (<500m),True,True,True
246,2001,389.5051210436063,To Kwa Wan,22.3172,114.1876,0,False,Very Close (<500m),True,True,True
268,2001,572.1461740729942,Shek Kip Mei,22.332,114.1687,0,False,Close (500-1000m),False,True,True
268,2001,644.377796618735,Shek Kip Mei,22.332,114.1687,0,False,Close (500-1000m),False,True,True
266,2001,147.5372897165332,Sham Shui Po,22.330141,114.163247,0,False,Very Close (<500m),True,True,True
292,2001,920.1008773966008,Kowloon Bay,22.3235,114.2141,0,False,Close (500-1000m),False,True,True
271,2001,654.0625222405662,Kowloon Tong,22.336809,114.177245,0,False,Close (500-1000m),False,True,True
283,2001,611.5131214066856,Kai Tak,22.3304,114.1994,0,False,Close (500-1000m),True,True,True
267,2001,292.216814438749,Shek Kip Mei,22.332,114.1687,0,False,Very Close (<500m),True,True,True
350,2001,3524.630993691884,Tsing Yi,22.360206,114.107587,0,False,Far (>2km),False,False,False
271,2001,657.7998068137342,Sung Wong Toi,22.326139,114.190407,0,False,Close (500-1000m),False,True,True
285,2001,601.2260936919578,Sung Wong Toi,22.326139,114.190407,0,False,Close (500-1000m),True,True,True
266,2001,156.1066025608617,Sham Shui Po,22.330141,114.163247,0,False,Very Close (<500m),True,True,True
266,2001,237.454279735994,Sham Shui Po,22.330141,114.163247,0,False,Very Close (<500m),True,True,True
835,2001,913.5978750537163,Po Lam,22.3224,114.258,0,False,Close (500-1000m),False,True,True
835,2001,713.3244917701228,Po Lam,22.3224,114.258,0,False,Close (500-1000m),False,True,True
242,2001,482.63890664766643,Sung Wong Toi,22.326139,114.190407,0,False,Very Close (<500m),True,True,True
269,2001,527.4915134849239,Olympic,22.3178,114.1602,0,False,Close (500-1000m),True,True,True
222,2001,225.0252888254215,Mong Kok,22.321624,114.172537,0,False,Very Close (<500m),True,True,True
237,2001,640.7274648199035,To Kwa Wan,22.3172,114.1876,0,False,Close (500-1000m),True,True,True
234,2001,598.8207454665238,Mong Kok,22.321624,114.172537,0,False,Close (500-1000m),False,True,True
227,2001,260.97133059949886,Mong Kok,22.321624,114.172537,0,False,Very Close (<500m),True,True,True
247,2001,660.081358475973,To Kwa Wan,22.3172,114.1876,0,False,Close (500-1000m),False,True,True
247,2001,771.2162395180615,To Kwa Wan,22.3172,114.1876,0,False,Close (500-1000m),False,True,True
294,2001,833.5684526421436,Kwun Tong,22.311559,114.227765,0,False,Close (500-1000m),False,True,True
247,2001,703.6452461754643,To Kwa Wan,22.3172,114.1876,0,False,Close (500-1000m),False,True,True
235,2001,350.08257966717923,Mong Kok,22.321624,114.172537,0,False,Very Close (<500m),True,True,True
221,2001,252.88536593031614,Olympic,22.3178,114.1602,0,False,Very Close (<500m),True,True,True
221,2001,379.261200761646,Olympic,22.3178,114.1602,0,False,Very Close (<500m),True,True,True
221,2001,427.23278329470514,Mong Kok,22.321624,114.172537,0,False,Very Close (<500m),True,True,True
235,2001,285.02424586364805,Mong Kok,22.321624,114.172537,0,False,Very Close (<500m),True,True,True
241,2001,260.524644963409,To Kwa Wan,22.3172,114.1876,0,False,Very Close (<500m),True,True,True
221,2001,589.7145099978151,Olympic,22.3178,114.1602,0,False,Close (500-1000m),False,True,True
294,2001,509.8493046754856,Ngau Tau Kok,22.3154,114.2193,0,False,Close (500-1000m),True,True,True
221,2001,489.0465742978045,Mong Kok,22.321624,114.172537,0,False,Very Close (<500m),True,True,True
221,2001,485.7053775315897,Olympic,22.3178,114.1602,0,False,Very Close (<500m),True,True,True
237,2001,538.4061319074418,To Kwa Wan,22.3172,114.1876,0,False,Close (500-1000m),True,True,True
241,2001,189.55121948170353,To Kwa Wan,22.3172,114.1876,0,False,Very Close (<500m),True,True,True
241,2001,294.3429875687494,To Kwa Wan,22.3172,114.1876,0,False,Very Close (<500m),True,True,True
221,2001,541.5385838693585,Mong Kok,22.321624,114.172537,0,False,Close (500-1000m),True,True,True
235,2001,360.82115812203403,Mong Kok,22.321624,114.172537,0,False,Very Close (<500m),True,True,True
247,2001,732.3059880536387,To Kwa Wan,22.3172,114.1876,0,False,Close (500-1000m),False,True,True
286,2001,487.3492178687144,Kai Tak,22.3304,114.1994,0,False,Very Close (<500m),True,True,True
266,2001,250.80716582637797,Sham Shui Po,22.330141,114.163247,0,False,Very Close (<500m),True,True,True
266,2001,276.3390996682142,Sham Shui Po,22.330141,114.163247,0,False,Very Close (<500m),True,True,True
271,2001,593.7238722457544,Kowloon Tong,22.336809,114.177245,0,False,Close (500-1000m),False,True,True
271,2001,624.29382556663,Kowloon Tong,22.336809,114.177245,0,False,Close (500-1000m),True,True,True
291,2001,269.9163774942321,Choi Hung,22.334161,114.210289,0,False,Very Close (<500m),True,True,True
241,2001,509.41678178787436,To Kwa Wan,22.3172,114.1876,0,False,Close (500-1000m),True,True,True
234,2001,779.7951329098026,To Kwa Wan,22.3172,114.1876,0,False,Close (500-1000m),False,True,True
288,2001,674.0748450847394,Choi Hung,22.334161,114.210289,0,False,Close (500-1000m),False,True,True
284,2001,504.59349637420155,Kai Tak,22.3304,114.1994,0,False,Close (500-1000m),True,True,True
284,2001,408.1927616301973,Kai Tak,22.3304,114.1994,0,False,Very Close (<500m),True,True,True
268,2001,310.5369763201937,Shek Kip Mei,22.332,114.1687,0,False,Very Close (<500m),True,True,True
285,2001,393.80680584173734,Sung Wong Toi,22.326139,114.190407,0,False,Very Close (<500m),True,True,True
510,2001,2307.885150282838,Tin Shui Wai,22.446803,114.003028,0,False,Far (>2km),False,False,True
722,2001,3626.1613163026555,Tai Po Market,22.4446,114.1706,0,False,Far (>2km),False,False,False
728,2001,4545.5934853824465,Wu Kai Sha,22.4291,114.2438,0,False,Far (>2km),False,False,False
742,2001,12841.640537443325,Wu Kai Sha,22.4291,114.2438,0,False,Far (>2km),False,False,False
514,2001,3124.314538169144,Tin Shui Wai,22.446803,114.003028,0,False,Far (>2km),False,False,False
514,2001,2713.4886480536697,Tin Shui Wai,22.446803,114.003028,0,False,Far (>2km),False,False,False
513,2001,3100.461483618537,Tin Shui Wai,22.446803,114.003028,0,False,Far (>2km),False,False,False
742,2001,12539.483249140678,Wu Kai Sha,22.4291,114.2438,0,False,Far (>2km),False,False,False
728,2001,4258.883846599615,Tai Po Market,22.4446,114.1706,0,False,Far (>2km),False,False,False
742,2001,9417.466181783568,Wu Kai Sha,22.4291,114.2438,0,False,Far (>2km),False,False,False
513,2001,2724.4427619679914,Tin Shui Wai,22.446803,114.003028,0,False,Far (>2km),False,False,False
728,2001,4216.731252176727,Ma On Shan,22.4247,114.2316,0,False,Far (>2km),False,False,False
264,2001,538.4063189186542,Lai Chi Kok,22.3373,114.1482,0,False,Close (500-1000m),True,True,True
265,2001,452.3257602660527,Cheung Sha Wan,22.3354,114.1563,0,False,Very Close (<500m),True,True,True
294,2001,794.6502548919727,Kwun Tong,22.311559,114.227765,0,False,Close (500-1000m),True,True,True
280,2001,567.9306656936066,Kowloon Bay,22.3235,114.2141,0,False,Close (500-1000m),True,True,True
227,2001,325.65907547006776,Mong Kok,22.321624,114.172537,0,False,Very Close (<500m),True,True,True
237,2001,351.25815153022404,To Kwa Wan,22.3172,114.1876,0,False,Very Close (<500m),True,True,True
266,2001,155.2356283377474,Sham Shui Po,22.330141,114.163247,0,False,Very Close (<500m),True,True,True
234,2001,486.00736647638627,To Kwa Wan,22.3172,114.1876,0,False,Very Close (<500m),True,True,True
221,2001,467.4518355313939,Prince Edward,22.3245,114.1683,0,False,Very Close (<500m),True,True,True
221,2001,362.81839135092326,Prince Edward,22.3245,114.1683,0,False,Very Close (<500m),True,True,True
221,2001,473.2108813254073,Olympic,22.3178,114.1602,0,False,Very Close (<500m),True,True,True
836,2001,325.49747665801135,Po Lam,22.3224,114.258,0,False,Very Close (<500m),True,True,True
241,2001,512.8484488441078,Sung Wong Toi,22.326139,114.190407,0,False,Close (500-1000m),True,True,True
221,2001,461.57720905979875,Olympic,22.3178,114.1602,0,False,Very Close (<500m),True,True,True
242,2001,464.60646862325405,Sung Wong Toi,22.326139,114.190407,0,False,Very Close (<500m),True,True,True
291,2001,281.89422498870977,Kowloon Bay,22.3235,114.2141,0,False,Very Close (<500m),True,True,True
234,2001,674.9725670995019,Mong Kok East,22.3222,114.1728,0,False,Close (500-1000m),False,True,True
222,2001,167.0781027935479,Mong Kok,22.321624,114.172537,0,False,Very Close (<500m),True,True,True
284,2001,696.7481861820226,Kai Tak,22.3304,114.1994,0,False,Close (500-1000m),False,True,True
285,2001,348.94452753597534,Sung Wong Toi,22.326139,114.190407,0,False,Very Close (<500m),True,True,True
266,2001,367.58004328364433,Sham Shui Po,22.330141,114.163247,0,False,Very Close (<500m),True,True,True
267,2001,328.3194413082083,Sham Shui Po,22.330141,114.163247,0,False,Very Close (<500m),True,True,True
285,2001,310.95029093315156,Sung Wong Toi,22.326139,114.190407,0,False,Very Close (<500m),True,True,True
836,2001,396.6008807400439,Po Lam,22.3224,114.258,0,False,Very Close (<500m),True,True,True
242,2001,381.5708195898046,To Kwa Wan,22.3172,114.1876,0,False,Very Close (<500m),True,True,True
221,2001,489.5337803522629,Prince Edward,22.3245,114.1683,0,False,Very Close (<500m),True,True,True
835,2001,592.2571792471311,Po Lam,22.3224,114.258,0,False,Close (500-1000m),True,True,True
285,2001,244.44250192933512,Sung Wong Toi,22.326139,114.190407,0,False,Very Close (<500m),True,True,True
285,2001,246.55670007324153,Sung Wong Toi,22.326139,114.190407,0,False,Very Close (<500m),True,True,True
285,2001,280.8113168032995,Sung Wong Toi,22.326139,114.190407,0,False,Very Close (<500m),True,True,True
267,2001,208.1406613938764,Sham Shui Po,22.330141,114.163247,0,False,Very Close (<500m),True,True,True
836,2001,1344.1601637498438,Po Lam,22.3224,114.258,0,False,Moderate (1-2km),False,True,True
266,2001,280.028446125994,Sham Shui Po,22.330141,114.163247,0,False,Very Close (<500m),True,True,True
271,2001,902.8207390027328,Mong Kok East,22.3222,114.1728,0,False,Close (500-1000m),False,True,True
291,2001,1204.4243623180266,Choi Hung,22.334161,114.210289,0,False,Moderate (1-2km),False,True,True
267,2001,391.69871629605086,Shek Kip Mei,22.332,114.1687,0,False,Very Close (<500m),True,True,True
267,2001,229.26991081608443,Sham Shui Po,22.330141,114.163247,0,False,Very Close (<500m),True,True,True
271,2001,913.4203674385193,Kowloon Tong,22.336809,114.177245,0,False,Close (500-1000m),False,True,True
265,2001,398.3248841660258,Nam Cheong,22.32829,114.1538,0,False,Very Close (<500m),True,True,True
267,2001,338.7301223736387,Sham Shui Po,22.330141,114.163247,0,False,Very Close (<500m),True,True,True
266,2001,303.67369724887016,Sham Shui Po,22.330141,114.163247,0,False,Very Close (<500m),True,True,True
831,2001,2031.6415598062497,Kowloon Bay,22.3235,114.2141,0,False,Far (>2km),False,False,True
291,2001,142.83298636549796,Choi Hung,22.334161,114.210289,1,True,Very Close (<500m),True,True,True
268,2001,631.0689275312825,Shek Kip Mei,22.332,114.1687,0,False,Close (500-1000m),False,True,True
831,2001,2222.4296915354457,Po Lam,22.3224,114.258,0,False,Far (>2km),False,False,True
271,2001,614.9328056902408,Lok Fu,22.338,114.1871,0,False,Close (500-1000m),False,True,True
836,2001,1339.4072073091036,Po Lam,22.3224,114.258,0,False,Moderate (1-2km),False,True,True
265,2001,368.5633780934375,Sham Shui Po,22.330141,114.163247,0,False,Very Close (<500m),True,True,True
292,2001,1466.7228613784414,Kowloon Bay,22.3235,114.2141,0,False,Moderate (1-2km),False,False,True
263,2001,96.6169406027897,Shek Kip Mei,22.332,114.1687,0,False,Very Close (<500m),True,True,True
283,2001,549.467653068347,Kai Tak,22.3304,114.1994,0,False,Close (500-1000m),True,True,True
264,2001,517.8655268190603,Lai Chi Kok,22.3373,114.1482,0,False,Close (500-1000m),True,True,True
266,2001,280.4988428074368,Sham Shui Po,22.330141,114.163247,0,False,Very Close (<500m),True,True,True
271,2001,587.449700304648,Kowloon Tong,22.336809,114.177245,0,False,Close (500-1000m),True,True,True
271,2001,797.9643261614071,Kowloon Tong,22.336809,114.177245,0,False,Close (500-1000m),False,True,True
298,2001,342.23171021966067,Yau Tong,22.2979,114.2371,0,False,Very Close (<500m),True,True,True
212,2001,312.59390809062654,Tsim Sha Tsui,22.2973,114.1722,0,False,Very Close (<500m),True,True,True
212,2001,379.9356658700286,Tsim Sha Tsui,22.2973,114.1722,0,False,Very Close (<500m),True,True,True
212,2001,354.0089858107774,Tsim Sha Tsui,22.2973,114.1722,0,False,Very Close (<500m),True,True,True
212,2001,222.98002454239952,Tsim Sha Tsui,22.2973,114.1722,0,False,Very Close (<500m),True,True,True
298,2001,526.6932912459349,Yau Tong,22.2979,114.2371,0,False,Close (500-1000m),True,True,True
212,2001,326.41784928535594,Tsim Sha Tsui,22.2973,114.1722,0,False,Very Close (<500m),True,True,True
833,2001,1071.4109879319906,Tiu Keng Leng,22.305056,114.251907,0,False,Moderate (1-2km),False,True,True
212,2001,154.74870171118883,Tsim Sha Tsui,22.2973,114.1722,0,False,Very Close (<500m),True,True,True
298,2001,210.68272608442723,Yau Tong,22.2979,114.2371,0,False,Very Close (<500m),True,True,True
214,2001,310.8685878590831,Tsim Sha Tsui,22.2973,114.1722,0,False,Very Close (<500m),True,True,True
114,2001,288.3427171520285,Sheung Wan,22.285899,114.153707,0,False,Very Close (<500m),True,True,True
294,2001,502.7910828507724,Ngau Tau Kok,22.3154,114.2193,0,False,Close (500-1000m),True,True,True
222,2001,342.682200710835,Mong Kok,22.321624,114.172537,0,False,Very Close (<500m),True,True,True
221,2001,325.6783795181817,Olympic,22.3178,114.1602,0,False,Very Close (<500m),True,True,True
221,2001,570.2924884694368,Prince Edward,22.3245,114.1683,0,False,Close (500-1000m),False,True,True
263,2001,115.75637604324321,Shek Kip Mei,22.332,114.1687,1,True,Very Close (<500m),True,True,True
265,2001,441.84626275186895,Cheung Sha Wan,22.3354,114.1563,0,False,Very Close (<500m),True,True,True
283,2001,599.4050128802066,Lok Fu,22.338,114.1871,0,False,Close (500-1000m),False,True,True
264,2001,517.9680407883106,Nam Cheong,22.32829,114.1538,0,False,Close (500-1000m),True,True,True
268,2001,232.68948207674038,Shek Kip Mei,22.332,114.1687,0,False,Very Close (<500m),True,True,True
291,2001,458.9845444892405,Kowloon Bay,22.3235,114.2141,0,False,Very Close (<500m),True,True,True
284,2001,547.627702324565,Kai Tak,22.3304,114.1994,0,False,Close (500-1000m),False,True,True
268,2001,380.418822367025,Shek Kip Mei,22.332,114.1687,0,False,Very Close (<500m),True,True,True
268,2001,695.8676343588269,Kowloon Tong,22.336809,114.177245,0,False,Close (500-1000m),False,True,True
268,2001,702.697528519627,Kowloon Tong,22.336809,114.177245,0,False,Close (500-1000m),False,True,True
285,2001,638.3529962407918,Sung Wong Toi,22.326139,114.190407,0,False,Close (500-1000m),False,True,True
264,2001,285.47245993660516,Nam Cheong,22.32829,114.1538,0,False,Very Close (<500m),True,True,True
268,2001,242.1784369398996,Shek Kip Mei,22.332,114.1687,0,False,Very Close (<500m),True,True,True
268,2001,314.7939598694404,Shek Kip Mei,22.332,114.1687,0,False,Very Close (<500m),True,True,True
266,2001,117.75319057088966,Sham Shui Po,22.330141,114.163247,0,False,Very Close (<500m),True,True,True
267,2001,267.3836022796058,Sham Shui Po,22.330141,114.163247,0,False,Very Close (<500m),True,True,True
266,2001,92.33272681937352,Sham Shui Po,22.330141,114.163247,0,False,Very Close (<500m),True,True,True
113,2001,557.9695820786735,Sheung Wan,22.285899,114.153707,0,False,Close (500-1000m),True,True,True
155,2001,194.5647471497751,Tai Koo,22.2846,114.2161,0,False,Very Close (<500m),True,True,True
112,2001,32.62018445227463,Sai Ying Pun,22.2856,114.1427,1,True,Very Close (<500m),True,True,True
113,2001,551.5203897848046,Sai Ying Pun,22.2856,114.1427,0,False,Close (500-1000m),True,True,True
114,2001,179.78743372543576,Sheung Wan,22.285899,114.153707,0,False,Very Close (<500m),True,True,True
147,2001,306.5293660802301,Tin Hau,22.2827,114.1917,0,False,Very Close (<500m),True,True,True
151,2001,266.14162719295183,Tin Hau,22.2827,114.1917,0,False,Very Close (<500m),True,True,True
114,2001,316.2977604170313,Sheung Wan,22.285899,114.153707,0,False,Very Close (<500m),True,True,True
112,2001,298.97613239499196,HKU,22.2841,114.1356,0,False,Very Close (<500m),True,True,True
112,2001,124.4070645114202,HKU,22.2841,114.1356,0,False,Very Close (<500m),True,True,True
114,2001,221.89729642471755,Sheung Wan,22.285899,114.153707,0,False,Very Close (<500m),True,True,True
151,2001,257.69943176337273,Tin Hau,22.2827,114.1917,0,False,Very Close (<500m),True,True,True
247,2001,881.7460054114331,Ngau Tau Kok,22.3154,114.2193,0,False,Close (500-1000m),False,True,True
271,2001,749.1358972419167,Kowloon Tong,22.336809,114.177245,0,False,Close (500-1000m),False,True,True
266,2001,193.8345994851158,Sham Shui Po,22.330141,114.163247,0,False,Very Close (<500m),True,True,True
264,2001,341.07567566937684,Nam Cheong,22.32829,114.1538,0,False,Very Close (<500m),True,True,True
265,2001,369.0429603664481,Nam Cheong,22.32829,114.1538,0,False,Very Close (<500m),True,True,True
265,2001,375.26359635512216,Sham Shui Po,22.330141,114.163247,0,False,Very Close (<500m),True,True,True
266,2001,234.61588868779523,Sham Shui Po,22.330141,114.163247,0,False,Very Close (<500m),True,True,True
266,2001,213.55779196881215,Sham Shui Po,22.330141,114.163247,0,False,Very Close (<500m),True,True,True
268,2001,436.7210894098176,Shek Kip Mei,22.332,114.1687,0,False,Very Close (<500m),True,True,True
268,2001,502.7356739979619,Shek Kip Mei,22.332,114.1687,0,False,Close (500-1000m),True,True,True
350,2001,3457.754169917345,Tsing Yi,22.360206,114.107587,0,False,Far (>2km),False,False,False
291,2001,322.9979991872081,Choi Hung,22.334161,114.210289,0,False,Very Close (<500m),True,True,True
292,2001,1300.5953765484333,Kowloon Bay,22.3235,114.2141,0,False,Moderate (1-2km),False,False,True
280,2001,804.6182691007698,Kowloon Bay,22.3235,114.2141,0,False,Close (500-1000m),False,True,True
267,2001,303.1276886225212,Prince Edward,22.3245,114.1683,0,False,Very Close (<500m),True,True,True
267,2001,366.8654799225122,Sham Shui Po,22.330141,114.163247,0,False,Very Close (<500m),True,True,True
266,2001,459.2880882744762,Nam Cheong,22.32829,114.1538,0,False,Very Close (<500m),True,True,True
246,2001,41.86783551042882,Sung Wong Toi,22.326139,114.190407,0,False,Very Close (<500m),True,True,True
264,2001,457.57341035157657,Lai Chi Kok,22.3373,114.1482,0,False,Very Close (<500m),True,True,True
268,2001,433.4800808714709,Kowloon Tong,22.336809,114.177245,0,False,Very Close (<500m),True,True,True
264,2001,468.7896030627681,Cheung Sha Wan,22.3354,114.1563,0,False,Very Close (<500m),True,True,True
264,2001,462.98803030456395,Sham Shui Po,22.330141,114.163247,0,False,Very Close (<500m),True,True,True
286,2001,377.45243823553517,Kai Tak,22.3304,114.1994,2,True,Very Close (<500m),True,True,True
350,2001,3343.250477316262,Lai King,22.3484,114.1261,0,False,Far (>2km),False,False,False
266,2001,285.54579507729454,Sham Shui Po,22.330141,114.163247,0,False,Very Close (<500m),True,True,True
266,2001,24.401933618946128,Sham Shui Po,22.330141,114.163247,1,True,Very Close (<500m),True,True,True
828,2001,5710.371176564682,Wu Kai Sha,22.4291,114.2438,0,False,Far (>2km),False,False,False
422,2001,2461.6145406927817,Tuen Mun,22.394156,113.973948,0,False,Far (>2km),False,False,True
432,2001,4799.0102995540365,Tuen Mun,22.394156,113.973948,0,False,Far (>2km),False,False,False
423,2001,1159.4097224086115,Tuen Mun,22.394156,113.973948,0,False,Moderate (1-2km),False,True,True
332,2001,3413.4947576745994,Tsuen Wan West,22.36755,114.11098,0,False,Far (>2km),False,False,False
340,2001,5359.8310635703865,Tsing Yi,22.360206,114.107587,0,False,Far (>2km),False,False,False
266,2001,486.64973551227797,Nam Cheong,22.32829,114.1538,0,False,Very Close (<500m),True,True,True
241,2001,352.3857114486737,Sung Wong Toi,22.326139,114.190407,0,False,Very Close (<500m),True,True,True
221,2001,704.7629398610719,Sham Shui Po,22.330141,114.163247,0,False,Close (500-1000m),False,True,True
222,2001,132.61412629976132,Mong Kok East,22.3222,114.1728,0,False,Very Close (<500m),True,True,True
836,2001,79.84641035494599,Po Lam,22.3224,114.258,1,True,Very Close (<500m),True,True,True
280,2001,590.5755043722996,Choi Hung,22.334161,114.210289,0,False,Close (500-1000m),False,True,True
266,2001,256.44989659521923,Sham Shui Po,22.330141,114.163247,0,False,Very Close (<500m),True,True,True
267,2001,233.8608399392865,Sham Shui Po,22.330141,114.163247,0,False,Very Close (<500m),True,True,True
283,2001,553.410882706037,Sung Wong Toi,22.326139,114.190407,0,False,Close (500-1000m),False,True,True
831,2001,1611.1657556567882,Po Lam,22.3224,114.258,0,False,Moderate (1-2km),False,False,True
231,2001,825.0121457907982,Mong Kok East,22.3222,114.1728,0,False,Close (500-1000m),False,True,True
267,2001,439.2430043538268,Sham Shui Po,22.330141,114.163247,0,False,Very Close (<500m),True,True,True
267,2001,385.2983860813005,Prince Edward,22.3245,114.1683,0,False,Very Close (<500m),True,True,True
231,2001,648.1076720203954,Mong Kok East,22.3222,114.1728,0,False,Close (500-1000m),False,True,True
233,2001,567.6134132380547,Sung Wong Toi,22.326139,114.190407,0,False,Close (500-1000m),False,True,True
267,2001,403.282161047974,Sham Shui Po,22.330141,114.163247,0,False,Very Close (<500m),True,True,True
231,2001,538.9548205431392,Mong Kok East,22.3222,114.1728,0,False,Close (500-1000m),True,True,True
283,2001,727.0248333869893,Lok Fu,22.338,114.1871,0,False,Close (500-1000m),False,True,True
286,2001,568.1692462763041,Kai Tak,22.3304,114.1994,0,False,Close (500-1000m),True,True,True
264,2001,119.24195467107323,Cheung Sha Wan,22.3354,114.1563,0,False,Very Close (<500m),True,True,True
271,2001,220.05857179103393,Kowloon Tong,22.336809,114.177245,0,False,Very Close (<500m),True,True,True
283,2001,549.632411821394,Kai Tak,22.3304,114.1994,0,False,Close (500-1000m),True,True,True
264,2001,364.07940857779363,Cheung Sha Wan,22.3354,114.1563,0,False,Very Close (<500m),True,True,True
284,2001,445.1580899035536,Kai Tak,22.3304,114.1994,0,False,Very Close (<500m),True,True,True
272,2001,387.0642665655429,Kowloon Tong,22.336809,114.177245,0,False,Very Close (<500m),True,True,True
264,2001,616.8421773859121,Lai Chi Kok,22.3373,114.1482,0,False,Close (500-1000m),True,True,True
263,2001,483.4502999612968,Sham Shui Po,22.330141,114.163247,0,False,Very Close (<500m),True,True,True
284,2001,636.7004588281432,Kai Tak,22.3304,114.1994,0,False,Close (500-1000m),False,True,True
263,2001,440.298170796244,Sham Shui Po,22.330141,114.163247,0,False,Very Close (<500m),True,True,True
264,2001,498.1636505482635,Cheung Sha Wan,22.3354,114.1563,0,False,Very Close (<500m),True,True,True
285,2001,279.13430705752853,Sung Wong Toi,22.326139,114.190407,0,False,Very Close (<500m),True,True,True
285,2001,255.84594259315026,Sung Wong Toi,22.326139,114.190407,0,False,Very Close (<500m),True,True,True
232,2001,464.7662723230425,Mong Kok East,22.3222,114.1728,0,False,Very Close (<500m),True,True,True
836,2001,350.5833889308309,Po Lam,22.3224,114.258,0,False,Very Close (<500m),True,True,True
221,2001,536.0348494879528,Prince Edward,22.3245,114.1683,0,False,Close (500-1000m),True,True,True
246,2001,581.1706577860772,Sung Wong Toi,22.326139,114.190407,0,False,Close (500-1000m),True,True,True
285,2001,612.2477791729231,Sung Wong Toi,22.326139,114.190407,0,False,Close (500-1000m),True,True,True
271,2001,533.8840100069683,Kowloon Tong,22.336809,114.177245,0,False,Close (500-1000m),True,True,True
221,2001,173.12261543816862,Prince Edward,22.3245,114.1683,0,False,Very Close (<500m),True,True,True
836,2001,572.2913069596417,Po Lam,22.3224,114.258,0,False,Close (500-1000m),True,True,True
291,2001,273.67464320486766,Kowloon Bay,22.3235,114.2141,0,False,Very Close (<500m),True,True,True
280,2001,761.6134735534436,Kai Tak,22.3304,114.1994,0,False,Close (500-1000m),False,True,True
266,2001,416.12588994082677,Sham Shui Po,22.330141,114.163247,0,False,Very Close (<500m),True,True,True
267,2001,490.8787090148231,Prince Edward,22.3245,114.1683,0,False,Very Close (<500m),True,True,True
291,2001,552.8513847942653,Kowloon Bay,22.3235,114.2141,0,False,Close (500-1000m),True,True,True
280,2001,739.8430938641703,Kai Tak,22.3304,114.1994,0,False,Close (500-1000m),False,True,True
266,2001,477.56538209017697,Sham Shui Po,22.330141,114.163247,0,False,Very Close (<500m),True,True,True
836,2001,933.1131384231795,Po Lam,22.3224,114.258,0,False,Close (500-1000m),False,True,True
267,2001,165.447747997648,Sham Shui Po,22.330141,114.163247,0,False,Very Close (<500m),True,True,True
291,2001,463.8689107201908,Kowloon Bay,22.3235,114.2141,0,False,Very Close (<500m),True,True,True
836,2001,771.7715052208412,Po Lam,22.3224,114.258,0,False,Close (500-1000m),False,True,True
291,2001,107.58495601178086,Kowloon Bay,22.3235,114.2141,0,False,Very Close (<500m),True,True,True
280,2001,612.1185756085486,Kowloon Bay,22.3235,114.2141,0,False,Close (500-1000m),False,True,True
280,2001,713.309750258652,Choi Hung,22.334161,114.210289,0,False,Close (500-1000m),False,True,True
266,2001,220.7548192835573,Sham Shui Po,22.330141,114.163247,0,False,Very Close (<500m),True,True,True
271,2001,594.3638412802495,Sung Wong Toi,22.326139,114.190407,0,False,Close (500-1000m),True,True,True
265,2001,336.18251965246947,Nam Cheong,22.32829,114.1538,0,False,Very Close (<500m),True,True,True
836,2001,462.6320870266054,Po Lam,22.3224,114.258,0,False,Very Close (<500m),True,True,True
267,2001,232.29793060868735,Sham Shui Po,22.330141,114.163247,0,False,Very Close (<500m),True,True,True
285,2001,440.31635352115995,Sung Wong Toi,22.326139,114.190407,0,False,Very Close (<500m),True,True,True
265,2001,135.37750411778546,Nam Cheong,22.32829,114.1538,0,False,Very Close (<500m),True,True,True
221,2001,448.6410931582109,Prince Edward,22.3245,114.1683,0,False,Very Close (<500m),True,True,True
280,2001,881.6569499588342,Kai Tak,22.3304,114.1994,0,False,Close (500-1000m),False,True,True
221,2001,617.4230247427992,Prince Edward,22.3245,114.1683,0,False,Close (500-1000m),False,True,True
222,2001,319.4065124666063,Prince Edward,22.3245,114.1683,0,False,Very Close (<500m),True,True,True
221,2001,125.1798089957438,Prince Edward,22.3245,114.1683,0,False,Very Close (<500m),True,True,True
292,2001,597.5506917594231,Kowloon Bay,22.3235,114.2141,0,False,Close (500-1000m),False,True,True
266,2001,307.72106902077263,Sham Shui Po,22.330141,114.163247,0,False,Very Close (<500m),True,True,True
836,2001,841.1567719700283,Po Lam,22.3224,114.258,0,False,Close (500-1000m),False,True,True
280,2001,135.4500165492968,Kowloon Bay,22.3235,114.2141,1,True,Very Close (<500m),True,True,True
267,2001,282.16140108922355,Sham Shui Po,22.330141,114.163247,0,False,Very Close (<500m),True,True,True
271,2001,562.1256296483742,Sung Wong Toi,22.326139,114.190407,0,False,Close (500-1000m),True,True,True
266,2001,492.7210167864708,Sham Shui Po,22.330141,114.163247,0,False,Very Close (<500m),True,True,True
246,2001,145.3352154499893,Sung Wong Toi,22.326139,114.190407,0,False,Very Close (<500m),True,True,True
265,2001,311.56854941439354,Nam Cheong,22.32829,114.1538,0,False,Very Close (<500m),True,True,True
267,2001,307.0772089507588,Sham Shui Po,22.330141,114.163247,0,False,Very Close (<500m),True,True,True
267,2001,372.7603095810013,Prince Edward,22.3245,114.1683,0,False,Very Close (<500m),True,True,True
267,2001,295.34014565256837,Prince Edward,22.3245,114.1683,0,False,Very Close (<500m),True,True,True
280,2001,597.2789058331291,Kowloon Bay,22.3235,114.2141,0,False,Close (500-1000m),True,True,True
286,2001,682.0332199604903,Kai Tak,22.3304,114.1994,0,False,Close (500-1000m),False,True,True
267,2001,318.41787351980025,Sham Shui Po,22.330141,114.163247,0,False,Very Close (<500m),True,True,True
271,2001,969.8870557539171,Mong Kok East,22.3222,114.1728,0,False,Close (500-1000m),False,True,True
233,2001,459.1046106560661,Sung Wong Toi,22.326139,114.190407,0,False,Very Close (<500m),True,True,True
271,2001,664.0954412998038,Kowloon Tong,22.336809,114.177245,0,False,Close (500-1000m),False,True,True
291,2001,682.8102872322148,Choi Hung,22.334161,114.210289,0,False,Close (500-1000m),True,True,True
271,2001,580.5618478551445,Kowloon Tong,22.336809,114.177245,0,False,Close (500-1000m),True,True,True
264,2001,410.4346140132574,Cheung Sha Wan,22.3354,114.1563,0,False,Very Close (<500m),True,True,True
264,2001,423.05644715136253,Lai Chi Kok,22.3373,114.1482,0,False,Very Close (<500m),True,True,True
265,2001,331.3048615492466,Cheung Sha Wan,22.3354,114.1563,0,False,Very Close (<500m),True,True,True
264,2001,389.4940435407026,Sham Shui Po,22.330141,114.163247,0,False,Very Close (<500m),True,True,True
280,2001,482.8201467999077,Kowloon Bay,22.3235,114.2141,0,False,Very Close (<500m),True,True,True
267,2001,426.3517894024581,Sham Shui Po,22.330141,114.163247,0,False,Very Close (<500m),True,True,True
271,2001,998.7801243960306,Kowloon Tong,22.336809,114.177245,0,False,Close (500-1000m),False,True,True
271,2001,967.838481760369,Sung Wong Toi,22.326139,114.190407,0,False,Close (500-1000m),False,True,True
267,2001,252.0277935829894,Sham Shui Po,22.330141,114.163247,0,False,Very Close (<500m),True,True,True
266,2001,432.7686624918342,Sham Shui Po,22.330141,114.163247,0,False,Very Close (<500m),True,True,True
831,2001,1107.7288726388376,Po Lam,22.3224,114.258,0,False,Moderate (1-2km),False,True,True
266,2001,325.67208290439373,Sham Shui Po,22.330141,114.163247,0,False,Very Close (<500m),True,True,True
267,2001,341.10282419658085,Prince Edward,22.3245,114.1683,0,False,Very Close (<500m),True,True,True
266,2001,601.417852628632,Nam Cheong,22.32829,114.1538,0,False,Close (500-1000m),True,True,True
267,2001,369.67706761616967,Sham Shui Po,22.330141,114.163247,0,False,Very Close (<500m),True,True,True
265,2001,284.88892462634544,Nam Cheong,22.32829,114.1538,0,False,Very Close (<500m),True,True,True
267,2001,363.5027243195782,Prince Edward,22.3245,114.1683,0,False,Very Close (<500m),True,True,True
267,2001,361.7141419071411,Sham Shui Po,22.330141,114.163247,0,False,Very Close (<500m),True,True,True
266,2001,477.7216700969836,Sham Shui Po,22.330141,114.163247,0,False,Very Close (<500m),True,True,True
123,2001,62.191714998285335,Central,22.281938,114.158077,0,False,Very Close (<500m),True,True,True
161,2001,165.27139351296378,Sai Wan Ho,22.2816,114.2224,0,False,Very Close (<500m),True,True,True
161,2001,428.63477750349125,Shau Kei Wan,22.2789,114.2289,0,False,Very Close (<500m),True,True,True
161,2001,472.86373629036393,Shau Kei Wan,22.2789,114.2289,0,False,Very Close (<500m),True,True,True
122,2001,418.53188935178633,Central,22.281938,114.158077,0,False,Very Close (<500m),True,True,True
161,2001,368.18406587150014,Shau Kei Wan,22.2789,114.2289,0,False,Very Close (<500m),True,True,True
166,2001,465.81478173242016,Tai Koo,22.2846,114.2161,0,False,Very Close (<500m),True,True,True
161,2001,150.25126068180123,Shau Kei Wan,22.2789,114.2289,0,False,Very Close (<500m),True,True,True
146,2001,376.69682196692645,Causeway Bay,22.279392,114.182926,0,False,Very Close (<500m),True,True,True
161,2001,50.188998905047036,Sai Wan Ho,22.2816,114.2224,0,False,Very Close (<500m),True,True,True
123,2001,309.7422924534117,Central,22.281938,114.158077,0,False,Very Close (<500m),True,True,True
142,2001,793.5437788560585,Central,22.281938,114.158077,0,False,Close (500-1000m),False,True,True
132,2001,340.0779088083074,Causeway Bay,22.279392,114.182926,0,False,Very Close (<500m),True,True,True
146,2001,429.4550801394849,Causeway Bay,22.279392,114.182926,0,False,Very Close (<500m),True,True,True
132,2001,208.85177339317835,Causeway Bay,22.279392,114.182926,0,False,Very Close (<500m),True,True,True
182,2001,1667.810653979748,Admiralty,22.278399,114.16433,0,False,Moderate (1-2km),False,False,True
723,2001,794.271831835993,Tai Po Market,22.4446,114.1706,0,False,Close (500-1000m),False,True,True
729,2001,2516.35326673378,Tai Po Market,22.4446,114.1706,0,False,Far (>2km),False,True,True
729,2001,745.0469415072811,Tai Po Market,22.4446,114.1706,0,False,Close (500-1000m),False,True,True
729,2001,594.6138892847125,Tai Po Market,22.4446,114.1706,0,False,Close (500-1000m),True,True,True
182,2001,1404.1744681818614,Admiralty,22.278399,114.16433,0,False,Moderate (1-2km),False,False,True
149,2001,1707.7603503220662,Causeway Bay,22.279392,114.182926,0,False,Moderate (1-2km),False,False,True
171,2001,1614.327735524581,Kennedy Town,22.2812,114.1285,0,False,Moderate (1-2km),False,False,True
144,2001,1414.0598625823013,Causeway Bay,22.279392,114.182926,0,False,Moderate (1-2km),False,False,True
144,2001,1480.9653117183868,Causeway Bay,22.279392,114.182926,0,False,Moderate (1-2km),False,False,True
144,2001,1392.6893097811578,Causeway Bay,22.279392,114.182926,0,False,Moderate (1-2km),False,False,True
161,2001,247.70707122642693,Shau Kei Wan,22.2789,114.2289,0,False,Very Close (<500m),True,True,True
161,2001,250.94185224212407,Shau Kei Wan,22.2789,114.2289,0,False,Very Close (<500m),True,True,True
146,2001,258.18946323423063,Causeway Bay,22.279392,114.182926,0,False,Very Close (<500m),True,True,True
161,2001,45.28318982515495,Sai Wan Ho,22.2816,114.2224,0,False,Very Close (<500m),True,True,True
729,2001,625.8469806576878,Tai Po Market,22.4446,114.1706,0,False,Close (500-1000m),True,True,True
729,2001,871.2392460354092,Tai Po Market,22.4446,114.1706,0,False,Close (500-1000m),False,True,True
298,2001,377.6787372857903,Yau Tong,22.2979,114.2371,0,False,Very Close (<500m),True,True,True
833,2001,1094.6947816055501,Tiu Keng Leng,22.305056,114.251907,0,False,Moderate (1-2km),True,True,True
217,2001,324.4342002988464,Austin,22.304236,114.166601,0,False,Very Close (<500m),True,True,True
211,2001,434.86915238285377,Austin,22.304236,114.166601,0,False,Very Close (<500m),True,True,True
217,2001,394.9602389589249,Austin,22.304236,114.166601,0,False,Very Close (<500m),True,True,True
217,2001,453.8012097172625,Airport,22.304925,114.1616,0,False,Very Close (<500m),True,True,True
298,2001,109.90322757714796,Yau Tong,22.2979,114.2371,1,True,Very Close (<500m),True,True,True
211,2001,372.0469486293082,Tsim Sha Tsui,22.2973,114.1722,0,False,Very Close (<500m),True,True,True
298,2001,138.13827661289102,Yau Tong,22.2979,114.2371,0,False,Very Close (<500m),True,True,True
298,2001,448.1736438536804,Yau Tong,22.2979,114.2371,0,False,Very Close (<500m),True,True,True
298,2001,422.04646358440476,Yau Tong,22.2979,114.2371,0,False,Very Close (<500m),True,True,True
833,2001,918.3281940843448,Yau Tong,22.2979,114.2371,0,False,Close (500-1000m),False,True,True
153,2001,403.4872081733335,North Point,22.2909,114.2007,0,False,Very Close (<500m),True,True,True
153,2001,450.51654952474905,North Point,22.2909,114.2007,0,False,Very Close (<500m),True,True,True
153,2001,393.12721346237316,North Point,22.2909,114.2007,0,False,Very Close (<500m),True,True,True
298,2001,1037.110580770103,Yau Tong,22.2979,114.2371,0,False,Moderate (1-2km),False,True,True
153,2001,318.82521075607406,North Point,22.2909,114.2007,0,False,Very Close (<500m),True,True,True
153,2001,197.6617544476189,North Point,22.2909,114.2007,0,False,Very Close (<500m),True,True,True
153,2001,445.5541597100019,Fortress Hill,22.2881,114.1936,0,False,Very Close (<500m),True,True,True
153,2001,398.5282756295536,Fortress Hill,22.2881,114.1936,0,False,Very Close (<500m),True,True,True
153,2001,327.0798896886845,Fortress Hill,22.2881,114.1936,0,False,Very Close (<500m),True,True,True
112,2001,457.94782311125374,Sai Ying Pun,22.2856,114.1427,0,False,Very Close (<500m),True,True,True
151,2001,246.69881643741002,Fortress Hill,22.2881,114.1936,0,False,Very Close (<500m),True,True,True
115,2001,526.2400797932814,Sai Ying Pun,22.2856,114.1427,0,False,Close (500-1000m),True,True,True
729,2001,1485.5103393231386,Tai Po Market,22.4446,114.1706,0,False,Moderate (1-2km),False,True,True
757,2001,350.10835237872243,Wu Kai Sha,22.4291,114.2438,0,False,Very Close (<500m),True,True,True
754,2001,425.8638576187752,Tai Wai,22.3731,114.1786,0,False,Very Close (<500m),True,True,True
421,2001,4924.997885319839,Tuen Mun,22.394156,113.973948,0,False,Far (>2km),False,False,False
813,2001,8890.24548288314,Po Lam,22.3224,114.258,0,False,Far (>2km),False,False,False
335,2001,5004.011276261659,Tsing Yi,22.360206,114.107587,0,False,Far (>2km),False,False,False
729,2001,1123.252184070745,Tai Po Market,22.4446,114.1706,0,False,Moderate (1-2km),False,True,True
724,2001,2555.197943818937,Tai Po Market,22.4446,114.1706,0,False,Far (>2km),False,False,True
421,2001,4313.961604753614,Tuen Mun,22.394156,113.973948,0,False,Far (>2km),False,False,False
827,2001,5961.380880246416,Po Lam,22.3224,114.258,0,False,Far (>2km),False,False,False
426,2001,2909.6577599584116,Tuen Mun,22.394156,113.973948,0,False,Far (>2km),False,False,False
725,2001,1270.264376775181,Tai Po Market,22.4446,114.1706,0,False,Moderate (1-2km),False,True,True
757,2001,483.36172073534954,Wu Kai Sha,22.4291,114.2438,0,False,Very Close (<500m),True,True,True
422,2001,3652.8557029382,Tuen Mun,22.394156,113.973948,0,False,Far (>2km),False,False,False
334,2001,2818.519460540953,Tsing Yi,22.360206,114.107587,0,False,Far (>2km),False,False,False
729,2001,2012.9633993553923,University,22.413808,114.209437,0,False,Far (>2km),False,False,True
729,2001,2268.6174883644285,University,22.413808,114.209437,0,False,Far (>2km),False,False,True
741,2001,4574.226539163387,Wu Kai Sha,22.4291,114.2438,0,False,Far (>2km),False,False,False
433,2001,2305.2003239412456,Siu Hong,22.413564,113.979115,0,False,Far (>2km),False,False,True
741,2001,2131.685367603146,Wu Kai Sha,22.4291,114.2438,0,False,Far (>2km),False,False,True
513,2001,3931.1721735771494,Siu Hong,22.413564,113.979115,0,False,Far (>2km),False,False,False
741,2001,2984.494951267619,Wu Kai Sha,22.4291,114.2438,0,False,Far (>2km),False,False,False
762,2001,3343.4981317398842,Shek Mun,22.3877,114.2083,0,False,Far (>2km),False,False,False
754,2001,928.0527158757902,Tai Wai,22.3731,114.1786,0,False,Close (500-1000m),False,True,True
427,2001,4025.95128605906,Tuen Mun,22.394156,113.973948,0,False,Far (>2km),False,False,False
754,2001,1163.5400321359036,Tai Wai,22.3731,114.1786,0,False,Moderate (1-2km),False,True,True
434,2001,8718.78278252813,AsiaWorld–Expo,22.321988,113.942221,0,False,Far (>2km),False,False,False
426,2001,3760.9784729806534,Tuen Mun,22.394156,113.973948,0,False,Far (>2km),False,False,False
754,2001,437.4322129732763,Tai Wai,22.3731,114.1786,0,False,Very Close (<500m),True,True,True
335,2001,4135.589683934791,Tsing Yi,22.360206,114.107587,0,False,Far (>2km),False,False,False
424,2001,1125.7984354895643,Tuen Mun,22.394156,113.973948,0,False,Moderate (1-2km),False,True,True
424,2001,1299.1427295513795,Tuen Mun,22.394156,113.973948,0,False,Moderate (1-2km),False,False,True
425,2001,1333.258556698475,Tuen Mun,22.394156,113.973948,0,False,Moderate (1-2km),False,False,True
421,2001,5749.042824650156,AsiaWorld–Expo,22.321988,113.942221,0,False,Far (>2km),False,False,False
323,2001,1683.4379590871056,Tsuen Wan West,22.36755,114.11098,0,False,Moderate (1-2km),False,False,True
824,2001,3992.224259826521,Shek Mun,22.3877,114.2083,0,False,Far (>2km),False,False,False
422,2001,3688.9605745411027,Tuen Mun,22.394156,113.973948,0,False,Far (>2km),False,False,False
334,2001,3122.5131526745863,Tsing Yi,22.360206,114.107587,0,False,Far (>2km),False,False,False
323,2001,1329.8797279321213,Tsuen Wan West,22.36755,114.11098,0,False,Moderate (1-2km),False,False,True
821,2001,5451.89757124089,Po Lam,22.3224,114.258,0,False,Far (>2km),False,False,False
426,2001,3245.536116451599,Tuen Mun,22.394156,113.973948,0,False,Far (>2km),False,False,False
425,2001,1998.2673246039894,Tuen Mun,22.394156,113.973948,0,False,Moderate (1-2km),False,False,True
757,2001,306.7984636651867,Tai Shui Hang,22.4088,114.223,0,False,Very Close (<500m),True,True,True
756,2001,1110.9605411873501,Tai Shui Hang,22.4088,114.223,0,False,Moderate (1-2km),True,True,True
822,2001,5364.245769577603,Wu Kai Sha,22.4291,114.2438,0,False,Far (>2km),False,False,False
822,2001,4881.553792798399,Wu Kai Sha,22.4291,114.2438,0,False,Far (>2km),False,False,False
822,2001,5127.332826393277,Wu Kai Sha,22.4291,114.2438,0,False,Far (>2km),False,False,False
811,2001,8873.212160955169,Wu Kai Sha,22.4291,114.2438,0,False,Far (>2km),False,False,False
811,2001,9258.361299508366,Wu Kai Sha,22.4291,114.2438,0,False,Far (>2km),False,False,False
811,2001,8878.869818640185,Wu Kai Sha,22.4291,114.2438,0,False,Far (>2km),False,False,False
653,2001,11114.160229168112,Wu Kai Sha,22.4291,114.2438,0,False,Far (>2km),False,False,False
712,2001,7540.345087919721,Wu Kai Sha,22.4291,114.2438,0,False,Far (>2km),False,False,False
653,2001,9083.641679406928,Wu Kai Sha,22.4291,114.2438,0,False,Far (>2km),False,False,False
653,2001,9438.905691333857,Wu Kai Sha,22.4291,114.2438,0,False,Far (>2km),False,False,False
711,2001,6351.090877431396,Wu Kai Sha,22.4291,114.2438,0,False,Far (>2km),False,False,False
542,2001,3712.8579567699717,Lok Ma Chau,22.5144,114.0657,0,False,Far (>2km),False,False,False
424,2001,1517.364515817282,Tuen Mun,22.394156,113.973948,0,False,Moderate (1-2km),False,False,True
421,2001,5797.109846253148,Tuen Mun,22.394156,113.973948,0,False,Far (>2km),False,False,False
425,2001,1495.2968277995435,Tuen Mun,22.394156,113.973948,0,False,Moderate (1-2km),False,False,True
424,2001,1534.1830048581892,Tuen Mun,22.394156,113.973948,0,False,Moderate (1-2km),False,False,True
422,2001,1839.3570985321571,Tuen Mun,22.394156,113.973948,0,False,Moderate (1-2km),False,False,True
131,2001,894.4354508979312,Exhibition Centre,22.281613,114.17569,0,False,Close (500-1000m),False,True,True
162,2001,717.0297734287232,Heng Fa Chuen,22.2769,114.2398,0,False,Close (500-1000m),True,True,True
140,2001,863.2730910605417,Admiralty,22.278399,114.16433,0,False,Close (500-1000m),False,True,True
131,2001,868.9609204449956,Exhibition Centre,22.281613,114.17569,0,False,Close (500-1000m),False,True,True
320,2001,439.2465307438372,Lai King,22.3484,114.1261,0,False,Very Close (<500m),True,True,True
350,2001,981.6642381602926,Tsing Yi,22.360206,114.107587,0,False,Close (500-1000m),False,True,True
838,2001,748.3503632554499,Tseung Kwan O,22.308658,114.260241,0,False,Close (500-1000m),False,True,True
157,2001,401.8283317531621,Tai Koo,22.2846,114.2161,0,False,Very Close (<500m),True,True,True
434,2001,6543.729662928373,AsiaWorld–Expo,22.321988,113.942221,0,False,Far (>2km),False,False,False
350,2001,1549.4730545646862,Tsing Yi,22.360206,114.107587,0,False,Moderate (1-2km),False,False,True
728,2001,5424.775168837491,Wu Kai Sha,22.4291,114.2438,0,False,Far (>2km),False,False,False
728,2001,5280.270320375609,Wu Kai Sha,22.4291,114.2438,0,False,Far (>2km),False,False,False
728,2001,5040.101121712445,Wu Kai Sha,22.4291,114.2438,0,False,Far (>2km),False,False,False
516,2001,2447.385787934031,Long Ping,22.449302,114.027269,0,False,Far (>2km),False,False,True
728,2001,4699.37441445956,Tai Po Market,22.4446,114.1706,0,False,Far (>2km),False,False,False
728,2001,4067.2772194788454,Tai Po Market,22.4446,114.1706,0,False,Far (>2km),False,False,False
722,2001,2593.4925972165656,Tai Wo,22.4511,114.1611,0,False,Far (>2km),False,True,True
962,2001,5334.578268000623,Tung Chung,22.2893,113.9416,0,False,Far (>2km),False,False,False
149,2001,1291.9379071175629,Tin Hau,22.2827,114.1917,0,False,Moderate (1-2km),False,True,True
144,2001,948.2924107447293,Causeway Bay,22.279392,114.182926,0,False,Close (500-1000m),False,True,True
131,2001,851.5044349631605,Exhibition Centre,22.281613,114.17569,0,False,Close (500-1000m),False,True,True
131,2001,830.4862384072156,Exhibition Centre,22.281613,114.17569,0,False,Close (500-1000m),False,True,True
144,2001,828.3284422176837,Causeway Bay,22.279392,114.182926,0,False,Close (500-1000m),False,True,True
144,2001,841.6139740004651,Causeway Bay,22.279392,114.182926,0,False,Close (500-1000m),False,True,True
143,2001,1051.936034034421,Central,22.281938,114.158077,0,False,Moderate (1-2km),False,True,True
131,2001,903.1319577678996,Exhibition Centre,22.281613,114.17569,0,False,Close (500-1000m),False,True,True
131,2001,957.6290547238847,Exhibition Centre,22.281613,114.17569,0,False,Close (500-1000m),False,True,True
144,2001,1352.8067713009657,Causeway Bay,22.279392,114.182926,0,False,Moderate (1-2km),False,False,True
144,2001,1293.1436402401055,Causeway Bay,22.279392,114.182926,0,False,Moderate (1-2km),False,False,True
163,2001,342.03508731574414,Chai Wan,22.2644,114.2368,0,False,Very Close (<500m),True,True,True
324,2001,510.6402767119672,Tsuen Wan West,22.36755,114.11098,0,False,Close (500-1000m),True,True,True
821,2001,5464.749691543077,Po Lam,22.3224,114.258,0,False,Far (>2km),False,False,False
728,2001,3294.9909326432676,Tai Po Market,22.4446,114.1706,0,False,Far (>2km),False,False,False
757,2001,313.47697218767814,Tai Shui Hang,22.4088,114.223,0,False,Very Close (<500m),True,True,True
726,2001,1213.2078725821762,Tai Po Market,22.4446,114.1706,0,False,Moderate (1-2km),False,True,True
513,2001,3589.8525052882565,Siu Hong,22.413564,113.979115,0,False,Far (>2km),False,False,False
742,2001,7146.523033244931,Wu Kai Sha,22.4291,114.2438,0,False,Far (>2km),False,False,False
742,2001,12867.607532653818,Wu Kai Sha,22.4291,114.2438,0,False,Far (>2km),False,False,False
741,2001,5042.425610063099,Wu Kai Sha,22.4291,114.2438,0,False,Far (>2km),False,False,False
726,2001,888.3062523994134,Tai Po Market,22.4446,114.1706,0,False,Close (500-1000m),False,True,True
511,2001,2285.8169765765197,Tin Shui Wai,22.446803,114.003028,0,False,Far (>2km),False,False,True
726,2001,948.4982968072745,Tai Po Market,22.4446,114.1706,0,False,Close (500-1000m),False,True,True
723,2001,577.855723426069,Tai Po Market,22.4446,114.1706,0,False,Close (500-1000m),True,True,True
723,2001,759.351510421024,Tai Po Market,22.4446,114.1706,0,False,Close (500-1000m),False,True,True
723,2001,567.6624327768837,Tai Po Market,22.4446,114.1706,0,False,Close (500-1000m),True,True,True
426,2001,2671.9958890186967,Tuen Mun,22.394156,113.973948,0,False,Far (>2km),False,False,False
829,2001,5451.374556540825,Tai Shui Hang,22.4088,114.223,0,False,Far (>2km),False,False,False
324,2001,360.5136444762658,Tsuen Wan West,22.36755,114.11098,0,False,Very Close (<500m),True,True,True
335,2001,4812.702597140931,Sunny Bay,22.33285,114.028222,0,False,Far (>2km),False,False,False
421,2001,4731.951712663871,Tuen Mun,22.394156,113.973948,0,False,Far (>2km),False,False,False
323,2001,1202.847940040775,Tsuen Wan West,22.36755,114.11098,0,False,Moderate (1-2km),False,False,True
323,2001,1310.0335342825558,Tsuen Wan West,22.36755,114.11098,0,False,Moderate (1-2km),False,False,True
323,2001,1894.578057591255,Tsing Yi,22.360206,114.107587,0,False,Moderate (1-2km),False,False,True
824,2001,3379.786651127547,Choi Hung,22.334161,114.210289,0,False,Far (>2km),False,False,False
742,2001,10548.036327508273,Wu Kai Sha,22.4291,114.2438,0,False,Far (>2km),False,False,False
195,2001,4580.962745447409,Hong Kong station,22.234767,114.170817,0,False,Far (>2km),False,False,False
195,2001,4564.135557502153,Hong Kong station,22.234767,114.170817,0,False,Far (>2km),False,False,False
195,2001,4796.751181186537,Hong Kong station,22.234767,114.170817,0,False,Far (>2km),False,False,False
195,2001,4258.980770165286,Hong Kong station,22.234767,114.170817,0,False,Far (>2km),False,False,False
163,2001,562.0119868214789,Heng Fa Chuen,22.2769,114.2398,0,False,Close (500-1000m),True,True,True
834,2001,10604.119733046351,LOHAS Park,22.2957,114.2689,0,False,Far (>2km),False,False,False
943,2001,7996.443080942503,Tung Chung,22.2893,113.9416,0,False,Far (>2km),False,False,False
834,2001,8664.32448997627,LOHAS Park,22.2957,114.2689,0,False,Far (>2km),False,False,False
421,2001,4280.145217936921,Tuen Mun,22.394156,113.973948,0,False,Far (>2km),False,False,False
323,2001,1480.5610165789055,Tsuen Wan West,22.36755,114.11098,0,False,Moderate (1-2km),False,False,True
824,2001,4599.631341335201,Shek Mun,22.3877,114.2083,0,False,Far (>2km),False,False,False
334,2001,3334.831113393198,Tsing Yi,22.360206,114.107587,0,False,Far (>2km),False,False,False
829,2001,4982.575100414715,Po Lam,22.3224,114.258,0,False,Far (>2km),False,False,False
195,2001,4563.206562186215,Hong Kong station,22.234767,114.170817,0,False,Far (>2km),False,False,False
195,2001,4807.5974970120615,Hong Kong station,22.234767,114.170817,0,False,Far (>2km),False,False,False
813,2001,6507.472444753534,Wu Kai Sha,22.4291,114.2438,0,False,Far (>2km),False,False,False
754,2001,926.4526575692339,Tai Wai,22.3731,114.1786,0,False,Close (500-1000m),False,True,True
421,2001,5927.380020095993,Tuen Mun,22.394156,113.973948,0,False,Far (>2km),False,False,False
813,2001,6642.24018469706,Wu Kai Sha,22.4291,114.2438,0,False,Far (>2km),False,False,False
425,2001,2039.0133728135452,Tuen Mun,22.394156,113.973948,0,False,Far (>2km),False,False,True
826,2001,5855.337184738249,Tai Shui Hang,22.4088,114.223,0,False,Far (>2km),False,False,False
825,2001,5274.7908613106265,Tai Shui Hang,22.4088,114.223,0,False,Far (>2km),False,False,False
826,2001,5793.115631810216,Tai Shui Hang,22.4088,114.223,0,False,Far (>2km),False,False,False
813,2001,7021.706897603502,Hang Hau,22.3156,114.2644,0,False,Far (>2km),False,False,False
934,2001,12351.371891585472,Tung Chung,22.2893,113.9416,0,False,Far (>2km),False,False,False
934,2001,12363.908480248394,Tung Chung,22.2893,113.9416,0,False,Far (>2km),False,False,False
934,2001,12748.447025184905,Tung Chung,22.2893,113.9416,0,False,Far (>2km),False,False,False
742,2001,10840.429206575505,Wu Kai Sha,22.4291,114.2438,0,False,Far (>2km),False,False,False
727,2001,2825.131715234516,Tai Po Market,22.4446,114.1706,0,False,Far (>2km),False,False,False
728,2001,3731.0841980944574,Tai Po Market,22.4446,114.1706,0,False,Far (>2km),False,False,False
422,2001,2045.9679202761654,Tuen Mun,22.394156,113.973948,0,False,Far (>2km),False,False,True
422,2001,2248.3589449278506,Tuen Mun,22.394156,113.973948,0,False,Far (>2km),False,False,True
422,2001,2496.68493344817,Tuen Mun,22.394156,113.973948,0,False,Far (>2km),False,False,False
426,2001,3844.642052878705,Sunny Bay,22.33285,114.028222,0,False,Far (>2km),False,False,False
434,2001,7985.362874950047,AsiaWorld–Expo,22.321988,113.942221,0,False,Far (>2km),False,False,False
434,2001,7922.954539518624,AsiaWorld–Expo,22.321988,113.942221,0,False,Far (>2km),False,False,False
320,2001,632.6077803467026,Kwai Fong,22.3569,114.1279,0,False,Close (500-1000m),True,True,True
434,2001,6600.664018488856,AsiaWorld–Expo,22.321988,113.942221,0,False,Far (>2km),False,False,False
653,2001,12367.079027522781,Wu Kai Sha,22.4291,114.2438,0,False,Far (>2km),False,False,False
652,2001,8031.051389483253,Fanling,22.490627,114.139289,0,False,Far (>2km),False,False,False
653,2001,10808.179861933379,Wu Kai Sha,22.4291,114.2438,0,False,Far (>2km),False,False,False
653,2001,10819.478767894016,Wu Kai Sha,22.4291,114.2438,0,False,Far (>2km),False,False,False
652,2001,8431.42548528365,Fanling,22.490627,114.139289,0,False,Far (>2km),False,False,False
653,2001,11272.520757729591,Wu Kai Sha,22.4291,114.2438,0,False,Far (>2km),False,False,False
653,2001,10595.29035286161,Wu Kai Sha,22.4291,114.2438,0,False,Far (>2km),False,False,False
653,2001,11596.26844416402,Wu Kai Sha,22.4291,114.2438,0,False,Far (>2km),False,False,False
652,2001,9290.11236969592,Fanling,22.490627,114.139289,0,False,Far (>2km),False,False,False
653,2001,11130.738413215224,Wu Kai Sha,22.4291,114.2438,0,False,Far (>2km),False,False,False
653,2001,10144.145669249589,Wu Kai Sha,22.4291,114.2438,0,False,Far (>2km),False,False,False
653,2001,10996.762477019243,Wu Kai Sha,22.4291,114.2438,0,False,Far (>2km),False,False,False
652,2001,7141.364979045347,Fanling,22.490627,114.139289,0,False,Far (>2km),False,False,False
742,2001,14299.338289667709,Wu Kai Sha,22.4291,114.2438,0,False,Far (>2km),False,False,False
653,2001,8099.1102595118655,Wu Kai Sha,22.4291,114.2438,0,False,Far (>2km),False,False,False
542,2001,2325.030072880057,Lok Ma Chau,22.5144,114.0657,0,False,Far (>2km),False,False,True
653,2001,10141.630051764965,Wu Kai Sha,22.4291,114.2438,0,False,Far (>2km),False,False,False
633,2001,4626.825546423436,Tai Wo,22.4511,114.1611,0,False,Far (>2km),False,False,False
542,2001,3010.6881207491065,Lok Ma Chau,22.5144,114.0657,0,False,Far (>2km),False,False,False
542,2001,3391.758401177951,Lok Ma Chau,22.5144,114.0657,0,False,Far (>2km),False,False,False
721,2001,6074.253412298614,Tai Po Market,22.4446,114.1706,0,False,Far (>2km),False,False,False
514,2001,4389.32347098935,Tin Shui Wai,22.446803,114.003028,0,False,Far (>2km),False,False,False
431,2001,5925.068021838819,Siu Hong,22.413564,113.979115,0,False,Far (>2km),False,False,False
741,2001,2145.7311938672633,Wu Kai Sha,22.4291,114.2438,0,False,Far (>2km),False,False,True
757,2001,905.9077040221383,Tai Shui Hang,22.4088,114.223,1,True,Close (500-1000m),True,True,True
531,2001,2283.567361669292,Kam Sheung Road,22.4348,114.0634,0,False,Far (>2km),False,False,True
741,2001,2611.601052396985,Wu Kai Sha,22.4291,114.2438,0,False,Far (>2km),False,False,False
531,2001,2398.073385739921,Kam Sheung Road,22.4348,114.0634,0,False,Far (>2km),False,False,True
812,2001,12393.913669156706,Hang Hau,22.3156,114.2644,0,False,Far (>2km),False,False,False
741,2001,3158.8882604158334,Wu Kai Sha,22.4291,114.2438,0,False,Far (>2km),False,False,False
310,2001,3369.9156014790324,Tai Wo Hau,22.371129,114.126303,0,False,Far (>2km),False,False,True
531,2001,2095.2443738043003,Kam Sheung Road,22.4348,114.0634,0,False,Far (>2km),False,False,True
132,2001,185.95979817939946,Causeway Bay,22.279392,114.182926,0,False,Very Close (<500m),True,True,True
161,2001,118.34989838341059,Shau Kei Wan,22.2789,114.2289,0,False,Very Close (<500m),True,True,True
142,2001,583.416866534426,Central,22.281938,114.158077,0,False,Close (500-1000m),False,True,True
145,2001,546.1060952233021,Tin Hau,22.2827,114.1917,0,False,Close (500-1000m),False,True,True
124,2001,535.8628868428175,Central,22.281938,114.158077,0,False,Close (500-1000m),True,True,True
132,2001,446.8023552835639,Causeway Bay,22.279392,114.182926,0,False,Very Close (<500m),True,True,True
722,2001,4903.068768467567,Tai Wo,22.4511,114.1611,0,False,Far (>2km),False,False,False
514,2001,3739.1025442726545,Tin Shui Wai,22.446803,114.003028,0,False,Far (>2km),False,False,False
541,2001,3795.0221763229024,Yuen Long,22.4461,114.0352,0,False,Far (>2km),False,False,False
514,2001,3759.159613721096,Tin Shui Wai,22.446803,114.003028,0,False,Far (>2km),False,False,False
742,2001,13209.371629780471,Wu Kai Sha,22.4291,114.2438,0,False,Far (>2km),False,False,False
542,2001,3477.045558337808,Lok Ma Chau,22.5144,114.0657,0,False,Far (>2km),False,False,False
514,2001,3725.9977863166914,Tin Shui Wai,22.446803,114.003028,0,False,Far (>2km),False,False,False
541,2001,4053.4005224515527,Lok Ma Chau,22.5144,114.0657,0,False,Far (>2km),False,False,False
542,2001,3807.739527158612,Lok Ma Chau,22.5144,114.0657,0,False,Far (>2km),False,False,False
541,2001,2213.140391683804,Long Ping,22.449302,114.027269,0,False,Far (>2km),False,True,True
744,2001,3269.171723897032,Wu Kai Sha,22.4291,114.2438,0,False,Far (>2km),False,False,False
722,2001,3747.3954678484447,Tai Wo,22.4511,114.1611,0,False,Far (>2km),False,False,False
514,2001,3107.0918808370793,Tin Shui Wai,22.446803,114.003028,0,False,Far (>2km),False,False,False
728,2001,5666.871915502785,Tai Po Market,22.4446,114.1706,0,False,Far (>2km),False,False,False
516,2001,2751.9614612105493,Long Ping,22.449302,114.027269,0,False,Far (>2km),False,False,True
741,2001,7197.984620793958,Wu Kai Sha,22.4291,114.2438,0,False,Far (>2km),False,False,False
742,2001,8822.742335519064,Wu Kai Sha,22.4291,114.2438,0,False,Far (>2km),False,False,False
728,2001,5393.902288289469,Wu Kai Sha,22.4291,114.2438,0,False,Far (>2km),False,False,False
742,2001,10059.863888668808,Wu Kai Sha,22.4291,114.2438,0,False,Far (>2km),False,False,False
728,2001,5193.2911425018265,Tai Po Market,22.4446,114.1706,0,False,Far (>2km),False,False,False
742,2001,10383.68910614468,Wu Kai Sha,22.4291,114.2438,0,False,Far (>2km),False,False,False
728,2001,4384.505787773694,Tai Po Market,22.4446,114.1706,0,False,Far (>2km),False,False,False
822,2001,5196.31460576196,Wu Kai Sha,22.4291,114.2438,0,False,Far (>2km),False,False,False
161,2001,141.87219536988923,Shau Kei Wan,22.2789,114.2289,0,False,Very Close (<500m),True,True,True
132,2001,440.8083866743534,Exhibition Centre,22.281613,114.17569,0,False,Very Close (<500m),True,True,True
132,2001,473.95506741755236,Exhibition Centre,22.281613,114.17569,0,False,Very Close (<500m),True,True,True
145,2001,552.4201100138489,Tin Hau,22.2827,114.1917,0,False,Close (500-1000m),False,True,True
161,2001,195.70830662075977,Shau Kei Wan,22.2789,114.2289,0,False,Very Close (<500m),True,True,True
161,2001,177.3345837907622,Shau Kei Wan,22.2789,114.2289,0,False,Very Close (<500m),True,True,True
131,2001,430.68058585760843,Admiralty,22.278399,114.16433,0,False,Very Close (<500m),True,True,True
143,2001,860.6461596081074,Admiralty,22.278399,114.16433,0,False,Close (500-1000m),False,True,True
754,2001,282.5774938722366,Tai Wai,22.3731,114.1786,0,False,Very Close (<500m),True,True,True
426,2001,3531.7257456321927,Tuen Mun,22.394156,113.973948,0,False,Far (>2km),False,False,False
427,2001,3955.7192943783607,Sunny Bay,22.33285,114.028222,0,False,Far (>2km),False,False,False
427,2001,4352.236108435867,Sunny Bay,22.33285,114.028222,0,False,Far (>2km),False,False,False
426,2001,3024.890497904856,Tuen Mun,22.394156,113.973948,0,False,Far (>2km),False,False,False
813,2001,6873.220688435188,Po Lam,22.3224,114.258,0,False,Far (>2km),False,False,False
426,2001,2675.787894728863,Tuen Mun,22.394156,113.973948,0,False,Far (>2km),False,False,False
821,2001,5282.399813132559,Po Lam,22.3224,114.258,0,False,Far (>2km),False,False,False
148,2001,579.9873196583643,Tin Hau,22.2827,114.1917,0,False,Close (500-1000m),True,True,True
161,2001,210.4329285240718,Shau Kei Wan,22.2789,114.2289,0,False,Very Close (<500m),True,True,True
145,2001,499.17739805189814,Tin Hau,22.2827,114.1917,0,False,Very Close (<500m),True,True,True
146,2001,321.7561176919691,Causeway Bay,22.279392,114.182926,0,False,Very Close (<500m),True,True,True
141,2001,527.9894589376829,Kennedy Town,22.2812,114.1285,0,False,Close (500-1000m),True,True,True
145,2001,500.41690967917566,Tin Hau,22.2827,114.1917,0,False,Close (500-1000m),True,True,True
146,2001,302.6739495955154,Causeway Bay,22.279392,114.182926,0,False,Very Close (<500m),True,True,True
131,2001,529.1748283593482,Admiralty,22.278399,114.16433,0,False,Close (500-1000m),True,True,True
132,2001,265.8243136780967,Causeway Bay,22.279392,114.182926,0,False,Very Close (<500m),True,True,True
145,2001,518.6323165737924,Tin Hau,22.2827,114.1917,0,False,Close (500-1000m),True,True,True
146,2001,445.511023913669,Causeway Bay,22.279392,114.182926,0,False,Very Close (<500m),True,True,True
132,2001,465.0219686693241,Exhibition Centre,22.281613,114.17569,0,False,Very Close (<500m),True,True,True
131,2001,436.72056644268,Exhibition Centre,22.281613,114.17569,0,False,Very Close (<500m),True,True,True
131,2001,847.1875483991038,Exhibition Centre,22.281613,114.17569,0,False,Close (500-1000m),False,True,True
652,2001,10916.121088965252,Fanling,22.490627,114.139289,0,False,Far (>2km),False,False,False
653,2001,13165.104583256094,Wu Kai Sha,22.4291,114.2438,0,False,Far (>2km),False,False,False
652,2001,10271.977952646012,Fanling,22.490627,114.139289,0,False,Far (>2km),False,False,False
653,2001,13865.782866129659,Wu Kai Sha,22.4291,114.2438,0,False,Far (>2km),False,False,False
653,2001,13840.388166600185,Wu Kai Sha,22.4291,114.2438,0,False,Far (>2km),False,False,False
653,2001,13026.746059981706,Wu Kai Sha,22.4291,114.2438,0,False,Far (>2km),False,False,False
652,2001,10561.523864022476,Fanling,22.490627,114.139289,0,False,Far (>2km),False,False,False
652,2001,10536.458180914988,Fanling,22.490627,114.139289,0,False,Far (>2km),False,False,False
652,2001,10345.878858006552,Fanling,22.490627,114.139289,0,False,Far (>2km),False,False,False
653,2001,15293.469058025485,Wu Kai Sha,22.4291,114.2438,0,False,Far (>2km),False,False,False
653,2001,13893.716508784804,Wu Kai Sha,22.4291,114.2438,0,False,Far (>2km),False,False,False
653,2001,12345.851683836047,Wu Kai Sha,22.4291,114.2438,0,False,Far (>2km),False,False,False
653,2001,13368.636193407654,Wu Kai Sha,22.4291,114.2438,0,False,Far (>2km),False,False,False
653,2001,10947.896331815906,Wu Kai Sha,22.4291,114.2438,0,False,Far (>2km),False,False,False
421,2001,5255.777882538035,Tuen Mun,22.394156,113.973948,0,False,Far (>2km),False,False,False
422,2001,1802.0146819196432,Tuen Mun,22.394156,113.973948,0,False,Moderate (1-2km),False,False,True
422,2001,1469.569364313855,Tuen Mun,22.394156,113.973948,0,False,Moderate (1-2km),False,False,True
327,2001,1682.1612984394521,Tai Wo Hau,22.371129,114.126303,0,False,Moderate (1-2km),False,False,True
321,2001,1876.274394706399,Tai Wo Hau,22.371129,114.126303,0,False,Moderate (1-2km),False,False,True
310,2001,2086.7267484003323,Tai Wo Hau,22.371129,114.126303,0,False,Far (>2km),False,False,True
826,2001,5890.954681970877,Tai Shui Hang,22.4088,114.223,0,False,Far (>2km),False,False,False
422,2001,3726.2257909084055,Tuen Mun,22.394156,113.973948,0,False,Far (>2km),False,False,False
173,2001,714.2287859718984,Lei Tung,22.2421,114.1562,0,False,Close (500-1000m),False,True,True
173,2001,717.7177803182065,Lei Tung,22.2421,114.1562,0,False,Close (500-1000m),False,True,True
173,2001,732.9907800377433,South Horizons,22.2425,114.1491,0,False,Close (500-1000m),False,True,True
173,2001,710.4217048004735,Lei Tung,22.2421,114.1562,0,False,Close (500-1000m),False,True,True
173,2001,655.6240676888398,South Horizons,22.2425,114.1491,0,False,Close (500-1000m),False,True,True
173,2001,651.2086921775898,Lei Tung,22.2421,114.1562,0,False,Close (500-1000m),False,True,True
173,2001,655.2300142801746,Lei Tung,22.2421,114.1562,0,False,Close (500-1000m),False,True,True
191,2001,1440.5817635018752,Ocean Park,22.2486,114.1743,0,False,Moderate (1-2km),False,False,True
931,2001,6119.806673273956,Tung Chung,22.2893,113.9416,0,False,Far (>2km),False,False,False
192,2001,2851.6934638835764,Ocean Park,22.2486,114.1743,0,False,Far (>2km),False,False,False
934,2001,12578.70008487334,Tung Chung,22.2893,113.9416,0,False,Far (>2km),False,False,False
934,2001,12638.637691471164,Tung Chung,22.2893,113.9416,0,False,Far (>2km),False,False,False
913,2001,9480.237170290111,Hong Kong station,22.234767,114.170817,0,False,Far (>2km),False,False,False
934,2001,13328.106841409346,Tung Chung,22.2893,113.9416,0,False,Far (>2km),False,False,False
912,2001,3989.8360170109645,South Horizons,22.2425,114.1491,0,False,Far (>2km),False,False,False
912,2001,4158.190237223429,South Horizons,22.2425,114.1491,0,False,Far (>2km),False,False,False
192,2001,2426.588688177823,Hong Kong station,22.234767,114.170817,0,False,Far (>2km),False,False,False
728,2001,4101.381275215482,Tai Po Market,22.4446,114.1706,0,False,Far (>2km),False,False,False
742,2001,12821.123331693647,Wu Kai Sha,22.4291,114.2438,0,False,Far (>2km),False,False,False
727,2001,1319.0144425885078,Tai Po Market,22.4446,114.1706,0,False,Moderate (1-2km),False,True,True
727,2001,1631.2391327473226,Tai Po Market,22.4446,114.1706,0,False,Moderate (1-2km),False,False,True
728,2001,3140.2389532319617,Wu Kai Sha,22.4291,114.2438,0,False,Far (>2km),False,False,False
728,2001,3454.830477497835,Ma On Shan,22.4247,114.2316,0,False,Far (>2km),False,False,False
727,2001,1873.0619462236054,Tai Po Market,22.4446,114.1706,0,False,Moderate (1-2km),False,False,True
920,2001,12479.83320644604,Disneyland Resort,22.3155,114.0451,0,False,Far (>2km),False,False,False
920,2001,12439.64516941334,Disneyland Resort,22.3155,114.0451,0,False,Far (>2km),False,False,False
911,2001,5141.73514074339,South Horizons,22.2425,114.1491,0,False,Far (>2km),False,False,False
934,2001,12232.257626118548,Tung Chung,22.2893,113.9416,0,False,Far (>2km),False,False,False
172,2001,1673.5292783883572,South Horizons,22.2425,114.1491,0,False,Moderate (1-2km),False,False,True
191,2001,983.7567225785083,Ocean Park,22.2486,114.1743,0,False,Close (500-1000m),False,True,True
934,2001,13312.479060085758,Tung Chung,22.2893,113.9416,0,False,Far (>2km),False,False,False
934,2001,14269.353522876227,Tung Chung,22.2893,113.9416,0,False,Far (>2km),False,False,False
653,2001,9759.445851062537,Fanling,22.490627,114.139289,0,False,Far (>2km),False,False,False
652,2001,9137.85612738938,Fanling,22.490627,114.139289,0,False,Far (>2km),False,False,False
652,2001,8524.127443053003,Fanling,22.490627,114.139289,0,False,Far (>2km),False,False,False
934,2001,13648.728303485414,Tung Chung,22.2893,113.9416,0,False,Far (>2km),False,False,False
934,2001,14421.245886005734,Tung Chung,22.2893,113.9416,0,False,Far (>2km),False,False,False
653,2001,14598.65818645265,Wu Kai Sha,22.4291,114.2438,0,False,Far (>2km),False,False,False
653,2001,13827.271426231613,Wu Kai Sha,22.4291,114.2438,0,False,Far (>2km),False,False,False
743,2001,23225.065171675076,Wu Kai Sha,22.4291,114.2438,0,False,Far (>2km),False,False,False
653,2001,14416.308897756655,Wu Kai Sha,22.4291,114.2438,0,False,Far (>2km),False,False,False
653,2001,14563.915757845269,Wu Kai Sha,22.4291,114.2438,0,False,Far (>2km),False,False,False
652,2001,10750.331963651903,Fanling,22.490627,114.139289,0,False,Far (>2km),False,False,False
753,2001,251.51691363976005,University,22.413808,114.209437,0,False,Very Close (<500m),True,True,True
811,2001,5422.342751172561,Wu Kai Sha,22.4291,114.2438,0,False,Far (>2km),False,False,False
432,2001,5961.46276330176,Tuen Mun,22.394156,113.973948,0,False,Far (>2km),False,False,False
531,2001,3549.6486827182466,Kam Sheung Road,22.4348,114.0634,0,False,Far (>2km),False,False,False
652,2001,10654.946778499145,Fanling,22.490627,114.139289,0,False,Far (>2km),False,False,False
743,2001,23031.211060050242,Wu Kai Sha,22.4291,114.2438,0,False,Far (>2km),False,False,False
741,2001,3687.521833735232,Wu Kai Sha,22.4291,114.2438,0,False,Far (>2km),False,False,False
331,2001,2810.2659977186013,Tsuen Wan station,22.373698,114.117726,0,False,Far (>2km),False,False,True
812,2001,8532.425533965015,Wu Kai Sha,22.4291,114.2438,0,False,Far (>2km),False,False,False
811,2001,7656.143018593673,Wu Kai Sha,22.4291,114.2438,0,False,Far (>2km),False,False,False
333,2001,4517.312052712483,Tsuen Wan West,22.36755,114.11098,0,False,Far (>2km),False,False,False
432,2001,5184.14907823957,Tuen Mun,22.394156,113.973948,0,False,Far (>2km),False,False,False
822,2001,6123.49181273749,Wu Kai Sha,22.4291,114.2438,0,False,Far (>2km),False,False,False
811,2001,8332.619522409497,Wu Kai Sha,22.4291,114.2438,0,False,Far (>2km),False,False,False
333,2001,4242.198285538927,Tsuen Wan West,22.36755,114.11098,0,False,Far (>2km),False,False,False
432,2001,5474.893519504899,Tuen Mun,22.394156,113.973948,0,False,Far (>2km),False,False,False
828,2001,5855.34292602562,Tai Shui Hang,22.4088,114.223,0,False,Far (>2km),False,False,False
422,2001,1865.3004165676211,Tuen Mun,22.394156,113.973948,0,False,Moderate (1-2km),False,False,True
513,2001,4442.951316629693,Siu Hong,22.413564,113.979115,0,False,Far (>2km),False,False,False
742,2001,9324.928769493932,Wu Kai Sha,22.4291,114.2438,0,False,Far (>2km),False,False,False
742,2001,11358.656419616735,Wu Kai Sha,22.4291,114.2438,0,False,Far (>2km),False,False,False
762,2001,1606.8214106959529,Wu Kai Sha,22.4291,114.2438,0,False,Moderate (1-2km),True,True,True
431,2001,3848.256764647619,Siu Hong,22.413564,113.979115,0,False,Far (>2km),False,False,False
757,2001,573.0222019750341,Ma On Shan,22.4247,114.2316,0,False,Close (500-1000m),True,True,True
757,2001,756.8462686777169,Wu Kai Sha,22.4291,114.2438,0,False,Close (500-1000m),False,True,True
431,2001,5157.464809261909,Siu Hong,22.413564,113.979115,0,False,Far (>2km),False,False,False
815,2001,12923.33795771543,Wu Kai Sha,22.4291,114.2438,0,False,Far (>2km),False,False,False
741,2001,3899.3998463263406,Wu Kai Sha,22.4291,114.2438,0,False,Far (>2km),False,False,False
731,2001,3335.4271331469695,Tai Wai,22.3731,114.1786,0,False,Far (>2km),False,False,False
432,2001,3243.8787324459677,Tuen Mun,22.394156,113.973948,0,False,Far (>2km),False,False,False
753,2001,886.7498481131281,University,22.413808,114.209437,0,False,Close (500-1000m),True,True,True
415,2001,1714.5885830169236,Tuen Mun,22.394156,113.973948,0,False,Moderate (1-2km),False,True,True
413,2001,5773.811479389846,Tuen Mun,22.394156,113.973948,0,False,Far (>2km),False,False,False
821,2001,5110.899096072842,Po Lam,22.3224,114.258,0,False,Far (>2km),False,False,False
423,2001,1006.37308225525,Tuen Mun,22.394156,113.973948,0,False,Moderate (1-2km),False,True,True
761,2001,2154.8844319438967,Shek Mun,22.3877,114.2083,0,False,Far (>2km),False,False,True
432,2001,5450.296793445946,Tuen Mun,22.394156,113.973948,0,False,Far (>2km),False,False,False
822,2001,5402.122838156244,Wu Kai Sha,22.4291,114.2438,0,False,Far (>2km),False,False,False
754,2001,1512.3566010513641,Tai Wai,22.3731,114.1786,0,False,Moderate (1-2km),False,True,True
131,2001,594.8649419928744,Exhibition Centre,22.281613,114.17569,0,False,Close (500-1000m),False,True,True
145,2001,491.9581339517247,Tin Hau,22.2827,114.1917,0,False,Very Close (<500m),True,True,True
131,2001,493.40084475412004,Exhibition Centre,22.281613,114.17569,0,False,Very Close (<500m),True,True,True
413,2001,4941.407682880088,Kam Sheung Road,22.4348,114.0634,0,False,Far (>2km),False,False,False
822,2001,4862.599021990923,Wu Kai Sha,22.4291,114.2438,0,False,Far (>2km),False,False,False
432,2001,4543.810075212564,Tuen Mun,22.394156,113.973948,0,False,Far (>2km),False,False,False
423,2001,1477.926737016203,Tuen Mun,22.394156,113.973948,0,False,Moderate (1-2km),False,True,True
812,2001,9330.995977108765,Wu Kai Sha,22.4291,114.2438,0,False,Far (>2km),False,False,False
733,2001,1960.8984856273705,Tai Wai,22.3731,114.1786,0,False,Moderate (1-2km),True,True,True
141,2001,413.8947699026427,HKU,22.2841,114.1356,0,False,Very Close (<500m),True,True,True
111,2001,354.43871265992004,Kennedy Town,22.2812,114.1285,0,False,Very Close (<500m),True,True,True
142,2001,641.6524037335353,Sheung Wan,22.285899,114.153707,0,False,Close (500-1000m),False,True,True
123,2001,223.83197120679947,Central,22.281938,114.158077,0,False,Very Close (<500m),True,True,True
122,2001,502.0463868933811,Sheung Wan,22.285899,114.153707,0,False,Close (500-1000m),True,True,True
161,2001,127.44324129402662,Sai Wan Ho,22.2816,114.2224,0,False,Very Close (<500m),True,True,True
838,2001,442.19525200104795,Tseung Kwan O,22.308658,114.260241,0,False,Very Close (<500m),True,True,True
839,2001,724.7491584879944,Hang Hau,22.3156,114.2644,0,False,Close (500-1000m),True,True,True
971,2001,2594.726378335961,Sunny Bay,22.33285,114.028222,0,False,Far (>2km),False,True,True
161,2001,288.74413185139616,Shau Kei Wan,22.2789,114.2289,0,False,Very Close (<500m),True,True,True
145,2001,533.4974163035752,Tin Hau,22.2827,114.1917,0,False,Close (500-1000m),False,True,True
142,2001,905.2456617092873,Central,22.281938,114.158077,0,False,Close (500-1000m),False,True,True
145,2001,733.814119932338,Tin Hau,22.2827,114.1917,0,False,Close (500-1000m),False,True,True
145,2001,595.6171123120183,Tin Hau,22.2827,114.1917,0,False,Close (500-1000m),False,True,True
131,2001,635.5593444512518,Exhibition Centre,22.281613,114.17569,0,False,Close (500-1000m),False,True,True
144,2001,260.1234321843809,Causeway Bay,22.279392,114.182926,0,False,Very Close (<500m),True,True,True
131,2001,533.2419903643914,Exhibition Centre,22.281613,114.17569,0,False,Close (500-1000m),True,True,True
131,2001,916.5563049635933,Exhibition Centre,22.281613,114.17569,0,False,Close (500-1000m),False,True,True
166,2001,416.78668220950533,Sai Wan Ho,22.2816,114.2224,0,False,Very Close (<500m),True,True,True
145,2001,472.616342425062,Tin Hau,22.2827,114.1917,0,False,Very Close (<500m),True,True,True
162,2001,551.2732345739119,Heng Fa Chuen,22.2769,114.2398,0,False,Close (500-1000m),True,True,True
161,2001,69.85585806929772,Shau Kei Wan,22.2789,114.2289,0,False,Very Close (<500m),True,True,True
161,2001,297.79725997473025,Shau Kei Wan,22.2789,114.2289,0,False,Very Close (<500m),True,True,True
145,2001,488.1657595971892,Tin Hau,22.2827,114.1917,0,False,Very Close (<500m),True,True,True
146,2001,367.9668528571589,Causeway Bay,22.279392,114.182926,0,False,Very Close (<500m),True,True,True
133,2001,381.0510615016396,Exhibition Centre,22.281613,114.17569,0,False,Very Close (<500m),True,True,True
145,2001,484.5598817294559,Tin Hau,22.2827,114.1917,0,False,Very Close (<500m),True,True,True
192,2001,2847.4893097280114,Hong Kong station,22.234767,114.170817,0,False,Far (>2km),False,False,False
195,2001,3863.6398630573303,Hong Kong station,22.234767,114.170817,0,False,Far (>2km),False,False,False
839,2001,1240.8934045256715,LOHAS Park,22.2957,114.2689,0,False,Moderate (1-2km),False,True,True
153,2001,347.22255024253684,Fortress Hill,22.2881,114.1936,0,False,Very Close (<500m),True,True,True
157,2001,406.99360436062665,Quarry Bay,22.2878,114.2096,0,False,Very Close (<500m),True,True,True
115,2001,661.4903810643235,Sai Ying Pun,22.2856,114.1427,0,False,Close (500-1000m),False,True,True
115,2001,486.91841409732666,Sai Ying Pun,22.2856,114.1427,0,False,Very Close (<500m),True,True,True
115,2001,575.6100828144179,Sai Ying Pun,22.2856,114.1427,0,False,Close (500-1000m),False,True,True
112,2001,332.0134000605763,HKU,22.2841,114.1356,0,False,Very Close (<500m),True,True,True
145,2001,193.33291183458115,Tin Hau,22.2827,114.1917,0,False,Very Close (<500m),True,True,True
111,2001,524.2301741151592,Kennedy Town,22.2812,114.1285,0,False,Close (500-1000m),True,True,True
142,2001,586.1829482590567,Sheung Wan,22.285899,114.153707,0,False,Close (500-1000m),True,True,True
122,2001,453.03536575762416,Sheung Wan,22.285899,114.153707,0,False,Very Close (<500m),True,True,True
156,2001,475.6934381258245,Tai Koo,22.2846,114.2161,0,False,Very Close (<500m),True,True,True
146,2001,238.51131546901513,Causeway Bay,22.279392,114.182926,0,False,Very Close (<500m),True,True,True
132,2001,300.66429492336687,Causeway Bay,22.279392,114.182926,0,False,Very Close (<500m),True,True,True
145,2001,517.6752615386991,Tin Hau,22.2827,114.1917,0,False,Close (500-1000m),True,True,True
124,2001,311.5566565032297,Admiralty,22.278399,114.16433,0,False,Very Close (<500m),True,True,True
123,2001,383.0143879196384,Central,22.281938,114.158077,0,False,Very Close (<500m),True,True,True
754,2001,854.4309231248005,Tai Wai,22.3731,114.1786,0,False,Close (500-1000m),True,True,True
829,2001,5361.756308229835,Tai Shui Hang,22.4088,114.223,0,False,Far (>2km),False,False,False
754,2001,1184.0284917016013,Tai Wai,22.3731,114.1786,0,False,Moderate (1-2km),False,False,True
827,2001,5945.30944790936,Tai Shui Hang,22.4088,114.223,0,False,Far (>2km),False,False,False
195,2001,4124.143670498077,Hong Kong station,22.234767,114.170817,0,False,Far (>2km),False,False,False
175,2001,206.1040886241033,Ocean Park,22.2486,114.1743,1,True,Very Close (<500m),True,True,True
173,2001,869.4133978970888,Lei Tung,22.2421,114.1562,0,False,Close (500-1000m),False,True,True
173,2001,797.2338031008605,South Horizons,22.2425,114.1491,0,False,Close (500-1000m),False,True,True
173,2001,840.8161050809765,Lei Tung,22.2421,114.1562,0,False,Close (500-1000m),False,True,True
175,2001,91.86443231498829,Wong Chuk Hang,22.248,114.1681,0,False,Very Close (<500m),True,True,True
173,2001,802.5480021489764,Lei Tung,22.2421,114.1562,0,False,Close (500-1000m),False,True,True
173,2001,760.2225791032361,Lei Tung,22.2421,114.1562,0,False,Close (500-1000m),False,True,True
173,2001,796.4953453417912,South Horizons,22.2425,114.1491,0,False,Close (500-1000m),False,True,True
173,2001,815.20194978958,Lei Tung,22.2421,114.1562,0,False,Close (500-1000m),False,True,True
175,2001,296.5003632696572,Wong Chuk Hang,22.248,114.1681,0,False,Very Close (<500m),True,True,True
173,2001,732.863757922989,South Horizons,22.2425,114.1491,0,False,Close (500-1000m),False,True,True
173,2001,774.1767021460263,Lei Tung,22.2421,114.1562,0,False,Close (500-1000m),False,True,True
173,2001,725.2302359917567,Wong Chuk Hang,22.248,114.1681,0,False,Close (500-1000m),False,True,True
173,2001,776.7701022485714,Lei Tung,22.2421,114.1562,0,False,Close (500-1000m),False,True,True
839,2001,1920.5790250507068,LOHAS Park,22.2957,114.2689,0,False,Moderate (1-2km),False,False,True
161,2001,697.9288797847273,Heng Fa Chuen,22.2769,114.2398,0,False,Close (500-1000m),True,True,True
653,2001,12496.449919388655,Fanling,22.490627,114.139289,0,False,Far (>2km),False,False,False
653,2001,12056.307405482552,Fanling,22.490627,114.139289,0,False,Far (>2km),False,False,False
653,2001,12047.141005693642,Wu Kai Sha,22.4291,114.2438,0,False,Far (>2km),False,False,False
741,2001,2910.764686671925,Wu Kai Sha,22.4291,114.2438,0,False,Far (>2km),False,False,False
124,2001,287.98626184745535,Admiralty,22.278399,114.16433,0,False,Very Close (<500m),True,True,True
123,2001,360.02228856692193,Central,22.281938,114.158077,0,False,Very Close (<500m),True,True,True
162,2001,68.6899478111628,Heng Fa Chuen,22.2769,114.2398,1,True,Very Close (<500m),True,True,True
163,2001,514.8333732452877,Heng Fa Chuen,22.2769,114.2398,0,False,Close (500-1000m),True,True,True
757,2001,944.7844793802972,Wu Kai Sha,22.4291,114.2438,0,False,Close (500-1000m),True,True,True
426,2001,2426.820697926815,Tuen Mun,22.394156,113.973948,0,False,Far (>2km),False,False,True
754,2001,652.7431473355699,Tai Wai,22.3731,114.1786,0,False,Close (500-1000m),True,True,True
813,2001,7683.9886680197105,Po Lam,22.3224,114.258,0,False,Far (>2km),False,False,False
824,2001,4040.2790973895053,Shek Mun,22.3877,114.2083,0,False,Far (>2km),False,False,False
761,2001,1951.5205676058952,City One,22.3828,114.2035,0,False,Moderate (1-2km),False,False,True
422,2001,3628.8884543582,Tuen Mun,22.394156,113.973948,0,False,Far (>2km),False,False,False
913,2001,10183.194894391885,Wan Chai,22.264453,114.237044,0,False,Far (>2km),False,False,False
913,2001,9989.863894333921,Wan Chai,22.264453,114.237044,0,False,Far (>2km),False,False,False
729,2001,2198.335250203296,Tai Po Market,22.4446,114.1706,0,False,Far (>2km),False,False,False
729,2001,1990.7688449634072,University,22.413808,114.209437,0,False,Moderate (1-2km),False,False,True
815,2001,15086.375713239479,Wu Kai Sha,22.4291,114.2438,0,False,Far (>2km),False,False,False
757,2001,679.796178685726,Wu Kai Sha,22.4291,114.2438,0,False,Close (500-1000m),True,True,True
522,2001,2045.8531659851074,Kam Sheung Road,22.4348,114.0634,0,False,Far (>2km),True,True,True
323,2001,2065.829642935756,Tsuen Wan West,22.36755,114.11098,0,False,Far (>2km),False,False,True
759,2001,546.8553439135309,Hin Keng,22.364,114.1708,1,True,Close (500-1000m),True,True,True
323,2001,971.5481912317363,Tsuen Wan West,22.36755,114.11098,0,False,Close (500-1000m),False,True,True
824,2001,3414.594150698806,Shek Mun,22.3877,114.2083,0,False,Far (>2km),False,False,False
761,2001,2044.2068143435527,Sha Tin Wai,22.3771,114.195,0,False,Far (>2km),False,True,True
829,2001,4927.395164486044,Shek Mun,22.3877,114.2083,0,False,Far (>2km),False,False,False
813,2001,6622.769630505122,Po Lam,22.3224,114.258,0,False,Far (>2km),False,False,False
757,2001,121.06846862011221,Wu Kai Sha,22.4291,114.2438,1,True,Very Close (<500m),True,True,True
741,2001,2507.7810238652132,Wu Kai Sha,22.4291,114.2438,0,False,Far (>2km),False,False,False
729,2001,1361.9887391347304,University,22.413808,114.209437,0,False,Moderate (1-2km),False,False,True
829,2001,5193.82740727043,Tai Shui Hang,22.4088,114.223,0,False,Far (>2km),False,False,False
175,2001,360.2710037924371,Ocean Park,22.2486,114.1743,0,False,Very Close (<500m),True,True,True
931,2001,7146.4711608286925,Tung Chung,22.2893,113.9416,0,False,Far (>2km),False,False,False
173,2001,1033.0190894330335,Lei Tung,22.2421,114.1562,0,False,Moderate (1-2km),False,True,True
191,2001,409.2717029430802,Ocean Park,22.2486,114.1743,0,False,Very Close (<500m),True,True,True
350,2001,1395.2660324181734,Tsing Yi,22.360206,114.107587,0,False,Moderate (1-2km),False,False,True
426,2001,3119.015499285298,Tuen Mun,22.394156,113.973948,0,False,Far (>2km),False,False,False
754,2001,614.6675466214971,Tai Wai,22.3731,114.1786,0,False,Close (500-1000m),False,True,True
813,2001,6453.401018544912,Po Lam,22.3224,114.258,0,False,Far (>2km),False,False,False
821,2001,5705.227619022352,Po Lam,22.3224,114.258,0,False,Far (>2km),False,False,False
426,2001,2892.4630147490047,Tuen Mun,22.394156,113.973948,0,False,Far (>2km),False,False,False
426,2001,3364.0641254687016,Tuen Mun,22.394156,113.973948,0,False,Far (>2km),False,False,False
813,2001,7237.161795046011,Po Lam,22.3224,114.258,0,False,Far (>2km),False,False,False
813,2001,5954.823275926158,Po Lam,22.3224,114.258,0,False,Far (>2km),False,False,False
123,2001,92.81437000836519,Central,22.281938,114.158077,0,False,Very Close (<500m),True,True,True
813,2001,7017.215440009746,Po Lam,22.3224,114.258,0,False,Far (>2km),False,False,False
421,2001,5476.076529649295,AsiaWorld–Expo,22.321988,113.942221,0,False,Far (>2km),False,False,False
182,2001,1462.7017688072926,Admiralty,22.278399,114.16433,0,False,Moderate (1-2km),False,False,True
171,2001,1551.577751794664,Kennedy Town,22.2812,114.1285,0,False,Moderate (1-2km),False,False,True
144,2001,1339.499683357932,Causeway Bay,22.279392,114.182926,0,False,Moderate (1-2km),False,False,True
149,2001,1666.3525661378696,Causeway Bay,22.279392,114.182926,0,False,Moderate (1-2km),False,False,True
827,2001,5924.344580443337,Tai Shui Hang,22.4088,114.223,0,False,Far (>2km),False,False,False
426,2001,2394.3190016578783,Tuen Mun,22.394156,113.973948,0,False,Far (>2km),False,False,False
813,2001,7043.445676822718,Po Lam,22.3224,114.258,0,False,Far (>2km),False,False,False
144,2001,1635.5482651152574,Causeway Bay,22.279392,114.182926,0,False,Moderate (1-2km),False,False,True
171,2001,1617.064912621033,Kennedy Town,22.2812,114.1285,0,False,Moderate (1-2km),False,False,True
144,2001,1320.5045797569592,Causeway Bay,22.279392,114.182926,0,False,Moderate (1-2km),False,False,True
144,2001,1380.4976295393708,Causeway Bay,22.279392,114.182926,0,False,Moderate (1-2km),False,False,True
111,2001,205.96729340109314,Kennedy Town,22.2812,114.1285,0,False,Very Close (<500m),True,True,True
161,2001,525.5144102945836,Shau Kei Wan,22.2789,114.2289,0,False,Close (500-1000m),True,True,True
161,2001,489.3460798327043,Shau Kei Wan,22.2789,114.2289,0,False,Very Close (<500m),True,True,True
142,2001,692.2754895517669,Sai Ying Pun,22.2856,114.1427,0,False,Close (500-1000m),True,True,True
132,2001,144.90511495870186,Causeway Bay,22.279392,114.182926,0,False,Very Close (<500m),True,True,True
145,2001,439.71550658483363,Tin Hau,22.2827,114.1917,0,False,Very Close (<500m),True,True,True
141,2001,466.88067854563485,Kennedy Town,22.2812,114.1285,0,False,Very Close (<500m),True,True,True
145,2001,440.6584712396796,Tin Hau,22.2827,114.1917,0,False,Very Close (<500m),True,True,True
145,2001,631.1794053708551,Tin Hau,22.2827,114.1917,0,False,Close (500-1000m),False,True,True
141,2001,579.940461494186,Kennedy Town,22.2812,114.1285,0,False,Close (500-1000m),False,True,True
161,2001,256.26654792587965,Shau Kei Wan,22.2789,114.2289,0,False,Very Close (<500m),True,True,True
943,2001,7346.3206657049805,Tung Chung,22.2893,113.9416,0,False,Far (>2km),False,False,False
165,2001,290.91697018247453,Wan Chai,22.264453,114.237044,0,False,Very Close (<500m),True,True,True
931,2001,5517.024118923114,Tung Chung,22.2893,113.9416,0,False,Far (>2km),False,False,False
941,2001,6051.430523818865,Tung Chung,22.2893,113.9416,0,False,Far (>2km),False,False,False
167,2001,1205.0628264015998,Wan Chai,22.264453,114.237044,0,False,Moderate (1-2km),False,False,True
165,2001,347.43343976968976,Chai Wan,22.2644,114.2368,0,False,Very Close (<500m),True,True,True
944,2001,8441.932382198942,Tung Chung,22.2893,113.9416,0,False,Far (>2km),False,False,False
942,2001,8928.979286380998,Tung Chung,22.2893,113.9416,0,False,Far (>2km),False,False,False
944,2001,9010.76306981485,Tung Chung,22.2893,113.9416,0,False,Far (>2km),False,False,False
834,2001,9466.79856457368,LOHAS Park,22.2957,114.2689,0,False,Far (>2km),False,False,False
192,2001,2725.0666547611013,Hong Kong station,22.234767,114.170817,0,False,Far (>2km),False,False,False
196,2001,3702.6037579256586,Chai Wan,22.2644,114.2368,0,False,Far (>2km),False,False,False
174,2001,1124.1777211636886,Hong Kong station,22.234767,114.170817,0,False,Moderate (1-2km),False,True,True
931,2001,6532.910082629306,Tung Chung,22.2893,113.9416,0,False,Far (>2km),False,False,False
197,2001,3999.571871631083,Wan Chai,22.264453,114.237044,0,False,Far (>2km),False,False,False
931,2001,9923.755903844281,Disneyland Resort,22.3155,114.0451,0,False,Far (>2km),False,False,False
192,2001,2909.6401345557974,Hong Kong station,22.234767,114.170817,0,False,Far (>2km),False,False,False
912,2001,3723.6289364344816,South Horizons,22.2425,114.1491,0,False,Far (>2km),False,False,False
941,2001,10183.908273776264,Tung Chung,22.2893,113.9416,0,False,Far (>2km),False,False,False
197,2001,4391.218127036781,Wan Chai,22.264453,114.237044,0,False,Far (>2km),False,False,False
197,2001,4101.534290989634,Wan Chai,22.264453,114.237044,0,False,Far (>2km),False,False,False
197,2001,4293.284884457439,Wan Chai,22.264453,114.237044,0,False,Far (>2km),False,False,False
196,2001,4545.375802126334,Chai Wan,22.2644,114.2368,0,False,Far (>2km),False,False,False
197,2001,5386.430629252836,Wan Chai,22.264453,114.237044,0,False,Far (>2km),False,False,False
111,2001,411.23710334533683,Kennedy Town,22.2812,114.1285,0,False,Very Close (<500m),True,True,True
146,2001,119.91610901776482,Causeway Bay,22.279392,114.182926,0,False,Very Close (<500m),True,True,True
146,2001,146.61286354470653,Causeway Bay,22.279392,114.182926,0,False,Very Close (<500m),True,True,True
148,2001,453.57178040697994,Tin Hau,22.2827,114.1917,0,False,Very Close (<500m),True,True,True
132,2001,296.66077399950956,Causeway Bay,22.279392,114.182926,0,False,Very Close (<500m),True,True,True
124,2001,94.08695629142056,Admiralty,22.278399,114.16433,1,True,Very Close (<500m),True,True,True
145,2001,426.64716687669284,Tin Hau,22.2827,114.1917,0,False,Very Close (<500m),True,True,True
145,2001,422.15577815787236,Tin Hau,22.2827,114.1917,0,False,Very Close (<500m),True,True,True
132,2001,110.25826485812094,Causeway Bay,22.279392,114.182926,0,False,Very Close (<500m),True,True,True
131,2001,322.16411013266173,Exhibition Centre,22.281613,114.17569,0,False,Very Close (<500m),True,True,True
132,2001,394.2443501093905,Causeway Bay,22.279392,114.182926,0,False,Very Close (<500m),True,True,True
144,2001,393.9656418674951,Causeway Bay,22.279392,114.182926,0,False,Very Close (<500m),True,True,True
161,2001,224.72748757683482,Shau Kei Wan,22.2789,114.2289,0,False,Very Close (<500m),True,True,True
132,2001,263.7816247711974,Causeway Bay,22.279392,114.182926,0,False,Very Close (<500m),True,True,True
131,2001,683.5673316283365,Exhibition Centre,22.281613,114.17569,0,False,Close (500-1000m),False,True,True
132,2001,361.6519294323033,Causeway Bay,22.279392,114.182926,0,False,Very Close (<500m),True,True,True
132,2001,317.05137573992215,Causeway Bay,22.279392,114.182926,0,False,Very Close (<500m),True,True,True
131,2001,607.2874340470407,Exhibition Centre,22.281613,114.17569,0,False,Close (500-1000m),False,True,True
132,2001,430.2903387234026,Causeway Bay,22.279392,114.182926,0,False,Very Close (<500m),True,True,True
131,2001,572.4019445811523,Admiralty,22.278399,114.16433,0,False,Close (500-1000m),False,True,True
132,2001,505.67882124622565,Exhibition Centre,22.281613,114.17569,0,False,Close (500-1000m),True,True,True
950,2001,2020.7834607276827,Tung Chung,22.2893,113.9416,0,False,Far (>2km),False,False,True
132,2001,528.8712992385908,Exhibition Centre,22.281613,114.17569,0,False,Close (500-1000m),False,True,True
124,2001,571.509739647588,Central,22.281938,114.158077,0,False,Close (500-1000m),False,True,True
131,2001,422.8990496399223,Admiralty,22.278399,114.16433,0,False,Very Close (<500m),True,True,True
163,2001,645.2091884927328,Heng Fa Chuen,22.2769,114.2398,0,False,Close (500-1000m),False,True,True
184,2001,921.245276920013,Admiralty,22.278399,114.16433,0,False,Close (500-1000m),False,True,True
145,2001,1090.114195964084,Causeway Bay,22.279392,114.182926,0,False,Moderate (1-2km),False,True,True
161,2001,194.06882572374636,Shau Kei Wan,22.2789,114.2289,0,False,Very Close (<500m),True,True,True
143,2001,638.0410236161023,Central,22.281938,114.158077,0,False,Close (500-1000m),False,True,True
132,2001,499.74642423901315,Exhibition Centre,22.281613,114.17569,0,False,Very Close (<500m),True,True,True
190,2001,1341.2164652016174,Tin Hau,22.2827,114.1917,0,False,Moderate (1-2km),False,False,True
132,2001,541.8980438843859,Exhibition Centre,22.281613,114.17569,0,False,Close (500-1000m),True,True,True
132,2001,541.7110666888312,Causeway Bay,22.279392,114.182926,0,False,Close (500-1000m),True,True,True
142,2001,850.8128949806896,Central,22.281938,114.158077,0,False,Close (500-1000m),False,True,True
132,2001,541.4436160557102,Exhibition Centre,22.281613,114.17569,0,False,Close (500-1000m),False,True,True
145,2001,665.1753139350548,Tin Hau,22.2827,114.1917,0,False,Close (500-1000m),False,True,True
166,2001,326.7778512616025,Shau Kei Wan,22.2789,114.2289,0,False,Very Close (<500m),True,True,True
131,2001,407.23853021625223,Admiralty,22.278399,114.16433,0,False,Very Close (<500m),True,True,True
131,2001,463.45511396832154,Admiralty,22.278399,114.16433,0,False,Very Close (<500m),True,True,True
131,2001,642.6942062792325,Admiralty,22.278399,114.16433,0,False,Close (500-1000m),False,True,True
143,2001,311.65531946538664,Admiralty,22.278399,114.16433,0,False,Very Close (<500m),True,True,True
161,2001,269.14577219353004,Shau Kei Wan,22.2789,114.2289,0,False,Very Close (<500m),True,True,True
144,2001,368.7929159604834,Causeway Bay,22.279392,114.182926,0,False,Very Close (<500m),True,True,True
145,2001,698.8416848508194,Tin Hau,22.2827,114.1917,0,False,Close (500-1000m),False,True,True
132,2001,475.44405642754805,Causeway Bay,22.279392,114.182926,0,False,Very Close (<500m),True,True,True
131,2001,539.4714200412482,Admiralty,22.278399,114.16433,0,False,Close (500-1000m),True,True,True
132,2001,576.1548454627061,Exhibition Centre,22.281613,114.17569,0,False,Close (500-1000m),False,True,True
132,2001,662.9717926101611,Exhibition Centre,22.281613,114.17569,0,False,Close (500-1000m),False,True,True
145,2001,850.0029949611381,Tin Hau,22.2827,114.1917,0,False,Close (500-1000m),False,True,True
132,2001,552.6992174662425,Exhibition Centre,22.281613,114.17569,0,False,Close (500-1000m),False,True,True
146,2001,419.8142120808207,Causeway Bay,22.279392,114.182926,0,False,Very Close (<500m),True,True,True
144,2001,452.08590536176547,Causeway Bay,22.279392,114.182926,0,False,Very Close (<500m),True,True,True
132,2001,547.9782320005759,Exhibition Centre,22.281613,114.17569,0,False,Close (500-1000m),True,True,True
131,2001,491.0267906976168,Exhibition Centre,22.281613,114.17569,0,False,Very Close (<500m),True,True,True
146,2001,738.2120545448505,Causeway Bay,22.279392,114.182926,0,False,Close (500-1000m),False,True,True
132,2001,485.6235438737232,Exhibition Centre,22.281613,114.17569,0,False,Very Close (<500m),True,True,True
161,2001,186.21949004680872,Shau Kei Wan,22.2789,114.2289,0,False,Very Close (<500m),True,True,True
133,2001,326.9152616704751,Causeway Bay,22.279392,114.182926,0,False,Very Close (<500m),True,True,True
124,2001,119.55428913249922,Admiralty,22.278399,114.16433,0,False,Very Close (<500m),True,True,True
181,2001,1108.9186255647812,Sai Ying Pun,22.2856,114.1427,0,False,Moderate (1-2km),False,True,True
123,2001,238.07346652185154,Central,22.281938,114.158077,0,False,Very Close (<500m),True,True,True
146,2001,128.8029995343145,Causeway Bay,22.279392,114.182926,0,False,Very Close (<500m),True,True,True
161,2001,295.18754952897336,Sai Wan Ho,22.2816,114.2224,0,False,Very Close (<500m),True,True,True
161,2001,501.9875585383436,Shau Kei Wan,22.2789,114.2289,0,False,Close (500-1000m),True,True,True
123,2001,303.23564003965896,Central,22.281938,114.158077,0,False,Very Close (<500m),True,True,True
161,2001,333.09419857869216,Sai Wan Ho,22.2816,114.2224,0,False,Very Close (<500m),True,True,True
131,2001,672.9989797942877,Exhibition Centre,22.281613,114.17569,0,False,Close (500-1000m),False,True,True
131,2001,747.8551497844013,Admiralty,22.278399,114.16433,0,False,Close (500-1000m),False,True,True
131,2001,743.0448707765804,Exhibition Centre,22.281613,114.17569,0,False,Close (500-1000m),False,True,True
124,2001,391.87128236535125,Admiralty,22.278399,114.16433,0,False,Very Close (<500m),True,True,True
145,2001,359.8055490643762,Tin Hau,22.2827,114.1917,0,False,Very Close (<500m),True,True,True
133,2001,291.63100671907443,Causeway Bay,22.279392,114.182926,0,False,Very Close (<500m),True,True,True
133,2001,343.26403501787996,Exhibition Centre,22.281613,114.17569,0,False,Very Close (<500m),True,True,True
123,2001,359.34668307483906,Central,22.281938,114.158077,0,False,Very Close (<500m),True,True,True
151,2001,317.9230027625429,Tin Hau,22.2827,114.1917,0,False,Very Close (<500m),True,True,True
161,2001,212.76829287593057,Sai Wan Ho,22.2816,114.2224,0,False,Very Close (<500m),True,True,True
161,2001,335.0039321714563,Shau Kei Wan,22.2789,114.2289,0,False,Very Close (<500m),True,True,True
146,2001,264.9223576844078,Causeway Bay,22.279392,114.182926,0,False,Very Close (<500m),True,True,True
151,2001,327.0753185046346,Tin Hau,22.2827,114.1917,0,False,Very Close (<500m),True,True,True
146,2001,385.13913281241594,Causeway Bay,22.279392,114.182926,0,False,Very Close (<500m),True,True,True
146,2001,471.21109588683913,Tin Hau,22.2827,114.1917,0,False,Very Close (<500m),True,True,True
148,2001,355.7249018254998,Tin Hau,22.2827,114.1917,0,False,Very Close (<500m),True,True,True
148,2001,549.4462172605819,Tin Hau,22.2827,114.1917,0,False,Close (500-1000m),True,True,True
123,2001,361.82627575947225,Central,22.281938,114.158077,0,False,Very Close (<500m),True,True,True
161,2001,299.28945833697315,Shau Kei Wan,22.2789,114.2289,0,False,Very Close (<500m),True,True,True
148,2001,594.560796971419,Tin Hau,22.2827,114.1917,0,False,Close (500-1000m),True,True,True
146,2001,184.50459270838527,Causeway Bay,22.279392,114.182926,0,False,Very Close (<500m),True,True,True
161,2001,168.42408208949877,Sai Wan Ho,22.2816,114.2224,0,False,Very Close (<500m),True,True,True
161,2001,243.4089784508998,Sai Wan Ho,22.2816,114.2224,0,False,Very Close (<500m),True,True,True
123,2001,294.68111498525195,Central,22.281938,114.158077,0,False,Very Close (<500m),True,True,True
122,2001,407.2692143747975,Central,22.281938,114.158077,0,False,Very Close (<500m),True,True,True
161,2001,248.46914593886893,Shau Kei Wan,22.2789,114.2289,0,False,Very Close (<500m),True,True,True
133,2001,264.9164213215084,Causeway Bay,22.279392,114.182926,0,False,Very Close (<500m),True,True,True
161,2001,312.9220489704001,Sai Wan Ho,22.2816,114.2224,0,False,Very Close (<500m),True,True,True
161,2001,327.26269045426346,Sai Wan Ho,22.2816,114.2224,0,False,Very Close (<500m),True,True,True
132,2001,98.0815488030131,Causeway Bay,22.279392,114.182926,0,False,Very Close (<500m),True,True,True
133,2001,391.96229501692466,Exhibition Centre,22.281613,114.17569,0,False,Very Close (<500m),True,True,True
148,2001,898.8602463292049,Tin Hau,22.2827,114.1917,0,False,Close (500-1000m),True,True,True
166,2001,450.00374445573044,Shau Kei Wan,22.2789,114.2289,0,False,Very Close (<500m),True,True,True
146,2001,254.73212147642195,Causeway Bay,22.279392,114.182926,0,False,Very Close (<500m),True,True,True
146,2001,389.133021919887,Causeway Bay,22.279392,114.182926,0,False,Very Close (<500m),True,True,True
146,2001,240.4792402928408,Causeway Bay,22.279392,114.182926,0,False,Very Close (<500m),True,True,True
146,2001,102.39696158541413,Causeway Bay,22.279392,114.182926,0,False,Very Close (<500m),True,True,True
131,2001,558.3828199281755,Admiralty,22.278399,114.16433,0,False,Close (500-1000m),True,True,True
161,2001,7.139866402190472,Shau Kei Wan,22.2789,114.2289,1,True,Very Close (<500m),True,True,True
161,2001,241.4911875593293,Shau Kei Wan,22.2789,114.2289,0,False,Very Close (<500m),True,True,True
131,2001,340.2575439786123,Exhibition Centre,22.281613,114.17569,0,False,Very Close (<500m),True,True,True
145,2001,384.1843278854879,Tin Hau,22.2827,114.1917,0,False,Very Close (<500m),True,True,True
143,2001,875.6642890385589,Central,22.281938,114.158077,0,False,Close (500-1000m),False,True,True
131,2001,810.8984785745638,Admiralty,22.278399,114.16433,0,False,Close (500-1000m),False,True,True
131,2001,795.5018411250385,Admiralty,22.278399,114.16433,0,False,Close (500-1000m),False,True,True
950,2001,2041.929216882043,Tung Chung,22.2893,113.9416,0,False,Far (>2km),False,False,True
143,2001,518.0575911608572,Admiralty,22.278399,114.16433,0,False,Close (500-1000m),True,True,True
144,2001,746.943895593179,Causeway Bay,22.279392,114.182926,0,False,Close (500-1000m),True,True,True
131,2001,804.7340853268422,Exhibition Centre,22.281613,114.17569,0,False,Close (500-1000m),False,True,True
174,2001,574.3643251676243,Lei Tung,22.2421,114.1562,0,False,Close (500-1000m),True,True,True
171,2001,2180.609372948696,South Horizons,22.2425,114.1491,0,False,Far (>2km),False,False,True
171,2001,2203.72652734632,South Horizons,22.2425,114.1491,0,False,Far (>2km),False,False,True
172,2001,1807.767409567551,South Horizons,22.2425,114.1491,0,False,Moderate (1-2km),False,False,True
834,2001,9204.25214454995,LOHAS Park,22.2957,114.2689,0,False,Far (>2km),False,False,False
729,2001,1399.2038548512378,Tai Po Market,22.4446,114.1706,0,False,Moderate (1-2km),False,False,True
729,2001,2573.2902792887135,Tai Po Market,22.4446,114.1706,0,False,Far (>2km),False,False,True
742,2001,9061.005238933532,Wu Kai Sha,22.4291,114.2438,0,False,Far (>2km),False,False,False
742,2001,10363.939581239683,Wu Kai Sha,22.4291,114.2438,0,False,Far (>2km),False,False,False
729,2001,2084.9794507251568,Tai Po Market,22.4446,114.1706,0,False,Far (>2km),False,False,True
142,2001,712.8349887580686,Central,22.281938,114.158077,0,False,Close (500-1000m),False,True,True
146,2001,532.8734869435992,Tin Hau,22.2827,114.1917,0,False,Close (500-1000m),True,True,True
133,2001,260.42977061812473,Exhibition Centre,22.281613,114.17569,0,False,Very Close (<500m),True,True,True
131,2001,550.9831761927702,Admiralty,22.278399,114.16433,0,False,Close (500-1000m),False,True,True
962,2001,5093.60147654775,Tung Chung,22.2893,113.9416,0,False,Far (>2km),False,False,False
145,2001,702.9825198797229,Tin Hau,22.2827,114.1917,0,False,Close (500-1000m),True,True,True
146,2001,204.75891553984056,Causeway Bay,22.279392,114.182926,0,False,Very Close (<500m),True,True,True
145,2001,445.05815067497105,Tin Hau,22.2827,114.1917,0,False,Very Close (<500m),True,True,True
133,2001,392.5856682163954,Exhibition Centre,22.281613,114.17569,0,False,Very Close (<500m),True,True,True
131,2001,539.3119438710439,Admiralty,22.278399,114.16433,0,False,Close (500-1000m),True,True,True
131,2001,389.51874672319565,Exhibition Centre,22.281613,114.17569,0,False,Very Close (<500m),True,True,True
145,2001,455.5524901225402,Tin Hau,22.2827,114.1917,0,False,Very Close (<500m),True,True,True
950,2001,1650.5317548926294,Tung Chung,22.2893,113.9416,0,False,Moderate (1-2km),False,False,True
161,2001,120.37863196710524,Shau Kei Wan,22.2789,114.2289,0,False,Very Close (<500m),True,True,True
145,2001,460.8149543077865,Tin Hau,22.2827,114.1917,0,False,Very Close (<500m),True,True,True
145,2001,469.33282437485025,Tin Hau,22.2827,114.1917,0,False,Very Close (<500m),True,True,True
132,2001,425.5721295081854,Causeway Bay,22.279392,114.182926,0,False,Very Close (<500m),True,True,True
145,2001,469.2183807289783,Tin Hau,22.2827,114.1917,0,False,Very Close (<500m),True,True,True
174,2001,472.0856963518792,Lei Tung,22.2421,114.1562,0,False,Very Close (<500m),True,True,True
192,2001,2956.723300584848,Hong Kong station,22.234767,114.170817,0,False,Far (>2km),False,False,False
197,2001,3824.5969649775993,Wan Chai,22.264453,114.237044,0,False,Far (>2km),False,False,False
912,2001,3936.557635309526,South Horizons,22.2425,114.1491,0,False,Far (>2km),False,False,False
191,2001,1509.362561996102,Hong Kong station,22.234767,114.170817,0,False,Moderate (1-2km),False,False,True
192,2001,3131.1020033824766,Hong Kong station,22.234767,114.170817,0,False,Far (>2km),False,False,False
912,2001,4037.814878804212,South Horizons,22.2425,114.1491,0,False,Far (>2km),False,False,False
931,2001,9449.86276031141,Tung Chung,22.2893,113.9416,0,False,Far (>2km),False,False,False
912,2001,3228.726560487737,South Horizons,22.2425,114.1491,0,False,Far (>2km),False,False,False
140,2001,1024.0413080836,Exhibition Centre,22.281613,114.17569,0,False,Moderate (1-2km),False,True,True
144,2001,623.6705222565326,Causeway Bay,22.279392,114.182926,0,False,Close (500-1000m),False,True,True
142,2001,1107.2984206160913,Central,22.281938,114.158077,0,False,Moderate (1-2km),False,True,True
144,2001,703.9953067677739,Causeway Bay,22.279392,114.182926,0,False,Close (500-1000m),False,True,True
164,2001,906.4566250046485,Chai Wan,22.2644,114.2368,0,False,Close (500-1000m),True,True,True
131,2001,858.9269751245631,Exhibition Centre,22.281613,114.17569,0,False,Close (500-1000m),False,True,True
814,2001,10744.871701596354,LOHAS Park,22.2957,114.2689,0,False,Far (>2km),False,False,False
814,2001,10829.000459513354,LOHAS Park,22.2957,114.2689,0,False,Far (>2km),False,False,False
171,2001,1291.983623995104,Kennedy Town,22.2812,114.1285,0,False,Moderate (1-2km),False,False,True
190,2001,1671.7350460621033,Tin Hau,22.2827,114.1917,0,False,Moderate (1-2km),False,False,True
962,2001,5409.380349689068,Tung Chung,22.2893,113.9416,0,False,Far (>2km),False,False,False
950,2001,2348.986529420049,Tung Chung,22.2893,113.9416,0,False,Far (>2km),False,False,False
140,2001,1310.4146676132577,Exhibition Centre,22.281613,114.17569,0,False,Moderate (1-2km),False,False,True
149,2001,1380.274252626739,Tin Hau,22.2827,114.1917,0,False,Moderate (1-2km),False,False,True
132,2001,686.8615815390077,Exhibition Centre,22.281613,114.17569,0,False,Close (500-1000m),False,True,True
132,2001,667.7789216799373,Exhibition Centre,22.281613,114.17569,0,False,Close (500-1000m),False,True,True
132,2001,468.1651445613538,Causeway Bay,22.279392,114.182926,0,False,Very Close (<500m),True,True,True
131,2001,752.7669152519425,Exhibition Centre,22.281613,114.17569,0,False,Close (500-1000m),False,True,True
143,2001,741.5114080964947,Central,22.281938,114.158077,0,False,Close (500-1000m),False,True,True
184,2001,1163.4366577306926,Admiralty,22.278399,114.16433,0,False,Moderate (1-2km),False,True,True
182,2001,1022.8289726694073,Admiralty,22.278399,114.16433,0,False,Moderate (1-2km),False,True,True
149,2001,1678.262745955699,Causeway Bay,22.279392,114.182926,0,False,Moderate (1-2km),False,False,True
143,2001,1058.4231047164608,Central,22.281938,114.158077,0,False,Moderate (1-2km),False,True,True
144,2001,871.9934870826124,Causeway Bay,22.279392,114.182926,0,False,Close (500-1000m),False,True,True
164,2001,804.3445410113176,Shau Kei Wan,22.2789,114.2289,0,False,Close (500-1000m),False,True,True
131,2001,936.6753014312679,Exhibition Centre,22.281613,114.17569,0,False,Close (500-1000m),False,True,True
131,2001,940.6608556547668,Exhibition Centre,22.281613,114.17569,0,False,Close (500-1000m),False,True,True
173,2001,875.3215987911477,Wong Chuk Hang,22.248,114.1681,0,False,Close (500-1000m),False,True,True
962,2001,4995.692417511879,Tung Chung,22.2893,113.9416,0,False,Far (>2km),False,False,False
962,2001,5463.576684740489,Tung Chung,22.2893,113.9416,0,False,Far (>2km),False,False,False
182,2001,821.0884362221482,Admiralty,22.278399,114.16433,0,False,Close (500-1000m),False,True,True
131,2001,985.7399254836937,Exhibition Centre,22.281613,114.17569,0,False,Close (500-1000m),False,True,True
144,2001,1008.5007549389818,Causeway Bay,22.279392,114.182926,0,False,Moderate (1-2km),False,True,True
132,2001,651.5799308501964,Exhibition Centre,22.281613,114.17569,0,False,Close (500-1000m),False,True,True
131,2001,768.2232411689366,Exhibition Centre,22.281613,114.17569,0,False,Close (500-1000m),False,True,True
131,2001,616.643826649345,Admiralty,22.278399,114.16433,0,False,Close (500-1000m),False,True,True
144,2001,469.1445365320584,Causeway Bay,22.279392,114.182926,0,False,Very Close (<500m),True,True,True
165,2001,652.9956545876771,Chai Wan,22.2644,114.2368,0,False,Close (500-1000m),False,True,True
144,2001,1035.4612619962243,Causeway Bay,22.279392,114.182926,0,False,Moderate (1-2km),False,True,True
131,2001,622.8054890834667,Admiralty,22.278399,114.16433,0,False,Close (500-1000m),False,True,True
131,2001,724.3847689257813,Admiralty,22.278399,114.16433,0,False,Close (500-1000m),False,True,True
143,2001,581.7379018005134,Admiralty,22.278399,114.16433,0,False,Close (500-1000m),True,True,True
144,2001,643.7709941695542,Causeway Bay,22.279392,114.182926,0,False,Close (500-1000m),True,True,True
131,2001,477.27128825843585,Admiralty,22.278399,114.16433,0,False,Very Close (<500m),True,True,True
131,2001,508.54164520101057,Admiralty,22.278399,114.16433,0,False,Close (500-1000m),True,True,True
171,2001,1227.1245762524688,Kennedy Town,22.2812,114.1285,0,False,Moderate (1-2km),False,False,True
163,2001,609.7514354417789,Wan Chai,22.264453,114.237044,0,False,Close (500-1000m),False,True,True
182,2001,1289.579092385669,Admiralty,22.278399,114.16433,0,False,Moderate (1-2km),False,False,True
182,2001,1090.8189625220068,Admiralty,22.278399,114.16433,0,False,Moderate (1-2km),False,True,True
149,2001,1308.5911379212616,Causeway Bay,22.279392,114.182926,0,False,Moderate (1-2km),False,False,True
163,2001,676.6091444984108,Wan Chai,22.264453,114.237044,0,False,Close (500-1000m),False,True,True
163,2001,137.92482830490758,Chai Wan,22.2644,114.2368,1,True,Very Close (<500m),True,True,True
142,2001,857.8972964637594,Central,22.281938,114.158077,0,False,Close (500-1000m),False,True,True
131,2001,696.0621093094949,Admiralty,22.278399,114.16433,0,False,Close (500-1000m),False,True,True
144,2001,627.7512920908154,Causeway Bay,22.279392,114.182926,0,False,Close (500-1000m),False,True,True
145,2001,784.8619600421437,Tin Hau,22.2827,114.1917,0,False,Close (500-1000m),False,True,True
132,2001,573.3611747232821,Exhibition Centre,22.281613,114.17569,0,False,Close (500-1000m),False,True,True
131,2001,398.77613320779733,Admiralty,22.278399,114.16433,0,False,Very Close (<500m),True,True,True
145,2001,882.3491501218502,Tin Hau,22.2827,114.1917,0,False,Close (500-1000m),False,True,True
131,2001,574.8064129665539,Exhibition Centre,22.281613,114.17569,0,False,Close (500-1000m),False,True,True
131,2001,611.6552609817296,Exhibition Centre,22.281613,114.17569,0,False,Close (500-1000m),False,True,True
145,2001,728.5348010041276,Tin Hau,22.2827,114.1917,0,False,Close (500-1000m),False,True,True
962,2001,5767.713084446449,Tung Chung,22.2893,113.9416,0,False,Far (>2km),False,False,False
131,2001,511.4152394141842,Admiralty,22.278399,114.16433,0,False,Close (500-1000m),True,True,True
131,2001,635.4077460868899,Exhibition Centre,22.281613,114.17569,0,False,Close (500-1000m),False,True,True
131,2001,653.6960902218852,Exhibition Centre,22.281613,114.17569,0,False,Close (500-1000m),False,True,True
140,2001,770.8891528588616,Admiralty,22.278399,114.16433,0,False,Close (500-1000m),True,True,True
182,2001,1089.2203678977467,Admiralty,22.278399,114.16433,0,False,Moderate (1-2km),False,True,True
144,2001,1186.662406609025,Causeway Bay,22.279392,114.182926,0,False,Moderate (1-2km),False,False,True
144,2001,1149.7248758969392,Causeway Bay,22.279392,114.182926,0,False,Moderate (1-2km),False,False,True
149,2001,1575.2404527066383,Tin Hau,22.2827,114.1917,0,False,Moderate (1-2km),False,False,True
163,2001,500.0023490268964,Wan Chai,22.264453,114.237044,0,False,Close (500-1000m),True,True,True
144,2001,1191.011667973967,Causeway Bay,22.279392,114.182926,0,False,Moderate (1-2km),False,False,True
149,2001,1551.6482684468542,Causeway Bay,22.279392,114.182926,0,False,Moderate (1-2km),False,False,True
171,2001,1714.8414243095067,Kennedy Town,22.2812,114.1285,0,False,Moderate (1-2km),False,False,True
144,2001,1290.224180046538,Causeway Bay,22.279392,114.182926,0,False,Moderate (1-2km),False,False,True
163,2001,880.8689186838496,Wan Chai,22.264453,114.237044,0,False,Close (500-1000m),False,True,True
144,2001,1253.8422214862715,Causeway Bay,22.279392,114.182926,0,False,Moderate (1-2km),False,False,True
144,2001,1398.2557037809709,Causeway Bay,22.279392,114.182926,0,False,Moderate (1-2km),False,False,True
165,2001,479.50879452706613,Chai Wan,22.2644,114.2368,0,False,Very Close (<500m),True,True,True
144,2001,1253.9785204676832,Causeway Bay,22.279392,114.182926,0,False,Moderate (1-2km),False,False,True
163,2001,464.43872300990563,Chai Wan,22.2644,114.2368,0,False,Very Close (<500m),True,True,True
143,2001,437.57881588473464,Admiralty,22.278399,114.16433,0,False,Very Close (<500m),True,True,True
132,2001,747.1512462147052,Exhibition Centre,22.281613,114.17569,0,False,Close (500-1000m),False,True,True
162,2001,434.46561738522894,Heng Fa Chuen,22.2769,114.2398,0,False,Very Close (<500m),True,True,True
131,2001,679.1315441470039,Admiralty,22.278399,114.16433,0,False,Close (500-1000m),False,True,True
111,2001,624.9533676345966,Kennedy Town,22.2812,114.1285,0,False,Close (500-1000m),False,True,True
142,2001,1010.4892352045882,Central,22.281938,114.158077,0,False,Moderate (1-2km),False,True,True
143,2001,594.146969815901,Admiralty,22.278399,114.16433,0,False,Close (500-1000m),True,True,True
132,2001,611.7162600698648,Causeway Bay,22.279392,114.182926,0,False,Close (500-1000m),False,True,True
161,2001,453.23211526104245,Shau Kei Wan,22.2789,114.2289,0,False,Very Close (<500m),True,True,True
161,2001,537.8105280863152,Shau Kei Wan,22.2789,114.2289,0,False,Close (500-1000m),True,True,True
131,2001,756.8297826762429,Exhibition Centre,22.281613,114.17569,0,False,Close (500-1000m),False,True,True
144,2001,1097.0739962624298,Causeway Bay,22.279392,114.182926,0,False,Moderate (1-2km),False,False,True
144,2001,1328.5486848743944,Causeway Bay,22.279392,114.182926,0,False,Moderate (1-2km),False,False,True
192,2001,2273.629579414427,Ocean Park,22.2486,114.1743,0,False,Far (>2km),False,False,False
192,2001,2625.974478263757,Ocean Park,22.2486,114.1743,0,False,Far (>2km),False,False,False
932,2001,6586.395943729486,Tung Chung,22.2893,113.9416,0,False,Far (>2km),False,False,False
174,2001,524.1071045158103,Lei Tung,22.2421,114.1562,0,False,Close (500-1000m),True,True,True
931,2001,8684.090142699446,Tung Chung,22.2893,113.9416,0,False,Far (>2km),False,False,False
191,2001,2061.634016203446,Hong Kong station,22.234767,114.170817,0,False,Far (>2km),False,False,True
174,2001,541.8687420451386,Lei Tung,22.2421,114.1562,0,False,Close (500-1000m),True,True,True
196,2001,3508.404215469537,Chai Wan,22.2644,114.2368,0,False,Far (>2km),False,False,False
814,2001,10770.512647911164,Hang Hau,22.3156,114.2644,0,False,Far (>2km),False,False,False
814,2001,10690.31242476912,Hang Hau,22.3156,114.2644,0,False,Far (>2km),False,False,False
814,2001,10794.645347079471,Hang Hau,22.3156,114.2644,0,False,Far (>2km),False,False,False
814,2001,10628.676072460916,Hang Hau,22.3156,114.2644,0,False,Far (>2km),False,False,False
814,2001,10422.912298515968,LOHAS Park,22.2957,114.2689,0,False,Far (>2km),False,False,False
814,2001,10639.790785578287,LOHAS Park,22.2957,114.2689,0,False,Far (>2km),False,False,False
194,2001,3553.714301408356,Chai Wan,22.2644,114.2368,0,False,Far (>2km),False,False,True
944,2001,9539.62689030482,Tung Chung,22.2893,113.9416,0,False,Far (>2km),False,False,False
149,2001,1571.9681210301549,Causeway Bay,22.279392,114.182926,0,False,Moderate (1-2km),False,False,True
144,2001,1250.3179668530936,Causeway Bay,22.279392,114.182926,0,False,Moderate (1-2km),False,False,True
149,2001,1478.3624709141989,Causeway Bay,22.279392,114.182926,0,False,Moderate (1-2km),False,False,True
171,2001,1495.109937787672,Kennedy Town,22.2812,114.1285,0,False,Moderate (1-2km),False,False,True
163,2001,393.6006305868434,Wan Chai,22.264453,114.237044,0,False,Very Close (<500m),True,True,True
156,2001,417.48170176594397,Tai Koo,22.2846,114.2161,0,False,Very Close (<500m),True,True,True
111,2001,132.8272108535742,Kennedy Town,22.2812,114.1285,0,False,Very Close (<500m),True,True,True
145,2001,1076.6792814217908,Causeway Bay,22.279392,114.182926,0,False,Moderate (1-2km),False,True,True
143,2001,612.2990664957935,Admiralty,22.278399,114.16433,0,False,Close (500-1000m),True,True,True
143,2001,855.007798503662,Admiralty,22.278399,114.16433,0,False,Close (500-1000m),False,True,True
144,2001,907.9584013950368,Causeway Bay,22.279392,114.182926,0,False,Close (500-1000m),False,True,True
182,2001,1771.4438088300788,Admiralty,22.278399,114.16433,0,False,Moderate (1-2km),False,False,True
144,2001,1536.1077245002323,Causeway Bay,22.279392,114.182926,0,False,Moderate (1-2km),False,False,True
182,2001,1996.033508620568,Central,22.281938,114.158077,0,False,Moderate (1-2km),False,False,True
144,2001,1531.326845598033,Causeway Bay,22.279392,114.182926,0,False,Moderate (1-2km),False,False,True
163,2001,351.3735772618819,Chai Wan,22.2644,114.2368,0,False,Very Close (<500m),True,True,True
123,2001,263.53245201892184,Central,22.281938,114.158077,0,False,Very Close (<500m),True,True,True
950,2001,1507.0824492041713,Tung Chung,22.2893,113.9416,0,False,Moderate (1-2km),False,False,True
171,2001,1825.9398274253476,Kennedy Town,22.2812,114.1285,0,False,Moderate (1-2km),False,False,True
171,2001,1822.7255333122735,Kennedy Town,22.2812,114.1285,0,False,Moderate (1-2km),False,False,True
182,2001,1995.4944776381392,Admiralty,22.278399,114.16433,0,False,Moderate (1-2km),False,False,True
171,2001,1762.8458837548685,Kennedy Town,22.2812,114.1285,0,False,Moderate (1-2km),False,False,True
144,2001,1623.0445499084008,Causeway Bay,22.279392,114.182926,0,False,Moderate (1-2km),False,False,True
144,2001,1565.8723625110417,Causeway Bay,22.279392,114.182926,0,False,Moderate (1-2km),False,False,True
149,2001,1740.8220877312212,Causeway Bay,22.279392,114.182926,0,False,Moderate (1-2km),False,False,True
191,2001,966.4977081528406,Ocean Park,22.2486,114.1743,0,False,Close (500-1000m),False,True,True
175,2001,452.4525506400298,Ocean Park,22.2486,114.1743,0,False,Very Close (<500m),True,True,True
111,2001,229.07877323506162,Kennedy Town,22.2812,114.1285,0,False,Very Close (<500m),True,True,True
121,2001,192.8926191158502,Central,22.281938,114.158077,0,False,Very Close (<500m),True,True,True
142,2001,732.2308303361878,Sheung Wan,22.285899,114.153707,0,False,Close (500-1000m),False,True,True
757,2001,431.9662458877276,Wu Kai Sha,22.4291,114.2438,0,False,Very Close (<500m),True,True,True
742,2001,9386.455772277393,Wu Kai Sha,22.4291,114.2438,0,False,Far (>2km),False,False,False
144,2001,1381.3425843659031,Causeway Bay,22.279392,114.182926,0,False,Moderate (1-2km),False,False,True
183,2001,1652.8053110426144,Ocean Park,22.2486,114.1743,0,False,Moderate (1-2km),False,False,True
182,2001,1653.8750428433855,Admiralty,22.278399,114.16433,0,False,Moderate (1-2km),False,False,True
190,2001,1751.1528258101143,Tin Hau,22.2827,114.1917,0,False,Moderate (1-2km),False,False,True
149,2001,1654.4369457781293,Causeway Bay,22.279392,114.182926,0,False,Moderate (1-2km),False,False,True
163,2001,185.5196246527019,Chai Wan,22.2644,114.2368,0,False,Very Close (<500m),True,True,True
190,2001,1771.4955002510499,Causeway Bay,22.279392,114.182926,0,False,Moderate (1-2km),False,False,True
144,2001,1476.2252158970368,Causeway Bay,22.279392,114.182926,0,False,Moderate (1-2km),False,False,True
142,2001,593.5246814836769,Sheung Wan,22.285899,114.153707,0,False,Close (500-1000m),False,True,True
111,2001,291.71234390391214,Kennedy Town,22.2812,114.1285,0,False,Very Close (<500m),True,True,True
123,2001,164.43012769177224,Central,22.281938,114.158077,0,False,Very Close (<500m),True,True,True
123,2001,202.81369155060165,Central,22.281938,114.158077,0,False,Very Close (<500m),True,True,True
149,2001,1367.613473907713,Causeway Bay,22.279392,114.182926,0,False,Moderate (1-2km),False,False,True
144,2001,1080.462762361668,Causeway Bay,22.279392,114.182926,0,False,Moderate (1-2km),False,True,True
182,2001,1182.692732883296,Admiralty,22.278399,114.16433,0,False,Moderate (1-2km),False,True,True
182,2001,1483.8993718596187,Admiralty,22.278399,114.16433,0,False,Moderate (1-2km),False,False,True
149,2001,1558.0318978248313,Tin Hau,22.2827,114.1917,0,False,Moderate (1-2km),False,False,True
144,2001,1099.9379575473458,Causeway Bay,22.279392,114.182926,0,False,Moderate (1-2km),False,False,True
140,2001,1282.853884606656,Causeway Bay,22.279392,114.182926,0,False,Moderate (1-2km),False,False,True
741,2001,1501.7193092321827,Wu Kai Sha,22.4291,114.2438,0,False,Moderate (1-2km),False,True,True
757,2001,519.8633870233089,Ma On Shan,22.4247,114.2316,0,False,Close (500-1000m),True,True,True
531,2001,1376.0196664360735,Kam Sheung Road,22.4348,114.0634,0,False,Moderate (1-2km),False,True,True
753,2001,640.8057356914355,University,22.413808,114.209437,0,False,Close (500-1000m),True,True,True
741,2001,2637.6113212084747,Wu Kai Sha,22.4291,114.2438,0,False,Far (>2km),False,False,False
741,2001,3036.519566929088,Wu Kai Sha,22.4291,114.2438,0,False,Far (>2km),False,False,False
757,2001,643.0843837995311,Ma On Shan,22.4247,114.2316,0,False,Close (500-1000m),True,True,True
753,2001,653.036862917371,University,22.413808,114.209437,1,True,Close (500-1000m),True,True,True
815,2001,13424.871041643717,Wu Kai Sha,22.4291,114.2438,0,False,Far (>2km),False,False,False
340,2001,4532.15850538474,Sunny Bay,22.33285,114.028222,0,False,Far (>2km),False,False,False
149,2001,1458.1270218177394,Tin Hau,22.2827,114.1917,0,False,Moderate (1-2km),False,False,True
962,2001,6035.377864416476,Tung Chung,22.2893,113.9416,0,False,Far (>2km),False,False,False
144,2001,1023.5402908533745,Causeway Bay,22.279392,114.182926,0,False,Moderate (1-2km),False,True,True
182,2001,1516.372824881088,Central,22.281938,114.158077,0,False,Moderate (1-2km),False,False,True
144,2001,1668.8628051105468,Causeway Bay,22.279392,114.182926,0,False,Moderate (1-2km),False,False,True
149,2001,1518.3934923248648,Causeway Bay,22.279392,114.182926,0,False,Moderate (1-2km),False,False,True
144,2001,1199.9067935258147,Causeway Bay,22.279392,114.182926,0,False,Moderate (1-2km),False,False,True
172,2001,2231.310453379644,South Horizons,22.2425,114.1491,0,False,Far (>2km),False,False,False
182,2001,1863.831503162277,South Horizons,22.2425,114.1491,0,False,Moderate (1-2km),False,False,True
183,2001,2022.5720116299096,Ocean Park,22.2486,114.1743,0,False,Far (>2km),False,False,True
182,2001,1776.8417311475941,South Horizons,22.2425,114.1491,0,False,Moderate (1-2km),False,False,True
175,2001,632.4867315378528,Wong Chuk Hang,22.248,114.1681,0,False,Close (500-1000m),True,True,True
175,2001,623.7688530604686,Ocean Park,22.2486,114.1743,0,False,Close (500-1000m),True,True,True
191,2001,1017.4288681048641,Ocean Park,22.2486,114.1743,0,False,Moderate (1-2km),False,True,True
175,2001,697.2433951354425,Ocean Park,22.2486,114.1743,0,False,Close (500-1000m),False,True,True
811,2001,6823.8921644269785,Wu Kai Sha,22.4291,114.2438,0,False,Far (>2km),False,False,False
812,2001,10563.796570265882,Hang Hau,22.3156,114.2644,0,False,Far (>2km),False,False,False
811,2001,7319.075926103378,Wu Kai Sha,22.4291,114.2438,0,False,Far (>2km),False,False,False
822,2001,5255.765111922512,Wu Kai Sha,22.4291,114.2438,0,False,Far (>2km),False,False,False
811,2001,6640.404132023276,Wu Kai Sha,22.4291,114.2438,0,False,Far (>2km),False,False,False
173,2001,974.0488158584561,Lei Tung,22.2421,114.1562,0,False,Close (500-1000m),False,True,True
144,2001,1544.2885420375178,Causeway Bay,22.279392,114.182926,0,False,Moderate (1-2km),False,False,True
144,2001,1144.2699283104107,Causeway Bay,22.279392,114.182926,0,False,Moderate (1-2km),False,False,True
149,2001,1508.590823699852,Tin Hau,22.2827,114.1917,0,False,Moderate (1-2km),False,False,True
144,2001,1180.130673221892,Causeway Bay,22.279392,114.182926,0,False,Moderate (1-2km),False,False,True
182,2001,1682.0518538790022,Central,22.281938,114.158077,0,False,Moderate (1-2km),False,False,True
814,2001,11088.024594820754,Hang Hau,22.3156,114.2644,0,False,Far (>2km),False,False,False
814,2001,11261.961690738259,Hang Hau,22.3156,114.2644,0,False,Far (>2km),False,False,False
814,2001,10709.240845546587,Hang Hau,22.3156,114.2644,0,False,Far (>2km),False,False,False
167,2001,1055.1490505549557,Wan Chai,22.264453,114.237044,0,False,Moderate (1-2km),False,True,True
172,2001,1859.406640790819,South Horizons,22.2425,114.1491,0,False,Moderate (1-2km),False,False,True
173,2001,1300.8729872371296,Lei Tung,22.2421,114.1562,0,False,Moderate (1-2km),False,True,True
944,2001,8685.52605763482,Tung Chung,22.2893,113.9416,0,False,Far (>2km),False,False,False
192,2001,2815.0539875969707,Ocean Park,22.2486,114.1743,0,False,Far (>2km),False,False,False
834,2001,5626.032168759511,LOHAS Park,22.2957,114.2689,0,False,Far (>2km),False,False,False
963,2001,7062.600902786436,Disneyland Resort,22.3155,114.0451,0,False,Far (>2km),False,False,False
192,2001,2191.508056457874,Ocean Park,22.2486,114.1743,0,False,Far (>2km),False,False,True
931,2001,6831.0486669990605,Tung Chung,22.2893,113.9416,0,False,Far (>2km),False,False,False
931,2001,7798.432138769615,Tung Chung,22.2893,113.9416,0,False,Far (>2km),False,False,False
942,2001,7144.541584459198,Tung Chung,22.2893,113.9416,0,False,Far (>2km),False,False,False
192,2001,2118.4035908317833,Ocean Park,22.2486,114.1743,0,False,Far (>2km),False,False,False
191,2001,1516.5008922961313,Ocean Park,22.2486,114.1743,0,False,Moderate (1-2km),False,True,True
196,2001,3208.9971804574698,Chai Wan,22.2644,114.2368,0,False,Far (>2km),False,False,True
197,2001,2135.3818319677675,Wan Chai,22.264453,114.237044,0,False,Far (>2km),False,True,True
944,2001,8890.775705488893,Tung Chung,22.2893,113.9416,0,False,Far (>2km),False,False,False
944,2001,8793.670951044707,Tung Chung,22.2893,113.9416,0,False,Far (>2km),False,False,False
944,2001,8931.236498027725,Tung Chung,22.2893,113.9416,0,False,Far (>2km),False,False,False
191,2001,759.7150765638239,Ocean Park,22.2486,114.1743,0,False,Close (500-1000m),False,True,True
173,2001,844.4722098977484,Lei Tung,22.2421,114.1562,0,False,Close (500-1000m),False,True,True
173,2001,933.7008332342184,Lei Tung,22.2421,114.1562,0,False,Close (500-1000m),False,True,True
173,2001,930.3466656669722,Lei Tung,22.2421,114.1562,0,False,Close (500-1000m),False,True,True
173,2001,831.5020711975844,Lei Tung,22.2421,114.1562,0,False,Close (500-1000m),False,True,True
175,2001,208.3044625536933,Wong Chuk Hang,22.248,114.1681,0,False,Very Close (<500m),True,True,True
217,2001,302.5812962612763,Austin,22.304236,114.166601,0,False,Very Close (<500m),True,True,True
217,2001,323.00480536173654,Airport,22.304925,114.1616,0,False,Very Close (<500m),True,True,True
163,2001,299.87620117675897,Wan Chai,22.264453,114.237044,0,False,Very Close (<500m),True,True,True
962,2001,5701.408259286567,Tung Chung,22.2893,113.9416,0,False,Far (>2km),False,False,False
144,2001,1292.377211344139,Causeway Bay,22.279392,114.182926,0,False,Moderate (1-2km),False,False,True
144,2001,1259.8881022049554,Causeway Bay,22.279392,114.182926,0,False,Moderate (1-2km),False,False,True
144,2001,1298.5487668625499,Causeway Bay,22.279392,114.182926,0,False,Moderate (1-2km),False,False,True
122,2001,480.0953690971601,Sheung Wan,22.285899,114.153707,0,False,Very Close (<500m),True,True,True
121,2001,98.24793138092403,Central,22.281938,114.158077,0,False,Very Close (<500m),True,True,True
122,2001,308.7937423908025,Central,22.281938,114.158077,0,False,Very Close (<500m),True,True,True
123,2001,132.89884683360896,Central,22.281938,114.158077,0,False,Very Close (<500m),True,True,True
135,2001,234.69545113145406,Exhibition Centre,22.281613,114.17569,0,False,Very Close (<500m),True,True,True
142,2001,785.9448066633054,Sai Ying Pun,22.2856,114.1427,0,False,Close (500-1000m),False,True,True
121,2001,282.42563423318893,Central,22.281938,114.158077,0,False,Very Close (<500m),True,True,True
122,2001,555.5415450671481,Sheung Wan,22.285899,114.153707,0,False,Close (500-1000m),False,True,True
133,2001,223.83108830927884,Causeway Bay,22.279392,114.182926,0,False,Very Close (<500m),True,True,True
161,2001,313.73640615168114,Shau Kei Wan,22.2789,114.2289,0,False,Very Close (<500m),True,True,True
141,2001,524.5365195186994,HKU,22.2841,114.1356,0,False,Close (500-1000m),True,True,True
146,2001,200.6791100636065,Causeway Bay,22.279392,114.182926,0,False,Very Close (<500m),True,True,True
146,2001,159.48565001142657,Causeway Bay,22.279392,114.182926,0,False,Very Close (<500m),True,True,True
161,2001,118.34876870739204,Sai Wan Ho,22.2816,114.2224,0,False,Very Close (<500m),True,True,True
123,2001,245.1955360637922,Central,22.281938,114.158077,0,False,Very Close (<500m),True,True,True
161,2001,229.86478563969627,Sai Wan Ho,22.2816,114.2224,0,False,Very Close (<500m),True,True,True
142,2001,574.2240380673697,Central,22.281938,114.158077,0,False,Close (500-1000m),True,True,True
123,2001,212.44882572662556,Central,22.281938,114.158077,0,False,Very Close (<500m),True,True,True
122,2001,472.16792231938473,Central,22.281938,114.158077,0,False,Very Close (<500m),True,True,True
123,2001,179.68354415620578,Central,22.281938,114.158077,0,False,Very Close (<500m),True,True,True
141,2001,625.3736727762829,Sai Ying Pun,22.2856,114.1427,0,False,Close (500-1000m),False,True,True
133,2001,173.34405218057094,Causeway Bay,22.279392,114.182926,0,False,Very Close (<500m),True,True,True
146,2001,369.8409692910232,Causeway Bay,22.279392,114.182926,0,False,Very Close (<500m),True,True,True
161,2001,173.5200446633736,Sai Wan Ho,22.2816,114.2224,0,False,Very Close (<500m),True,True,True
131,2001,706.182207334517,Exhibition Centre,22.281613,114.17569,0,False,Close (500-1000m),False,True,True
141,2001,535.8249747692727,Sai Ying Pun,22.2856,114.1427,0,False,Close (500-1000m),True,True,True
122,2001,521.6534329140909,Sheung Wan,22.285899,114.153707,0,False,Close (500-1000m),True,True,True
161,2001,85.95544011911699,Sai Wan Ho,22.2816,114.2224,0,False,Very Close (<500m),True,True,True
123,2001,136.19898387337682,Central,22.281938,114.158077,0,False,Very Close (<500m),True,True,True
122,2001,370.7589393039511,Central,22.281938,114.158077,0,False,Very Close (<500m),True,True,True
145,2001,601.9791209256757,Tin Hau,22.2827,114.1917,0,False,Close (500-1000m),False,True,True
142,2001,708.7993501160437,Central,22.281938,114.158077,0,False,Close (500-1000m),False,True,True
161,2001,150.29469262855253,Sai Wan Ho,22.2816,114.2224,0,False,Very Close (<500m),True,True,True
161,2001,138.00813902143818,Sai Wan Ho,22.2816,114.2224,0,False,Very Close (<500m),True,True,True
111,2001,177.2519076673008,Kennedy Town,22.2812,114.1285,0,False,Very Close (<500m),True,True,True
145,2001,335.0668159177292,Tin Hau,22.2827,114.1917,0,False,Very Close (<500m),True,True,True
161,2001,60.31573053568422,Sai Wan Ho,22.2816,114.2224,0,False,Very Close (<500m),True,True,True
124,2001,425.8659082035096,Admiralty,22.278399,114.16433,0,False,Very Close (<500m),True,True,True
141,2001,379.77303418717923,Kennedy Town,22.2812,114.1285,0,False,Very Close (<500m),True,True,True
161,2001,311.14331632493213,Sai Wan Ho,22.2816,114.2224,0,False,Very Close (<500m),True,True,True
131,2001,513.3505254939224,Admiralty,22.278399,114.16433,0,False,Close (500-1000m),True,True,True
131,2001,590.0647050745962,Admiralty,22.278399,114.16433,0,False,Close (500-1000m),False,True,True
161,2001,196.719457371454,Shau Kei Wan,22.2789,114.2289,0,False,Very Close (<500m),True,True,True
165,2001,383.56057940325684,Chai Wan,22.2644,114.2368,0,False,Very Close (<500m),True,True,True
171,2001,1900.9549644980261,Kennedy Town,22.2812,114.1285,0,False,Moderate (1-2km),False,False,True
144,2001,1838.8669433060795,Causeway Bay,22.279392,114.182926,0,False,Moderate (1-2km),False,False,True
144,2001,1822.2719648862867,Causeway Bay,22.279392,114.182926,0,False,Moderate (1-2km),False,False,True
123,2001,235.772364245211,Central,22.281938,114.158077,0,False,Very Close (<500m),True,True,True
183,2001,1961.1464814048886,Ocean Park,22.2486,114.1743,0,False,Moderate (1-2km),False,False,True
171,2001,1997.4833004390337,Kennedy Town,22.2812,114.1285,0,False,Moderate (1-2km),False,False,True
171,2001,2134.4429804292604,Kennedy Town,22.2812,114.1285,0,False,Far (>2km),False,False,True
144,2001,1948.6481754961385,Causeway Bay,22.279392,114.182926,0,False,Moderate (1-2km),False,False,True
165,2001,216.8783342872421,Chai Wan,22.2644,114.2368,0,False,Very Close (<500m),True,True,True
122,2001,460.45282494504784,Central,22.281938,114.158077,0,False,Very Close (<500m),True,True,True
146,2001,101.3202945939383,Causeway Bay,22.279392,114.182926,0,False,Very Close (<500m),True,True,True
161,2001,260.71454024971325,Sai Wan Ho,22.2816,114.2224,0,False,Very Close (<500m),True,True,True
146,2001,26.69974539783296,Causeway Bay,22.279392,114.182926,1,True,Very Close (<500m),True,True,True
962,2001,6009.25962127037,Tung Chung,22.2893,113.9416,0,False,Far (>2km),False,False,False
190,2001,1805.737176540082,Causeway Bay,22.279392,114.182926,0,False,Moderate (1-2km),False,False,True
163,2001,174.38765046351344,Chai Wan,22.2644,114.2368,0,False,Very Close (<500m),True,True,True
183,2001,1114.5636919306244,Ocean Park,22.2486,114.1743,0,False,Moderate (1-2km),False,True,True
190,2001,1794.8508521014037,Causeway Bay,22.279392,114.182926,0,False,Moderate (1-2km),False,False,True
163,2001,293.71951832526173,Chai Wan,22.2644,114.2368,0,False,Very Close (<500m),True,True,True
184,2001,1780.818996668508,Causeway Bay,22.279392,114.182926,0,False,Moderate (1-2km),False,False,True
171,2001,1978.6862886213075,Kennedy Town,22.2812,114.1285,0,False,Moderate (1-2km),False,False,True
163,2001,18.327297760606378,Wan Chai,22.264453,114.237044,1,True,Very Close (<500m),True,True,True
163,2001,119.1579892064255,Chai Wan,22.2644,114.2368,0,False,Very Close (<500m),True,True,True
190,2001,1933.2743091497102,Causeway Bay,22.279392,114.182926,0,False,Moderate (1-2km),False,False,True
144,2001,1738.376828881147,Causeway Bay,22.279392,114.182926,0,False,Moderate (1-2km),False,False,True
962,2001,6533.430101783395,Tung Chung,22.2893,113.9416,0,False,Far (>2km),False,False,False
142,2001,720.7122301037473,Sheung Wan,22.285899,114.153707,0,False,Close (500-1000m),False,True,True
146,2001,266.99502122728944,Causeway Bay,22.279392,114.182926,0,False,Very Close (<500m),True,True,True
133,2001,130.55447989642525,Causeway Bay,22.279392,114.182926,0,False,Very Close (<500m),True,True,True
124,2001,201.35756764351976,Admiralty,22.278399,114.16433,0,False,Very Close (<500m),True,True,True
161,2001,345.02877241752714,Shau Kei Wan,22.2789,114.2289,0,False,Very Close (<500m),True,True,True
142,2001,841.764172969111,Central,22.281938,114.158077,0,False,Close (500-1000m),False,True,True
132,2001,236.0494494963631,Causeway Bay,22.279392,114.182926,0,False,Very Close (<500m),True,True,True
132,2001,93.85542304649846,Causeway Bay,22.279392,114.182926,0,False,Very Close (<500m),True,True,True
133,2001,429.1022561327186,Causeway Bay,22.279392,114.182926,0,False,Very Close (<500m),True,True,True
146,2001,515.8909950762879,Causeway Bay,22.279392,114.182926,0,False,Close (500-1000m),True,True,True
131,2001,555.818770144299,Exhibition Centre,22.281613,114.17569,0,False,Close (500-1000m),True,True,True
146,2001,505.61091059818733,Tin Hau,22.2827,114.1917,0,False,Close (500-1000m),True,True,True
132,2001,219.819661285154,Causeway Bay,22.279392,114.182926,0,False,Very Close (<500m),True,True,True
133,2001,335.92966566431085,Exhibition Centre,22.281613,114.17569,0,False,Very Close (<500m),True,True,True
166,2001,410.1767525399918,Sai Wan Ho,22.2816,114.2224,0,False,Very Close (<500m),True,True,True
131,2001,450.549750274673,Exhibition Centre,22.281613,114.17569,0,False,Very Close (<500m),True,True,True
161,2001,293.55906957025917,Shau Kei Wan,22.2789,114.2289,0,False,Very Close (<500m),True,True,True
145,2001,409.38975521164457,Tin Hau,22.2827,114.1917,0,False,Very Close (<500m),True,True,True
146,2001,283.31872056320384,Causeway Bay,22.279392,114.182926,0,False,Very Close (<500m),True,True,True
145,2001,402.7626813013988,Tin Hau,22.2827,114.1917,0,False,Very Close (<500m),True,True,True
142,2001,520.1833104752242,Central,22.281938,114.158077,0,False,Close (500-1000m),True,True,True
961,2001,6294.009415594831,Tung Chung,22.2893,113.9416,0,False,Far (>2km),False,False,False
144,2001,1936.961657720827,Causeway Bay,22.279392,114.182926,0,False,Moderate (1-2km),False,False,True
171,2001,2201.1802995635044,Kennedy Town,22.2812,114.1285,0,False,Far (>2km),False,False,False
148,2001,387.2103646759462,Tin Hau,22.2827,114.1917,0,False,Very Close (<500m),True,True,True
124,2001,346.90420840962463,Admiralty,22.278399,114.16433,0,False,Very Close (<500m),True,True,True
132,2001,31.032434343681896,Causeway Bay,22.279392,114.182926,0,False,Very Close (<500m),True,True,True
133,2001,277.603638905475,Exhibition Centre,22.281613,114.17569,0,False,Very Close (<500m),True,True,True
171,2001,2420.782467036975,Kennedy Town,22.2812,114.1285,0,False,Far (>2km),False,False,False
144,2001,1948.3912130851897,Causeway Bay,22.279392,114.182926,0,False,Moderate (1-2km),False,False,True
165,2001,688.787219249803,Chai Wan,22.2644,114.2368,0,False,Close (500-1000m),True,True,True
144,2001,2012.6230088484317,Causeway Bay,22.279392,114.182926,0,False,Far (>2km),False,False,True
144,2001,2078.7439181399955,Causeway Bay,22.279392,114.182926,0,False,Far (>2km),False,False,False
165,2001,427.50576889070567,Chai Wan,22.2644,114.2368,0,False,Very Close (<500m),True,True,True
161,2001,341.99440453972807,Shau Kei Wan,22.2789,114.2289,0,False,Very Close (<500m),True,True,True
122,2001,460.3090075002234,Sheung Wan,22.285899,114.153707,0,False,Very Close (<500m),True,True,True
820,2001,3501.6404237883226,Choi Hung,22.334161,114.210289,0,False,Far (>2km),False,False,False
320,2001,907.511424945817,Kwai Fong,22.3569,114.1279,0,False,Close (500-1000m),True,True,True
289,2001,1586.9096052644245,Choi Hung,22.334161,114.210289,0,False,Moderate (1-2km),False,True,True
350,2001,519.7426704810426,Tsing Yi,22.360206,114.107587,0,False,Close (500-1000m),True,True,True
832,2001,4220.430570244434,LOHAS Park,22.2957,114.2689,0,False,Far (>2km),False,False,False
832,2001,5015.620209401636,LOHAS Park,22.2957,114.2689,0,False,Far (>2km),False,False,False
832,2001,5057.538221892876,LOHAS Park,22.2957,114.2689,0,False,Far (>2km),False,False,False
832,2001,4511.065623444126,LOHAS Park,22.2957,114.2689,0,False,Far (>2km),False,False,False
197,2001,3004.5752541763036,Wan Chai,22.264453,114.237044,0,False,Far (>2km),False,False,False
920,2001,12720.343773967174,Disneyland Resort,22.3155,114.0451,0,False,Far (>2km),False,False,False
920,2001,12628.22539234687,Disneyland Resort,22.3155,114.0451,0,False,Far (>2km),False,False,False
920,2001,12692.950583880533,Disneyland Resort,22.3155,114.0451,0,False,Far (>2km),False,False,False
920,2001,13050.117226590395,Disneyland Resort,22.3155,114.0451,0,False,Far (>2km),False,False,False
933,2001,11484.801616363246,Tung Chung,22.2893,113.9416,0,False,Far (>2km),False,False,False
920,2001,12786.87753928499,Tung Chung,22.2893,113.9416,0,False,Far (>2km),False,False,False
911,2001,5762.739028067002,Hong Kong station,22.234767,114.170817,0,False,Far (>2km),False,False,False
834,2001,5111.301273065369,Wan Chai,22.264453,114.237044,0,False,Far (>2km),False,False,False
174,2001,433.34113571156837,Lei Tung,22.2421,114.1562,0,False,Very Close (<500m),True,True,True
931,2001,7592.04832037862,Tung Chung,22.2893,113.9416,0,False,Far (>2km),False,False,False
174,2001,416.46735536118643,Lei Tung,22.2421,114.1562,0,False,Very Close (<500m),True,True,True
834,2001,6100.586256071444,Wan Chai,22.264453,114.237044,0,False,Far (>2km),False,False,False
912,2001,3260.283665002222,South Horizons,22.2425,114.1491,0,False,Far (>2km),False,False,False
174,2001,634.5893148363907,South Horizons,22.2425,114.1491,0,False,Close (500-1000m),False,True,True
813,2001,11737.865801253665,Hang Hau,22.3156,114.2644,0,False,Far (>2km),False,False,False
813,2001,7702.852010784935,Hang Hau,22.3156,114.2644,0,False,Far (>2km),False,False,False
814,2001,10903.848690509269,Hang Hau,22.3156,114.2644,0,False,Far (>2km),False,False,False
814,2001,11129.864138479485,Hang Hau,22.3156,114.2644,0,False,Far (>2km),False,False,False
814,2001,11087.193820700504,Hang Hau,22.3156,114.2644,0,False,Far (>2km),False,False,False
261,2001,783.6505766282418,Lai Chi Kok,22.3373,114.1482,0,False,Close (500-1000m),False,True,True
261,2001,755.1185423195624,Lai Chi Kok,22.3373,114.1482,0,False,Close (500-1000m),True,True,True
832,2001,4454.014280977946,LOHAS Park,22.2957,114.2689,0,False,Far (>2km),False,False,False
290,2001,532.9793306199479,Lam Tin,22.305367,114.234261,0,False,Close (500-1000m),True,True,True
290,2001,760.0925182484503,Lam Tin,22.305367,114.234261,0,False,Close (500-1000m),False,True,True
832,2001,5308.7934096815225,LOHAS Park,22.2957,114.2689,0,False,Far (>2km),False,False,False
211,2001,409.0694644627572,Tsim Sha Tsui,22.2973,114.1722,0,False,Very Close (<500m),True,True,True
961,2001,3269.9151738247588,Tung Chung,22.2893,113.9416,0,False,Far (>2km),False,False,False
839,2001,177.69096779194186,LOHAS Park,22.2957,114.2689,1,True,Very Close (<500m),True,True,True
214,2001,156.47066893338095,Tsim Sha Tsui,22.2973,114.1722,0,False,Very Close (<500m),True,True,True
211,2001,33.14347319396903,Tsim Sha Tsui,22.2973,114.1722,0,False,Very Close (<500m),True,True,True
211,2001,89.33492514980283,Tsim Sha Tsui,22.2973,114.1722,0,False,Very Close (<500m),True,True,True
214,2001,38.571099800242706,Tsim Sha Tsui,22.2973,114.1722,1,True,Very Close (<500m),True,True,True
214,2001,101.02659446291764,Tsim Sha Tsui,22.2973,114.1722,0,False,Very Close (<500m),True,True,True
950,2001,577.0786415564772,Tung Chung,22.2893,113.9416,1,True,Close (500-1000m),True,True,True
832,2001,3115.7846092326677,LOHAS Park,22.2957,114.2689,0,False,Far (>2km),False,False,False
214,2001,198.78031025827664,East Tsim Sha Tsui,22.295195,114.174446,0,False,Very Close (<500m),True,True,True
214,2001,200.7538503036409,Tsim Sha Tsui,22.2973,114.1722,0,False,Very Close (<500m),True,True,True
214,2001,130.22836205144097,Tsim Sha Tsui,22.2973,114.1722,0,False,Very Close (<500m),True,True,True
214,2001,169.40221022308629,East Tsim Sha Tsui,22.295195,114.174446,0,False,Very Close (<500m),True,True,True
214,2001,101.32816053589292,East Tsim Sha Tsui,22.295195,114.174446,0,False,Very Close (<500m),True,True,True
161,2001,378.0269221523849,Sai Wan Ho,22.2816,114.2224,0,False,Very Close (<500m),True,True,True
976,2001,3637.011511181775,Disneyland Resort,22.3155,114.0451,0,False,Far (>2km),False,False,False
161,2001,138.4024271176278,Sai Wan Ho,22.2816,114.2224,0,False,Very Close (<500m),True,True,True
111,2001,201.86481388864985,Kennedy Town,22.2812,114.1285,0,False,Very Close (<500m),True,True,True
950,2001,1544.8888421056618,Tung Chung,22.2893,113.9416,0,False,Moderate (1-2km),False,False,True
961,2001,5744.713848520734,Disneyland Resort,22.3155,114.0451,0,False,Far (>2km),False,False,False
190,2001,1923.379411037583,Tin Hau,22.2827,114.1917,0,False,Moderate (1-2km),False,False,True
950,2001,1639.2252477875893,Tung Chung,22.2893,113.9416,0,False,Moderate (1-2km),False,False,True
175,2001,361.7695382853042,Ocean Park,22.2486,114.1743,0,False,Very Close (<500m),True,True,True
175,2001,160.38838108785407,Wong Chuk Hang,22.248,114.1681,1,True,Very Close (<500m),True,True,True
944,2001,8636.375903743618,Tung Chung,22.2893,113.9416,0,False,Far (>2km),False,False,False
172,2001,1612.8449501692166,South Horizons,22.2425,114.1491,0,False,Moderate (1-2km),False,False,True
196,2001,4224.251703002374,Chai Wan,22.2644,114.2368,0,False,Far (>2km),False,False,False
931,2001,10092.347461557716,Tung Chung,22.2893,113.9416,0,False,Far (>2km),False,False,False
941,2001,8716.712984683802,Tung Chung,22.2893,113.9416,0,False,Far (>2km),False,False,False
931,2001,8413.401449838339,Tung Chung,22.2893,113.9416,0,False,Far (>2km),False,False,False
932,2001,8445.050922587028,Tung Chung,22.2893,113.9416,0,False,Far (>2km),False,False,False
912,2001,3378.670226141932,South Horizons,22.2425,114.1491,0,False,Far (>2km),False,False,False
197,2001,4762.639447139481,Wan Chai,22.264453,114.237044,0,False,Far (>2km),False,False,False
912,2001,2476.3410000494705,South Horizons,22.2425,114.1491,0,False,Far (>2km),False,False,False
913,2001,8911.407906864248,Chai Wan,22.2644,114.2368,0,False,Far (>2km),False,False,False
913,2001,11179.816923746506,Wan Chai,22.264453,114.237044,0,False,Far (>2km),False,False,False
913,2001,11373.929788346522,Wan Chai,22.264453,114.237044,0,False,Far (>2km),False,False,False
913,2001,11267.10401479479,Wan Chai,22.264453,114.237044,0,False,Far (>2km),False,False,False
913,2001,10912.96336874768,Wan Chai,22.264453,114.237044,0,False,Far (>2km),False,False,False
173,2001,688.7731523250311,Lei Tung,22.2421,114.1562,0,False,Close (500-1000m),False,True,True
173,2001,626.7368609904722,Lei Tung,22.2421,114.1562,0,False,Close (500-1000m),False,True,True
173,2001,591.8930112842704,Lei Tung,22.2421,114.1562,0,False,Close (500-1000m),False,True,True
175,2001,353.72967565168176,Wong Chuk Hang,22.248,114.1681,0,False,Very Close (<500m),True,True,True
173,2001,618.0911696241536,Lei Tung,22.2421,114.1562,0,False,Close (500-1000m),False,True,True
813,2001,11083.191373789432,Hang Hau,22.3156,114.2644,0,False,Far (>2km),False,False,False
813,2001,11036.527544692766,Hang Hau,22.3156,114.2644,0,False,Far (>2km),False,False,False
813,2001,9455.655835820753,Hang Hau,22.3156,114.2644,0,False,Far (>2km),False,False,False
814,2001,10180.042327434536,Hang Hau,22.3156,114.2644,0,False,Far (>2km),False,False,False
814,2001,8286.260960919633,LOHAS Park,22.2957,114.2689,0,False,Far (>2km),False,False,False
834,2001,10926.372282801874,LOHAS Park,22.2957,114.2689,0,False,Far (>2km),False,False,False
834,2001,10752.455748007991,LOHAS Park,22.2957,114.2689,0,False,Far (>2km),False,False,False
176,2001,592.6682001454391,Ocean Park,22.2486,114.1743,0,False,Close (500-1000m),True,True,True
813,2001,11045.21473292766,Hang Hau,22.3156,114.2644,0,False,Far (>2km),False,False,False
813,2001,10421.066962552146,Hang Hau,22.3156,114.2644,0,False,Far (>2km),False,False,False
172,2001,2370.5898863522975,Kennedy Town,22.2812,114.1285,0,False,Far (>2km),False,False,True
165,2001,588.4628174110026,Wan Chai,22.264453,114.237044,0,False,Close (500-1000m),True,True,True
834,2001,3662.3245692067226,LOHAS Park,22.2957,114.2689,0,False,Far (>2km),False,False,False
961,2001,7186.106866509748,Tung Chung,22.2893,113.9416,0,False,Far (>2km),False,False,False
182,2001,2116.1489311572045,South Horizons,22.2425,114.1491,0,False,Far (>2km),False,False,True
157,2001,254.48938168655053,Sai Wan Ho,22.2816,114.2224,0,False,Very Close (<500m),True,True,True
111,2001,299.2368118420972,Kennedy Town,22.2812,114.1285,0,False,Very Close (<500m),True,True,True
111,2001,277.7486589099687,Kennedy Town,22.2812,114.1285,0,False,Very Close (<500m),True,True,True
111,2001,396.0141560622299,Kennedy Town,22.2812,114.1285,0,False,Very Close (<500m),True,True,True
350,2001,2270.00161435283,Lai King,22.3484,114.1261,0,False,Far (>2km),False,False,True
261,2001,548.1063377906733,Lai Chi Kok,22.3373,114.1482,0,False,Close (500-1000m),True,True,True
832,2001,2020.8827373194204,LOHAS Park,22.2957,114.2689,0,False,Far (>2km),False,False,True
111,2001,328.3416916515343,Kennedy Town,22.2812,114.1285,0,False,Very Close (<500m),True,True,True
161,2001,222.35320988516042,Sai Wan Ho,22.2816,114.2224,0,False,Very Close (<500m),True,True,True
111,2001,1038.8536190318537,Kennedy Town,22.2812,114.1285,0,False,Moderate (1-2km),False,True,True
147,2001,375.4713431855624,Causeway Bay,22.279392,114.182926,0,False,Very Close (<500m),True,True,True
157,2001,247.21174589424004,Sai Wan Ho,22.2816,114.2224,0,False,Very Close (<500m),True,True,True
111,2001,284.9049728311709,Kennedy Town,22.2812,114.1285,0,False,Very Close (<500m),True,True,True
146,2001,452.22246596739126,Causeway Bay,22.279392,114.182926,0,False,Very Close (<500m),True,True,True
111,2001,328.76711842589737,Kennedy Town,22.2812,114.1285,0,False,Very Close (<500m),True,True,True
976,2001,3793.3645706477337,Disneyland Resort,22.3155,114.0451,0,False,Far (>2km),False,False,False
976,2001,3558.6992307168384,Disneyland Resort,22.3155,114.0451,0,False,Far (>2km),False,False,False
111,2001,247.16837050628808,Kennedy Town,22.2812,114.1285,0,False,Very Close (<500m),True,True,True
976,2001,3680.817721800032,Disneyland Resort,22.3155,114.0451,0,False,Far (>2km),False,False,False
111,2001,228.8043275052304,Kennedy Town,22.2812,114.1285,0,False,Very Close (<500m),True,True,True
111,2001,330.3249021540277,Kennedy Town,22.2812,114.1285,0,False,Very Close (<500m),True,True,True
111,2001,209.39392432103804,Kennedy Town,22.2812,114.1285,0,False,Very Close (<500m),True,True,True
111,2001,354.7305103416203,Kennedy Town,22.2812,114.1285,0,False,Very Close (<500m),True,True,True
820,2001,4275.631538742641,Po Lam,22.3224,114.258,0,False,Far (>2km),False,False,False
350,2001,3036.2340966888114,Lai King,22.3484,114.1261,0,False,Far (>2km),False,False,False
973,2001,1864.437491890261,Disneyland Resort,22.3155,114.0451,1,True,Moderate (1-2km),True,True,True
973,2001,839.648836800118,Disneyland Resort,22.3155,114.0451,0,False,Close (500-1000m),True,True,True
961,2001,4333.878941778439,Sunny Bay,22.33285,114.028222,0,False,Far (>2km),False,False,True
951,2001,3812.191419171486,AsiaWorld–Expo,22.321988,113.942221,0,False,Far (>2km),False,False,False
813,2001,5856.712854192663,Hang Hau,22.3156,114.2644,0,False,Far (>2km),False,False,False
814,2001,10747.826633061268,Hang Hau,22.3156,114.2644,0,False,Far (>2km),False,False,False
951,2001,2813.802588277273,AsiaWorld–Expo,22.321988,113.942221,1,True,Far (>2km),True,True,True
247,2001,1383.7421243955964,Ngau Tau Kok,22.3154,114.2193,0,False,Moderate (1-2km),True,True,True
000,2001,666.0974259143499,Quarry Bay,22.2878,114.2096,0,False,Close (500-1000m),False,True,True
154,2001,535.2077256210181,Quarry Bay,22.2878,114.2096,0,False,Close (500-1000m),True,True,True
943,2001,3219.318763658319,Tung Chung,22.2893,113.9416,0,False,Far (>2km),False,False,False
154,2001,556.3023779943835,North Point,22.2909,114.2007,0,False,Close (500-1000m),True,True,True
154,2001,474.3089512050558,Quarry Bay,22.2878,114.2096,0,False,Very Close (<500m),True,True,True
920,2001,12287.84951882378,Disneyland Resort,22.3155,114.0451,0,False,Far (>2km),False,False,False
942,2001,13579.024238878686,Tung Chung,22.2893,113.9416,0,False,Far (>2km),False,False,False
195,2001,4343.402144102328,Hong Kong station,22.234767,114.170817,0,False,Far (>2km),False,False,False
931,2001,9411.62527436379,Tung Chung,22.2893,113.9416,0,False,Far (>2km),False,False,False
912,2001,4583.109447487411,South Horizons,22.2425,114.1491,0,False,Far (>2km),False,False,False
195,2001,4675.333722154359,Hong Kong station,22.234767,114.170817,0,False,Far (>2km),False,False,False
912,2001,3961.1085259122037,South Horizons,22.2425,114.1491,0,False,Far (>2km),False,False,False
941,2001,8511.404990330953,Tung Chung,22.2893,113.9416,0,False,Far (>2km),False,False,False
912,2001,3881.275610159141,South Horizons,22.2425,114.1491,0,False,Far (>2km),False,False,False
175,2001,394.87866939353853,Wong Chuk Hang,22.248,114.1681,0,False,Very Close (<500m),True,True,True
920,2001,12342.927226794698,South Horizons,22.2425,114.1491,0,False,Far (>2km),False,False,False
911,2001,6252.079172132654,South Horizons,22.2425,114.1491,0,False,Far (>2km),False,False,False
197,2001,6958.63405955506,Wan Chai,22.264453,114.237044,0,False,Far (>2km),False,False,False
920,2001,12365.234863626982,Disneyland Resort,22.3155,114.0451,0,False,Far (>2km),False,False,False
198,2001,6144.40780804726,Hong Kong station,22.234767,114.170817,0,False,Far (>2km),False,False,False
920,2001,12643.52391204277,Disneyland Resort,22.3155,114.0451,0,False,Far (>2km),False,False,False
832,2001,5192.685132444762,LOHAS Park,22.2957,114.2689,0,False,Far (>2km),False,False,False
832,2001,5114.744378628186,LOHAS Park,22.2957,114.2689,0,False,Far (>2km),False,False,False
834,2001,8877.218020146503,LOHAS Park,22.2957,114.2689,0,False,Far (>2km),False,False,False
834,2001,9412.2040723954,LOHAS Park,22.2957,114.2689,0,False,Far (>2km),False,False,False
834,2001,9357.997176679213,LOHAS Park,22.2957,114.2689,0,False,Far (>2km),False,False,False
174,2001,273.3259468859654,South Horizons,22.2425,114.1491,0,False,Very Close (<500m),True,True,True
290,2001,626.8239519948274,Lam Tin,22.305367,114.234261,0,False,Close (500-1000m),True,True,True
838,2001,601.7901529816481,Tseung Kwan O,22.308658,114.260241,0,False,Close (500-1000m),True,True,True
832,2001,1569.8089927698304,LOHAS Park,22.2957,114.2689,0,False,Moderate (1-2km),False,False,True
971,2001,3372.8054916411365,Disneyland Resort,22.3155,114.0451,0,False,Far (>2km),False,False,False
213,2001,515.877590757991,Hung Hom,22.3029,114.1816,0,False,Close (500-1000m),True,True,True
167,2001,1568.1534998296017,Wan Chai,22.264453,114.237044,0,False,Moderate (1-2km),False,False,True
182,2001,2252.36329425175,South Horizons,22.2425,114.1491,0,False,Far (>2km),False,False,False
197,2001,3469.3808525108284,Wan Chai,22.264453,114.237044,0,False,Far (>2km),False,False,False
192,2001,3025.091171249648,Ocean Park,22.2486,114.1743,0,False,Far (>2km),False,False,False
191,2001,1871.9832401680017,Hong Kong station,22.234767,114.170817,0,False,Moderate (1-2km),False,False,True
931,2001,8682.20346980941,Tung Chung,22.2893,113.9416,0,False,Far (>2km),False,False,False
931,2001,5936.493650776596,Tung Chung,22.2893,113.9416,0,False,Far (>2km),False,False,False
196,2001,4152.998675430541,Chai Wan,22.2644,114.2368,0,False,Far (>2km),False,False,False
192,2001,2442.569224172638,Ocean Park,22.2486,114.1743,0,False,Far (>2km),False,False,False
245,2001,314.8803178922845,Whampoa,22.305852,114.188799,0,False,Very Close (<500m),True,True,True
111,2001,341.8802178728659,Kennedy Town,22.2812,114.1285,0,False,Very Close (<500m),True,True,True
832,2001,2797.7616280556203,LOHAS Park,22.2957,114.2689,0,False,Far (>2km),False,False,True
111,2001,450.66558989447515,Kennedy Town,22.2812,114.1285,0,False,Very Close (<500m),True,True,True
971,2001,4826.136845337631,Disneyland Resort,22.3155,114.0451,0,False,Far (>2km),False,False,False
121,2001,149.32823775193452,Railway stations in Hong Kong,22.284721,114.157986,0,False,Very Close (<500m),True,True,True
111,2001,362.6114720230114,Kennedy Town,22.2812,114.1285,0,False,Very Close (<500m),True,True,True
351,2001,706.2233008314404,Tsing Yi,22.360206,114.107587,0,False,Close (500-1000m),False,True,True
351,2001,967.703073877636,Tsing Yi,22.360206,114.107587,0,False,Close (500-1000m),False,True,True
823,2001,3896.3744147891393,Po Lam,22.3224,114.258,0,False,Far (>2km),False,False,False
821,2001,4394.197180131121,Po Lam,22.3224,114.258,0,False,Far (>2km),False,False,False
821,2001,4259.314248868163,Po Lam,22.3224,114.258,0,False,Far (>2km),False,False,False
821,2001,4192.123402669605,Po Lam,22.3224,114.258,0,False,Far (>2km),False,False,False
759,2001,480.93767831811084,Hin Keng,22.364,114.1708,0,False,Very Close (<500m),True,True,True
351,2001,1611.9267265198096,Tsing Yi,22.360206,114.107587,0,False,Moderate (1-2km),False,False,True
761,2001,2035.320198034708,Wong Tai Sin,22.341839,114.192124,0,False,Far (>2km),False,False,True
336,2001,2965.5182070548476,Sunny Bay,22.33285,114.028222,0,False,Far (>2km),False,False,False
351,2001,2080.941776164809,Tsing Yi,22.360206,114.107587,0,False,Far (>2km),False,False,True
350,2001,2594.532927208316,Lai King,22.3484,114.1261,0,False,Far (>2km),False,False,False
288,2001,338.2926272442154,Choi Hung,22.334161,114.210289,0,False,Very Close (<500m),True,True,True
350,2001,282.3699936628111,Tsing Yi,22.360206,114.107587,0,False,Very Close (<500m),True,True,True
837,2001,731.4593505353009,Hang Hau,22.3156,114.2644,0,False,Close (500-1000m),False,True,True
831,2001,3920.060568637009,Hang Hau,22.3156,114.2644,0,False,Far (>2km),False,False,False
834,2001,9330.841212012256,LOHAS Park,22.2957,114.2689,0,False,Far (>2km),False,False,False
834,2001,9413.558664070208,LOHAS Park,22.2957,114.2689,0,False,Far (>2km),False,False,False
834,2001,9381.747402791168,LOHAS Park,22.2957,114.2689,0,False,Far (>2km),False,False,False
834,2001,9542.506192131803,LOHAS Park,22.2957,114.2689,0,False,Far (>2km),False,False,False
834,2001,9413.411515042359,LOHAS Park,22.2957,114.2689,0,False,Far (>2km),False,False,False
834,2001,9495.783634838914,LOHAS Park,22.2957,114.2689,0,False,Far (>2km),False,False,False
834,2001,9632.228754689608,LOHAS Park,22.2957,114.2689,0,False,Far (>2km),False,False,False
934,2001,15163.892442254391,Tung Chung,22.2893,113.9416,0,False,Far (>2km),False,False,False
942,2001,7528.779595357612,Tung Chung,22.2893,113.9416,0,False,Far (>2km),False,False,False
175,2001,678.9643937487167,Wong Chuk Hang,22.248,114.1681,0,False,Close (500-1000m),False,True,True
173,2001,561.9587114230726,Lei Tung,22.2421,114.1562,0,False,Close (500-1000m),False,True,True
931,2001,6976.02091646034,Tung Chung,22.2893,113.9416,0,False,Far (>2km),False,False,False
931,2001,7262.846845217191,Tung Chung,22.2893,113.9416,0,False,Far (>2km),False,False,False
175,2001,412.83701423288835,Wong Chuk Hang,22.248,114.1681,0,False,Very Close (<500m),True,True,True
176,2001,388.01997260535205,Hong Kong station,22.234767,114.170817,1,True,Very Close (<500m),True,True,True
320,2001,636.3441329203329,Mei Foo,22.336907,114.140573,0,False,Close (500-1000m),True,True,True
813,2001,7522.880823140101,Hang Hau,22.3156,114.2644,0,False,Far (>2km),False,False,False
350,2001,2243.1094870258416,Lai King,22.3484,114.1261,0,False,Far (>2km),False,False,False
288,2001,704.5322615681372,Choi Hung,22.334161,114.210289,0,False,Close (500-1000m),False,True,True
974,2001,615.7356316102648,Sunny Bay,22.33285,114.028222,0,False,Close (500-1000m),True,True,True
288,2001,828.2474299311325,Choi Hung,22.334161,114.210289,0,False,Close (500-1000m),False,True,True
931,2001,7980.218401058414,Tung Chung,22.2893,113.9416,0,False,Far (>2km),False,False,False
192,2001,2143.378768009698,Ocean Park,22.2486,114.1743,0,False,Far (>2km),False,False,True
174,2001,444.57367073073857,South Horizons,22.2425,114.1491,0,False,Very Close (<500m),True,True,True
196,2001,3493.3069294902293,Chai Wan,22.2644,114.2368,0,False,Far (>2km),False,False,False
813,2001,10381.600557698555,Hang Hau,22.3156,114.2644,0,False,Far (>2km),False,False,False
814,2001,11690.469455449529,Hang Hau,22.3156,114.2644,0,False,Far (>2km),False,False,False
134,2001,375.7718351921763,Exhibition Centre,22.281613,114.17569,0,False,Very Close (<500m),True,True,True
943,2001,5964.073252479389,Tung Chung,22.2893,113.9416,0,False,Far (>2km),False,False,False
950,2001,1311.5508860542186,Tung Chung,22.2893,113.9416,0,False,Moderate (1-2km),False,False,True
166,2001,657.0056397189244,Sai Wan Ho,22.2816,114.2224,0,False,Close (500-1000m),True,True,True
971,2001,5224.750528609334,Disneyland Resort,22.3155,114.0451,0,False,Far (>2km),False,False,False
950,2001,1364.165880253157,Tung Chung,22.2893,113.9416,0,False,Moderate (1-2km),False,False,True
820,2001,4083.1811994099844,Po Lam,22.3224,114.258,0,False,Far (>2km),False,False,False
351,2001,1660.7045621698437,Tsing Yi,22.360206,114.107587,0,False,Moderate (1-2km),False,True,True
820,2001,4135.966164420297,Po Lam,22.3224,114.258,0,False,Far (>2km),False,False,False
820,2001,3828.956122046172,Choi Hung,22.334161,114.210289,0,False,Far (>2km),False,False,False
820,2001,4082.6330459485507,Choi Hung,22.334161,114.210289,0,False,Far (>2km),False,False,False
351,2001,2684.0255451946773,Tsing Yi,22.360206,114.107587,0,False,Far (>2km),False,False,False
350,2001,2467.9594225215446,Lai King,22.3484,114.1261,0,False,Far (>2km),False,False,False
814,2001,11349.619970832266,Hang Hau,22.3156,114.2644,0,False,Far (>2km),False,False,False
974,2001,1015.6713999676965,Sunny Bay,22.33285,114.028222,0,False,Moderate (1-2km),True,True,True
974,2001,2252.6480512586954,Sunny Bay,22.33285,114.028222,0,False,Far (>2km),False,True,True
974,2001,292.61223119807585,Sunny Bay,22.33285,114.028222,0,False,Very Close (<500m),True,True,True
350,2001,2809.011299051725,Lai King,22.3484,114.1261,0,False,Far (>2km),False,False,False
831,2001,3566.9917380869556,Hang Hau,22.3156,114.2644,0,False,Far (>2km),False,False,False
350,2001,2952.4953213783574,Lai King,22.3484,114.1261,0,False,Far (>2km),False,False,False
831,2001,1196.8474697777112,Hang Hau,22.3156,114.2644,0,False,Moderate (1-2km),False,True,True
264,2001,403.57842444004496,Nam Cheong,22.32829,114.1538,0,False,Very Close (<500m),True,True,True
290,2001,802.8417705155905,Yau Tong,22.2979,114.2371,0,False,Close (500-1000m),False,True,True
290,2001,406.74257466410046,Yau Tong,22.2979,114.2371,0,False,Very Close (<500m),True,True,True
961,2001,3472.5927572559285,Tung Chung,22.2893,113.9416,0,False,Far (>2km),False,False,True
839,2001,564.5192715113282,LOHAS Park,22.2957,114.2689,0,False,Close (500-1000m),True,True,True
116,2001,117.92247696113863,HKU,22.2841,114.1356,1,True,Very Close (<500m),True,True,True
157,2001,403.6425048575954,Sai Wan Ho,22.2816,114.2224,0,False,Very Close (<500m),True,True,True
147,2001,514.9540297715362,Causeway Bay,22.279392,114.182926,0,False,Close (500-1000m),True,True,True
111,2001,434.59847370068076,HKU,22.2841,114.1356,0,False,Very Close (<500m),True,True,True
157,2001,360.17225588968677,Sai Wan Ho,22.2816,114.2224,0,False,Very Close (<500m),True,True,True
157,2001,340.6754735991138,Sai Wan Ho,22.2816,114.2224,0,False,Very Close (<500m),True,True,True
823,2001,3380.9153004166287,Po Lam,22.3224,114.258,0,False,Far (>2km),False,False,False
351,2001,2602.3034361642267,Tsing Yi,22.360206,114.107587,0,False,Far (>2km),False,False,False
174,2001,330.1184459319423,Lei Tung,22.2421,114.1562,0,False,Very Close (<500m),True,True,True
174,2001,399.5638815953641,South Horizons,22.2425,114.1491,0,False,Very Close (<500m),True,True,True
942,2001,10587.874809469959,Tung Chung,22.2893,113.9416,0,False,Far (>2km),False,False,False
174,2001,369.6839582268729,Lei Tung,22.2421,114.1562,0,False,Very Close (<500m),True,True,True
174,2001,224.09267299085937,South Horizons,22.2425,114.1491,0,False,Very Close (<500m),True,True,True
942,2001,11475.278110824675,Tung Chung,22.2893,113.9416,0,False,Far (>2km),False,False,False
174,2001,440.2484069340413,Lei Tung,22.2421,114.1562,0,False,Very Close (<500m),True,True,True
174,2001,308.6008809654953,Lei Tung,22.2421,114.1562,0,False,Very Close (<500m),True,True,True
174,2001,262.07466276659335,Lei Tung,22.2421,114.1562,0,False,Very Close (<500m),True,True,True
174,2001,203.16556430737708,South Horizons,22.2425,114.1491,0,False,Very Close (<500m),True,True,True
174,2001,219.75000890829693,Lei Tung,22.2421,114.1562,0,False,Very Close (<500m),True,True,True
174,2001,219.89699920354383,Lei Tung,22.2421,114.1562,0,False,Very Close (<500m),True,True,True
174,2001,119.34119258156113,South Horizons,22.2425,114.1491,1,True,Very Close (<500m),True,True,True
174,2001,208.06875184150263,Lei Tung,22.2421,114.1562,0,False,Very Close (<500m),True,True,True
174,2001,331.7032190745081,Lei Tung,22.2421,114.1562,0,False,Very Close (<500m),True,True,True
174,2001,188.15521753878235,Lei Tung,22.2421,114.1562,0,False,Very Close (<500m),True,True,True
174,2001,350.3002153043795,Lei Tung,22.2421,114.1562,0,False,Very Close (<500m),True,True,True
173,2001,983.482059482386,South Horizons,22.2425,114.1491,0,False,Close (500-1000m),False,True,True
121,2001,43.19252932611348,Hong Kong,22.285,114.158,2,True,Very Close (<500m),True,True,True
116,2001,406.25965273524724,HKU,22.2841,114.1356,0,False,Very Close (<500m),True,True,True
114,2001,222.10809067409363,Sheung Wan,22.285899,114.153707,0,False,Very Close (<500m),True,True,True
151,2001,349.53721936703187,Fortress Hill,22.2881,114.1936,0,False,Very Close (<500m),True,True,True
151,2001,395.36374948485485,Fortress Hill,22.2881,114.1936,0,False,Very Close (<500m),True,True,True
111,2001,271.23679880707834,HKU,22.2841,114.1356,0,False,Very Close (<500m),True,True,True
157,2001,515.836509643727,Sai Wan Ho,22.2816,114.2224,0,False,Close (500-1000m),True,True,True
113,2001,423.0180134627632,Sheung Wan,22.285899,114.153707,0,False,Very Close (<500m),True,True,True
114,2001,91.31438361479498,Sheung Wan,22.285899,114.153707,1,True,Very Close (<500m),True,True,True
976,2001,3435.5710948274836,Disneyland Resort,22.3155,114.0451,0,False,Far (>2km),False,False,False
111,2001,482.0167015834494,Kennedy Town,22.2812,114.1285,0,False,Very Close (<500m),True,True,True
961,2001,4198.255666663152,Tung Chung,22.2893,113.9416,0,False,Far (>2km),False,False,False
350,2001,882.314025475162,Tsing Yi,22.360206,114.107587,0,False,Close (500-1000m),False,True,True
823,2001,3443.653496963317,Po Lam,22.3224,114.258,0,False,Far (>2km),False,False,False
421,2001,4287.028950711515,Tuen Mun,22.394156,113.973948,0,False,Far (>2km),False,False,False
323,2001,1710.9733106162812,Tsing Yi,22.360206,114.107587,0,False,Moderate (1-2km),False,False,True
426,2001,3707.6292647675186,Tuen Mun,22.394156,113.973948,0,False,Far (>2km),False,False,False
761,2001,1932.3962884894231,Kwai Hing,22.3632,114.1312,0,False,Moderate (1-2km),False,True,True
335,2001,4749.129478291973,Tsing Yi,22.360206,114.107587,0,False,Far (>2km),False,False,False
813,2001,8407.948313196057,Hang Hau,22.3156,114.2644,0,False,Far (>2km),False,False,False
335,2001,4905.087846596935,Sunny Bay,22.33285,114.028222,0,False,Far (>2km),False,False,False
335,2001,4179.0297840979565,Tsing Yi,22.360206,114.107587,0,False,Far (>2km),False,False,False
761,2001,2858.6389280734065,City One,22.3828,114.2035,0,False,Far (>2km),False,False,False
335,2001,4488.252676420727,Sunny Bay,22.33285,114.028222,0,False,Far (>2km),False,False,False
761,2001,2219.4748827449084,City One,22.3828,114.2035,0,False,Far (>2km),False,False,True
832,2001,4441.993843111981,LOHAS Park,22.2957,114.2689,0,False,Far (>2km),False,False,False
833,2001,365.09039897366193,Tiu Keng Leng,22.305056,114.251907,0,False,Very Close (<500m),True,True,True
833,2001,501.67857451609365,Tiu Keng Leng,22.305056,114.251907,0,False,Close (500-1000m),True,True,True
832,2001,2501.1212822735847,LOHAS Park,22.2957,114.2689,0,False,Far (>2km),False,False,False
290,2001,748.9933847520913,Lam Tin,22.305367,114.234261,0,False,Close (500-1000m),False,True,True
838,2001,575.8572213339912,Tiu Keng Leng,22.305056,114.251907,0,False,Close (500-1000m),True,True,True
838,2001,752.7010362806669,Tseung Kwan O,22.308658,114.260241,0,False,Close (500-1000m),True,True,True
245,2001,375.2697290812687,Whampoa,22.305852,114.188799,0,False,Very Close (<500m),True,True,True
961,2001,3727.347751009903,Tung Chung,22.2893,113.9416,0,False,Far (>2km),False,False,False
215,2001,562.8259893822997,Hung Hom,22.3029,114.1816,0,False,Close (500-1000m),True,True,True
167,2001,1341.2343849208444,Wan Chai,22.264453,114.237044,0,False,Moderate (1-2km),False,False,True
155,2001,454.6002192825512,Quarry Bay,22.2878,114.2096,0,False,Very Close (<500m),True,True,True
820,2001,3588.415672551345,Po Lam,22.3224,114.258,0,False,Far (>2km),False,False,False
281,2001,1212.5723376414942,Wong Tai Sin,22.341839,114.192124,0,False,Moderate (1-2km),True,True,True
350,2001,591.88330948181,Tsing Yi,22.360206,114.107587,0,False,Close (500-1000m),False,True,True
351,2001,1915.848861503828,Tsing Yi,22.360206,114.107587,0,False,Moderate (1-2km),False,False,True
813,2001,10213.022554065668,Hang Hau,22.3156,114.2644,0,False,Far (>2km),False,False,False
837,2001,197.6185231148504,Hang Hau,22.3156,114.2644,0,False,Very Close (<500m),True,True,True
421,2001,4432.649303681026,Tuen Mun,22.394156,113.973948,0,False,Far (>2km),False,False,False
759,2001,190.73698853362495,Hin Keng,22.364,114.1708,0,False,Very Close (<500m),True,True,True
829,2001,4731.397374398871,Po Lam,22.3224,114.258,0,False,Far (>2km),False,False,False
225,2001,354.4470730108209,Austin station,22.306294,114.164522,0,False,Very Close (<500m),True,True,True
290,2001,260.068018685119,Kwun Tong,22.311559,114.227765,0,False,Very Close (<500m),True,True,True
832,2001,3491.968066629273,LOHAS Park,22.2957,114.2689,0,False,Far (>2km),False,False,False
290,2001,416.939876973755,Kwun Tong,22.311559,114.227765,0,False,Very Close (<500m),True,True,True
832,2001,2922.5882643618143,LOHAS Park,22.2957,114.2689,0,False,Far (>2km),False,False,False
832,2001,2449.7428766770677,LOHAS Park,22.2957,114.2689,0,False,Far (>2km),False,False,False
295,2001,435.79373292161125,Kwun Tong,22.311559,114.227765,0,False,Very Close (<500m),True,True,True
961,2001,5192.104973649353,Tung Chung,22.2893,113.9416,0,False,Far (>2km),False,False,False
838,2001,201.4637553426683,Tseung Kwan O,22.308658,114.260241,0,False,Very Close (<500m),True,True,True
211,2001,638.5919923500167,Tsim Sha Tsui,22.2973,114.1722,0,False,Close (500-1000m),True,True,True
211,2001,241.81899655788797,Tsim Sha Tsui,22.2973,114.1722,0,False,Very Close (<500m),True,True,True
971,2001,3975.1620927301738,Disneyland Resort,22.3155,114.0451,0,False,Far (>2km),False,False,False
216,2001,414.6882862322549,Tsim Sha Tsui,22.2973,114.1722,0,False,Very Close (<500m),True,True,True
961,2001,4442.401987712911,Tung Chung,22.2893,113.9416,0,False,Far (>2km),False,False,False
154,2001,599.8649221784805,North Point,22.2909,114.2007,0,False,Close (500-1000m),True,True,True
943,2001,3933.3844456033194,Tung Chung,22.2893,113.9416,0,False,Far (>2km),False,False,False
976,2001,3710.5035800299916,Disneyland Resort,22.3155,114.0451,0,False,Far (>2km),False,False,False
976,2001,3749.8894658671,Disneyland Resort,22.3155,114.0451,0,False,Far (>2km),False,False,False
156,2001,591.1973536570338,Tai Koo,22.2846,114.2161,0,False,Close (500-1000m),True,True,True
135,2001,369.1470625264028,Exhibition Centre,22.281613,114.17569,0,False,Very Close (<500m),True,True,True
976,2001,3729.4651793642065,Disneyland Resort,22.3155,114.0451,0,False,Far (>2km),False,False,False
154,2001,442.02042314631257,Quarry Bay,22.2878,114.2096,0,False,Very Close (<500m),True,True,True
976,2001,2879.1315657461814,Disneyland Resort,22.3155,114.0451,0,False,Far (>2km),False,False,False
155,2001,301.07820682911984,Quarry Bay,22.2878,114.2096,0,False,Very Close (<500m),True,True,True
151,2001,291.3212458677007,Fortress Hill,22.2881,114.1936,0,False,Very Close (<500m),True,True,True
154,2001,541.5018352845935,Quarry Bay,22.2878,114.2096,0,False,Close (500-1000m),True,True,True
155,2001,347.67831215640734,Quarry Bay,22.2878,114.2096,0,False,Very Close (<500m),True,True,True
839,2001,1952.3277761271177,LOHAS Park,22.2957,114.2689,0,False,Moderate (1-2km),False,False,True
950,2001,1138.23818071489,Tung Chung,22.2893,113.9416,0,False,Moderate (1-2km),False,True,True
111,2001,740.4904087775367,Kennedy Town,22.2812,114.1285,0,False,Close (500-1000m),True,True,True
134,2001,579.8395750898765,Exhibition Centre,22.281613,114.17569,0,False,Close (500-1000m),True,True,True
156,2001,1019.5307228422178,Tai Koo,22.2846,114.2161,0,False,Moderate (1-2km),True,True,True
135,2001,157.12250306252008,Exhibition Centre,22.281613,114.17569,0,False,Very Close (<500m),True,True,True
134,2001,564.4191913331346,Admiralty,22.278399,114.16433,0,False,Close (500-1000m),True,True,True
961,2001,5856.246710961799,Disneyland Resort,22.3155,114.0451,0,False,Far (>2km),False,False,False
832,2001,3989.6210277096916,LOHAS Park,22.2957,114.2689,0,False,Far (>2km),False,False,False
950,2001,2657.80581938651,Tung Chung,22.2893,113.9416,0,False,Far (>2km),False,False,False
163,2001,985.5868942957654,Wan Chai,22.264453,114.237044,0,False,Close (500-1000m),False,True,True
171,2001,1844.9066710158618,Kennedy Town,22.2812,114.1285,0,False,Moderate (1-2km),False,False,True
950,2001,4115.954452645017,Tung Chung,22.2893,113.9416,0,False,Far (>2km),False,False,False
163,2001,505.67716750467696,Wan Chai,22.264453,114.237044,0,False,Close (500-1000m),True,True,True
163,2001,896.1794403314728,Wan Chai,22.264453,114.237044,0,False,Close (500-1000m),False,True,True
962,2001,6578.572422607705,Tung Chung,22.2893,113.9416,0,False,Far (>2km),False,False,False
167,2001,1208.79630083426,Wan Chai,22.264453,114.237044,0,False,Moderate (1-2km),False,False,True
172,2001,1889.4367984735097,South Horizons,22.2425,114.1491,0,False,Moderate (1-2km),False,False,True
931,2001,4774.257929870307,Tung Chung,22.2893,113.9416,0,False,Far (>2km),False,False,False
165,2001,912.6141023706764,Wan Chai,22.264453,114.237044,0,False,Close (500-1000m),False,True,True
163,2001,338.57373592643745,Wan Chai,22.264453,114.237044,0,False,Very Close (<500m),True,True,True
244,2001,441.53916606674585,Whampoa,22.305852,114.188799,0,False,Very Close (<500m),True,True,True
295,2001,565.8454745133122,Kwun Tong,22.311559,114.227765,0,False,Close (500-1000m),False,True,True
295,2001,733.5239337090273,Kwun Tong,22.311559,114.227765,0,False,Close (500-1000m),False,True,True
295,2001,657.4860357809878,Kwun Tong,22.311559,114.227765,0,False,Close (500-1000m),False,True,True
831,2001,2510.325041544436,Po Lam,22.3224,114.258,0,False,Far (>2km),False,False,False
261,2001,1076.9253820612823,Cheung Sha Wan,22.3354,114.1563,0,False,Moderate (1-2km),False,True,True
434,2001,5946.016065478401,AsiaWorld–Expo,22.321988,113.942221,0,False,Far (>2km),False,False,False
831,2001,2207.6544905638375,Po Lam,22.3224,114.258,0,False,Far (>2km),False,False,True
192,2001,2525.645743642915,Hong Kong station,22.234767,114.170817,0,False,Far (>2km),False,False,False
192,2001,2612.7839368025607,Hong Kong station,22.234767,114.170817,0,False,Far (>2km),False,False,False
912,2001,4849.851163868799,South Horizons,22.2425,114.1491,0,False,Far (>2km),False,False,False
195,2001,4565.602664745385,Hong Kong station,22.234767,114.170817,0,False,Far (>2km),False,False,False
912,2001,4199.773283685576,South Horizons,22.2425,114.1491,0,False,Far (>2km),False,False,False
920,2001,10636.782010981418,Disneyland Resort,22.3155,114.0451,0,False,Far (>2km),False,False,False
942,2001,12401.898019521086,Tung Chung,22.2893,113.9416,0,False,Far (>2km),False,False,False
741,2001,3308.515137556606,Wu Kai Sha,22.4291,114.2438,0,False,Far (>2km),False,False,False
813,2001,12666.734670875912,Hang Hau,22.3156,114.2644,0,False,Far (>2km),False,False,False
175,2001,863.1935413125104,Hong Kong station,22.234767,114.170817,0,False,Close (500-1000m),False,True,True
229,2001,517.515546324203,Olympic,22.3178,114.1602,0,False,Close (500-1000m),True,True,True
972,2001,3952.9780964520023,Sunny Bay,22.33285,114.028222,0,False,Far (>2km),False,False,False
831,2001,1881.041178393183,LOHAS Park,22.2957,114.2689,0,False,Moderate (1-2km),False,False,True
839,2001,1145.6115772527537,LOHAS Park,22.2957,114.2689,0,False,Moderate (1-2km),False,True,True
839,2001,1165.0022013985679,Hang Hau,22.3156,114.2644,0,False,Moderate (1-2km),False,True,True
151,2001,322.12486390740855,Fortress Hill,22.2881,114.1936,0,False,Very Close (<500m),True,True,True
112,2001,438.64051816984596,HKU,22.2841,114.1356,0,False,Very Close (<500m),True,True,True
151,2001,81.1657192593791,Fortress Hill,22.2881,114.1936,0,False,Very Close (<500m),True,True,True
943,2001,4734.64978353869,Tung Chung,22.2893,113.9416,0,False,Far (>2km),False,False,False
831,2001,2502.3804329651903,Po Lam,22.3224,114.258,0,False,Far (>2km),False,False,False
350,2001,1827.9795117116944,Lai King,22.3484,114.1261,0,False,Moderate (1-2km),False,False,True
157,2001,596.0316874842772,Sai Wan Ho,22.2816,114.2224,0,False,Close (500-1000m),False,True,True
116,2001,471.89547363439107,HKU,22.2841,114.1356,0,False,Very Close (<500m),True,True,True
114,2001,208.6084466923234,Sheung Wan,22.285899,114.153707,0,False,Very Close (<500m),True,True,True
116,2001,340.65578046021574,HKU,22.2841,114.1356,0,False,Very Close (<500m),True,True,True
157,2001,484.1662732199366,Sai Wan Ho,22.2816,114.2224,0,False,Very Close (<500m),True,True,True
114,2001,115.28245090643054,Sheung Wan,22.285899,114.153707,0,False,Very Close (<500m),True,True,True
976,2001,3429.5656896085334,Disneyland Resort,22.3155,114.0451,0,False,Far (>2km),False,False,False
151,2001,323.73149372150834,Fortress Hill,22.2881,114.1936,0,False,Very Close (<500m),True,True,True
324,2001,300.1680230392997,Tsuen Wan West,22.36755,114.11098,0,False,Very Close (<500m),True,True,True
324,2001,22.714063181464507,Tsuen Wan West,22.36755,114.11098,0,False,Very Close (<500m),True,True,True
324,2001,585.0971394023682,Tsuen Wan West,22.36755,114.11098,0,False,Close (500-1000m),True,True,True
324,2001,611.926392354031,Tsuen Wan West,22.36755,114.11098,0,False,Close (500-1000m),True,True,True
814,2001,10315.766070583673,LOHAS Park,22.2957,114.2689,0,False,Far (>2km),False,False,False
832,2001,4410.428968210634,LOHAS Park,22.2957,114.2689,0,False,Far (>2km),False,False,False
832,2001,4373.647757195236,LOHAS Park,22.2957,114.2689,0,False,Far (>2km),False,False,False
820,2001,2984.1124226500715,Po Lam,22.3224,114.258,0,False,Far (>2km),False,False,False
350,2001,1023.7787363972603,Tsing Yi,22.360206,114.107587,0,False,Moderate (1-2km),False,True,True
350,2001,1028.0178251018017,Tsing Yi,22.360206,114.107587,0,False,Moderate (1-2km),False,True,True
350,2001,1186.8587899371742,Tsing Yi,22.360206,114.107587,0,False,Moderate (1-2km),False,True,True
320,2001,915.1364149960957,Lai King,22.3484,114.1261,0,False,Close (500-1000m),False,True,True
823,2001,2786.2389879433194,Po Lam,22.3224,114.258,0,False,Far (>2km),False,False,False
350,2001,1223.63289608153,Tsing Yi,22.360206,114.107587,0,False,Moderate (1-2km),False,False,True
147,2001,415.7344240155592,Tin Hau,22.2827,114.1917,0,False,Very Close (<500m),True,True,True
113,2001,305.5943152181445,Sheung Wan,22.285899,114.153707,0,False,Very Close (<500m),True,True,True
114,2001,55.36163810429437,Sheung Wan,22.285899,114.153707,0,False,Very Close (<500m),True,True,True
171,2001,1284.8811468775489,Kennedy Town,22.2812,114.1285,0,False,Moderate (1-2km),False,False,True
171,2001,1441.7254295904565,Kennedy Town,22.2812,114.1285,0,False,Moderate (1-2km),False,True,True
950,2001,3153.6649159342815,Tung Chung,22.2893,113.9416,0,False,Far (>2km),False,False,True
962,2001,6339.120177160416,Disneyland Resort,22.3155,114.0451,0,False,Far (>2km),False,False,False
163,2001,783.9321687982864,Heng Fa Chuen,22.2769,114.2398,0,False,Close (500-1000m),True,True,True
123,2001,312.79686138911563,Central,22.281938,114.158077,0,False,Very Close (<500m),True,True,True
141,2001,683.3365258164872,HKU,22.2841,114.1356,0,False,Close (500-1000m),True,True,True
161,2001,487.31595019211767,Shau Kei Wan,22.2789,114.2289,0,False,Very Close (<500m),True,True,True
161,2001,252.958105683612,Sai Wan Ho,22.2816,114.2224,0,False,Very Close (<500m),True,True,True
135,2001,396.9711842909068,Causeway Bay,22.279392,114.182926,0,False,Very Close (<500m),True,True,True
652,2001,10364.69878411675,Fanling,22.490627,114.139289,0,False,Far (>2km),False,False,False
652,2001,8300.0357448142,Fanling,22.490627,114.139289,0,False,Far (>2km),False,False,False
742,2001,15321.5824656206,Wu Kai Sha,22.4291,114.2438,0,False,Far (>2km),False,False,False
174,2001,120.94522286037183,Lei Tung,22.2421,114.1562,0,False,Very Close (<500m),True,True,True
165,2001,598.0912928138997,Wan Chai,22.264453,114.237044,0,False,Close (500-1000m),True,True,True
832,2001,3577.582375026766,LOHAS Park,22.2957,114.2689,0,False,Far (>2km),False,False,False
165,2001,754.2799499497825,Chai Wan,22.2644,114.2368,0,False,Close (500-1000m),True,True,True
151,2001,170.87825279934705,Fortress Hill,22.2881,114.1936,0,False,Very Close (<500m),True,True,True
950,2001,610.9414682701738,Tung Chung,22.2893,113.9416,0,False,Close (500-1000m),True,True,True
121,2001,195.75207413370856,Hong Kong,22.285,114.158,0,False,Very Close (<500m),True,True,True
151,2001,50.79085178664818,Fortress Hill,22.2881,114.1936,0,False,Very Close (<500m),True,True,True
112,2001,455.3324727514298,HKU,22.2841,114.1356,0,False,Very Close (<500m),True,True,True
151,2001,127.72156935185052,Fortress Hill,22.2881,114.1936,0,False,Very Close (<500m),True,True,True
151,2001,251.69615264351356,Fortress Hill,22.2881,114.1936,0,False,Very Close (<500m),True,True,True
151,2001,110.0453054682357,Fortress Hill,22.2881,114.1936,0,False,Very Close (<500m),True,True,True
113,2001,470.4992403347841,Sheung Wan,22.285899,114.153707,0,False,Very Close (<500m),True,True,True
171,2001,1093.4207121710022,Kennedy Town,22.2812,114.1285,0,False,Moderate (1-2km),False,True,True
171,2001,1138.6565822763143,Kennedy Town,22.2812,114.1285,0,False,Moderate (1-2km),False,True,True
943,2001,6664.213031739913,Tung Chung,22.2893,113.9416,0,False,Far (>2km),False,False,False
171,2001,1152.0758448730828,Kennedy Town,22.2812,114.1285,0,False,Moderate (1-2km),False,False,True
171,2001,1108.6682070822458,Kennedy Town,22.2812,114.1285,0,False,Moderate (1-2km),False,True,True
295,2001,709.9680687282536,Kwun Tong,22.311559,114.227765,0,False,Close (500-1000m),False,True,True
171,2001,914.5483223983659,Kennedy Town,22.2812,114.1285,0,False,Close (500-1000m),False,True,True
111,2001,1272.3679286071585,Kennedy Town,22.2812,114.1285,0,False,Moderate (1-2km),False,False,True
961,2001,6096.803278726756,Disneyland Resort,22.3155,114.0451,0,False,Far (>2km),False,False,False
813,2001,9106.197233305262,Hang Hau,22.3156,114.2644,0,False,Far (>2km),False,False,False
820,2001,3949.857565404192,Po Lam,22.3224,114.258,0,False,Far (>2km),False,False,False
759,2001,779.4590182637429,Hin Keng,22.364,114.1708,0,False,Close (500-1000m),False,True,True
171,2001,1524.8166643064992,Kennedy Town,22.2812,114.1285,0,False,Moderate (1-2km),False,False,True
950,2001,2506.8169850391537,Tung Chung,22.2893,113.9416,0,False,Far (>2km),False,False,False
961,2001,5589.2003395913825,Disneyland Resort,22.3155,114.0451,0,False,Far (>2km),False,False,False
163,2001,1069.252743548969,Wan Chai,22.264453,114.237044,0,False,Moderate (1-2km),False,False,True
950,2001,3667.174371183883,Tung Chung,22.2893,113.9416,0,False,Far (>2km),False,False,False
943,2001,7374.592452953734,Tung Chung,22.2893,113.9416,0,False,Far (>2km),False,False,False
167,2001,1385.793927446132,Wan Chai,22.264453,114.237044,0,False,Moderate (1-2km),False,False,True
163,2001,282.4792567600569,Wan Chai,22.264453,114.237044,0,False,Very Close (<500m),True,True,True
166,2001,328.75467588774967,Sai Wan Ho,22.2816,114.2224,0,False,Very Close (<500m),True,True,True
950,2001,2543.4689833267516,Tung Chung,22.2893,113.9416,0,False,Far (>2km),False,False,True
135,2001,20.308055426282568,Exhibition Centre,22.281613,114.17569,1,True,Very Close (<500m),True,True,True
146,2001,295.9924242368279,Causeway Bay,22.279392,114.182926,0,False,Very Close (<500m),True,True,True
146,2001,279.09738908898055,Causeway Bay,22.279392,114.182926,0,False,Very Close (<500m),True,True,True
814,2001,9963.461296096168,LOHAS Park,22.2957,114.2689,0,False,Far (>2km),False,False,False
163,2001,186.67248561129406,Wan Chai,22.264453,114.237044,0,False,Very Close (<500m),True,True,True
167,2001,1517.2418729823585,Wan Chai,22.264453,114.237044,0,False,Moderate (1-2km),False,True,True
163,2001,203.31983870546003,Wan Chai,22.264453,114.237044,0,False,Very Close (<500m),True,True,True
963,2001,6052.646237786787,Disneyland Resort,22.3155,114.0451,0,False,Far (>2km),False,False,False
167,2001,1305.0639331467332,Wan Chai,22.264453,114.237044,0,False,Moderate (1-2km),False,False,True
165,2001,383.2543812698663,Wan Chai,22.264453,114.237044,0,False,Very Close (<500m),True,True,True
167,2001,1435.6666633994037,Wan Chai,22.264453,114.237044,0,False,Moderate (1-2km),False,False,True
171,2001,1918.4602598519748,Kennedy Town,22.2812,114.1285,0,False,Moderate (1-2km),False,False,True
157,2001,535.5827202967234,Tai Koo,22.2846,114.2161,0,False,Close (500-1000m),True,True,True
112,2001,590.7993551426922,HKU,22.2841,114.1356,0,False,Close (500-1000m),True,True,True
943,2001,2323.144499332822,Tung Chung,22.2893,113.9416,0,False,Far (>2km),False,False,True
151,2001,167.2262309010463,Fortress Hill,22.2881,114.1936,0,False,Very Close (<500m),True,True,True
151,2001,267.0548307771518,Fortress Hill,22.2881,114.1936,0,False,Very Close (<500m),True,True,True
961,2001,3517.5797299899,Tung Chung,22.2893,113.9416,0,False,Far (>2km),False,False,False
833,2001,251.46912937798334,Tiu Keng Leng,22.305056,114.251907,0,False,Very Close (<500m),True,True,True
295,2001,728.5394598234234,Kwun Tong,22.311559,114.227765,0,False,Close (500-1000m),False,True,True
290,2001,494.3790929219847,Lam Tin,22.305367,114.234261,0,False,Very Close (<500m),True,True,True
290,2001,230.8534064448892,Lam Tin,22.305367,114.234261,1,True,Very Close (<500m),True,True,True
114,2001,95.37533557777923,Sheung Wan,22.285899,114.153707,0,False,Very Close (<500m),True,True,True
111,2001,1302.7849366584394,Kennedy Town,22.2812,114.1285,0,False,Moderate (1-2km),False,False,True
134,2001,306.9307167246019,Exhibition Centre,22.281613,114.17569,0,False,Very Close (<500m),True,True,True
820,2001,3279.940153020169,Po Lam,22.3224,114.258,0,False,Far (>2km),False,False,False
350,2001,405.24825685724346,Tsing Yi,22.360206,114.107587,0,False,Very Close (<500m),True,True,True
351,2001,1958.6761306832639,Tsing Yi,22.360206,114.107587,0,False,Moderate (1-2km),False,False,True
820,2001,3838.9539439528226,Po Lam,22.3224,114.258,0,False,Far (>2km),False,False,False
823,2001,3304.85612913107,Po Lam,22.3224,114.258,0,False,Far (>2km),False,False,False
824,2001,1835.3562179112303,Choi Hung,22.334161,114.210289,0,False,Moderate (1-2km),False,False,True
975,2001,3944.3698688301647,Sunny Bay,22.33285,114.028222,0,False,Far (>2km),False,False,False
288,2001,1421.287219474441,Diamond Hill,22.339189,114.202382,0,False,Moderate (1-2km),True,True,True
832,2001,4407.891897426685,LOHAS Park,22.2957,114.2689,0,False,Far (>2km),False,False,False
832,2001,4361.868084938237,LOHAS Park,22.2957,114.2689,0,False,Far (>2km),False,False,False
976,2001,3154.3892323832138,Disneyland Resort,22.3155,114.0451,0,False,Far (>2km),False,False,False
121,2001,325.91628837250846,Sheung Wan,22.285899,114.153707,0,False,Very Close (<500m),True,True,True
151,2001,144.52124125932505,Fortress Hill,22.2881,114.1936,0,False,Very Close (<500m),True,True,True
113,2001,537.0210979749024,Sheung Wan,22.285899,114.153707,0,False,Close (500-1000m),True,True,True
171,2001,816.5240938878717,Kennedy Town,22.2812,114.1285,0,False,Close (500-1000m),False,True,True
111,2001,698.8794502406095,Kennedy Town,22.2812,114.1285,0,False,Close (500-1000m),False,True,True
950,2001,2644.041761264367,Tung Chung,22.2893,113.9416,0,False,Far (>2km),False,False,False
173,2001,665.3229141983526,Lei Tung,22.2421,114.1562,0,False,Close (500-1000m),False,True,True
173,2001,679.5968584271737,South Horizons,22.2425,114.1491,0,False,Close (500-1000m),False,True,True
171,2001,1223.3344431454248,Kennedy Town,22.2812,114.1285,0,False,Moderate (1-2km),False,False,True
171,2001,1123.9769057282863,Kennedy Town,22.2812,114.1285,0,False,Moderate (1-2km),False,False,True
320,2001,1182.1006392072475,Lai King,22.3484,114.1261,0,False,Moderate (1-2km),False,False,True
350,2001,798.1999494965727,Tsing Yi,22.360206,114.107587,0,False,Close (500-1000m),False,True,True
350,2001,768.2927616498034,Tsing Yi,22.360206,114.107587,0,False,Close (500-1000m),False,True,True
229,2001,248.04955211687664,Olympic,22.3178,114.1602,0,False,Very Close (<500m),True,True,True
229,2001,141.10813180738373,Olympic,22.3178,114.1602,1,True,Very Close (<500m),True,True,True
831,2001,2360.682749846859,Hang Hau,22.3156,114.2644,0,False,Far (>2km),False,False,True
831,2001,1441.9922950710366,Hang Hau,22.3156,114.2644,0,False,Moderate (1-2km),False,True,True
976,2001,3552.5404148437965,Disneyland Resort,22.3155,114.0451,0,False,Far (>2km),False,False,False
950,2001,2281.1238620296263,Tung Chung,22.2893,113.9416,0,False,Far (>2km),False,False,True
111,2001,376.2673149262509,HKU,22.2841,114.1356,0,False,Very Close (<500m),True,True,True
157,2001,226.59509578733454,Sai Wan Ho,22.2816,114.2224,0,False,Very Close (<500m),True,True,True
174,2001,366.62096648264657,Lei Tung,22.2421,114.1562,0,False,Very Close (<500m),True,True,True
942,2001,7946.478920637444,Tung Chung,22.2893,113.9416,0,False,Far (>2km),False,False,False
196,2001,2920.912908057648,Chai Wan,22.2644,114.2368,0,False,Far (>2km),False,False,False
174,2001,288.9461255566132,Lei Tung,22.2421,114.1562,0,False,Very Close (<500m),True,True,True
174,2001,267.1286812846453,Lei Tung,22.2421,114.1562,0,False,Very Close (<500m),True,True,True
174,2001,403.5527748392929,Lei Tung,22.2421,114.1562,0,False,Very Close (<500m),True,True,True
174,2001,260.5398257982435,Lei Tung,22.2421,114.1562,0,False,Very Close (<500m),True,True,True
174,2001,275.3443175426508,Lei Tung,22.2421,114.1562,0,False,Very Close (<500m),True,True,True
174,2001,286.4412073789381,Lei Tung,22.2421,114.1562,0,False,Very Close (<500m),True,True,True
174,2001,243.60978061642888,Lei Tung,22.2421,114.1562,0,False,Very Close (<500m),True,True,True
351,2001,241.4728754150214,Tsing Yi,22.360206,114.107587,0,False,Very Close (<500m),True,True,True
813,2001,9653.029700204908,Hang Hau,22.3156,114.2644,0,False,Far (>2km),False,False,False
814,2001,10476.81218747444,Hang Hau,22.3156,114.2644,0,False,Far (>2km),False,False,False
814,2001,8873.135715565875,LOHAS Park,22.2957,114.2689,0,False,Far (>2km),False,False,False
173,2001,629.8402537873169,South Horizons,22.2425,114.1491,0,False,Close (500-1000m),False,True,True
176,2001,335.036357941314,Ocean Park,22.2486,114.1743,0,False,Very Close (<500m),True,True,True
175,2001,494.18582462919267,Wong Chuk Hang,22.248,114.1681,0,False,Very Close (<500m),True,True,True
155,2001,558.4460251785466,Quarry Bay,22.2878,114.2096,0,False,Close (500-1000m),True,True,True
113,2001,323.4325121197889,Sheung Wan,22.285899,114.153707,0,False,Very Close (<500m),True,True,True
111,2001,1654.9854701008019,Kennedy Town,22.2812,114.1285,0,False,Moderate (1-2km),False,False,True
111,2001,354.9998187736085,HKU,22.2841,114.1356,0,False,Very Close (<500m),True,True,True
113,2001,472.54176274983644,Sheung Wan,22.285899,114.153707,0,False,Very Close (<500m),True,True,True
961,2001,6107.822850951275,Disneyland Resort,22.3155,114.0451,0,False,Far (>2km),False,False,False
157,2001,341.9958117183547,Sai Wan Ho,22.2816,114.2224,0,False,Very Close (<500m),True,True,True
350,2001,718.0967117416881,Tsing Yi,22.360206,114.107587,0,False,Close (500-1000m),False,True,True
336,2001,3292.804517217864,Sunny Bay,22.33285,114.028222,0,False,Far (>2km),False,False,False
754,2001,256.3678758685142,Hin Keng,22.364,114.1708,0,False,Very Close (<500m),True,True,True
759,2001,408.663885817034,Hin Keng,22.364,114.1708,0,False,Very Close (<500m),True,True,True
336,2001,4040.96649543228,Sunny Bay,22.33285,114.028222,0,False,Far (>2km),False,False,False
329,2001,938.780633559329,Tsing Yi,22.360206,114.107587,0,False,Close (500-1000m),False,True,True
329,2001,692.9715252370753,Tsing Yi,22.360206,114.107587,0,False,Close (500-1000m),True,True,True
336,2001,3578.3854986683355,Sunny Bay,22.33285,114.028222,0,False,Far (>2km),False,False,False
812,2001,14139.851606782524,Hang Hau,22.3156,114.2644,0,False,Far (>2km),False,False,False
427,2001,3500.760878607509,Sunny Bay,22.33285,114.028222,0,False,Far (>2km),False,False,False
829,2001,4450.283229232558,Po Lam,22.3224,114.258,0,False,Far (>2km),False,False,False
759,2001,312.19248445187253,Hin Keng,22.364,114.1708,0,False,Very Close (<500m),True,True,True
174,2001,51.805002048891154,Lei Tung,22.2421,114.1562,1,True,Very Close (<500m),True,True,True
174,2001,383.0807252421677,Lei Tung,22.2421,114.1562,0,False,Very Close (<500m),True,True,True
834,2001,5180.4254161951485,Wan Chai,22.264453,114.237044,0,False,Far (>2km),False,False,False
931,2001,6087.4567007043315,Tung Chung,22.2893,113.9416,0,False,Far (>2km),False,False,False
834,2001,5201.9380479031215,Wan Chai,22.264453,114.237044,0,False,Far (>2km),False,False,False
941,2001,8028.558225962836,Tung Chung,22.2893,113.9416,0,False,Far (>2km),False,False,False
742,2001,15550.137360185634,Wu Kai Sha,22.4291,114.2438,0,False,Far (>2km),False,False,False
813,2001,9820.767295291864,Hang Hau,22.3156,114.2644,0,False,Far (>2km),False,False,False
838,2001,577.2765695418501,Tseung Kwan O,22.308658,114.260241,0,False,Close (500-1000m),True,True,True
225,2001,527.7223813064508,Austin station,22.306294,114.164522,0,False,Close (500-1000m),True,True,True
839,2001,1021.5056663025008,LOHAS Park,22.2957,114.2689,0,False,Moderate (1-2km),True,True,True
295,2001,285.6760626893441,Kwun Tong,22.311559,114.227765,0,False,Very Close (<500m),True,True,True
759,2001,251.99586705970614,Hin Keng,22.364,114.1708,0,False,Very Close (<500m),True,True,True
759,2001,802.2444117168078,Hin Keng,22.364,114.1708,0,False,Close (500-1000m),True,True,True
836,2001,829.0623360952944,Po Lam,22.3224,114.258,0,False,Close (500-1000m),False,True,True
973,2001,1308.372676980948,Sunny Bay,22.33285,114.028222,0,False,Moderate (1-2km),False,True,True
814,2001,10448.343782042175,LOHAS Park,22.2957,114.2689,0,False,Far (>2km),False,False,False
839,2001,1309.720524762852,LOHAS Park,22.2957,114.2689,0,False,Moderate (1-2km),True,True,True
154,2001,443.90849519611015,Quarry Bay,22.2878,114.2096,0,False,Very Close (<500m),True,True,True
943,2001,2040.2854193861365,Tung Chung,22.2893,113.9416,0,False,Far (>2km),False,False,True
971,2001,4374.433498135296,Disneyland Resort,22.3155,114.0451,0,False,Far (>2km),False,False,False
154,2001,499.66944730471465,Quarry Bay,22.2878,114.2096,0,False,Very Close (<500m),True,True,True
950,2001,1203.9426803271892,Tung Chung,22.2893,113.9416,0,False,Moderate (1-2km),True,True,True
154,2001,331.820207950906,Quarry Bay,22.2878,114.2096,0,False,Very Close (<500m),True,True,True
154,2001,380.64113456098505,Quarry Bay,22.2878,114.2096,0,False,Very Close (<500m),True,True,True
154,2001,432.24740789636655,Quarry Bay,22.2878,114.2096,0,False,Very Close (<500m),True,True,True
961,2001,3908.816186143998,Tung Chung,22.2893,113.9416,0,False,Far (>2km),False,False,False
950,2001,1473.8036849760979,Tung Chung,22.2893,113.9416,0,False,Moderate (1-2km),False,False,True
834,2001,5161.900836268883,LOHAS Park,22.2957,114.2689,0,False,Far (>2km),False,False,False
839,2001,2814.2586140714457,LOHAS Park,22.2957,114.2689,0,False,Far (>2km),False,False,False
427,2001,3265.8325500385904,Sunny Bay,22.33285,114.028222,0,False,Far (>2km),False,False,False
427,2001,3374.5736011050612,Sunny Bay,22.33285,114.028222,0,False,Far (>2km),False,False,False
427,2001,3034.8364168083617,Sunny Bay,22.33285,114.028222,0,False,Far (>2km),False,False,False
336,2001,3785.158645689046,Sunny Bay,22.33285,114.028222,0,False,Far (>2km),False,False,False
426,2001,3582.2848796561475,Tuen Mun,22.394156,113.973948,0,False,Far (>2km),False,False,False
820,2001,4672.66466027233,Po Lam,22.3224,114.258,0,False,Far (>2km),False,False,False
422,2001,4079.1166292269963,Tuen Mun,22.394156,113.973948,0,False,Far (>2km),False,False,False
421,2001,4158.057734852201,Tuen Mun,22.394156,113.973948,0,False,Far (>2km),False,False,False
335,2001,4769.703929980279,Tsing Yi,22.360206,114.107587,0,False,Far (>2km),False,False,False
761,2001,1290.6755948300759,Hin Keng,22.364,114.1708,0,False,Moderate (1-2km),False,True,True
754,2001,918.8679824166868,Hin Keng,22.364,114.1708,0,False,Close (500-1000m),True,True,True
832,2001,4504.183861791413,LOHAS Park,22.2957,114.2689,0,False,Far (>2km),False,False,False
913,2001,11592.140416708939,Chai Wan,22.2644,114.2368,0,False,Far (>2km),False,False,False
191,2001,495.6466480082397,Ocean Park,22.2486,114.1743,0,False,Very Close (<500m),True,True,True
173,2001,802.0189141222871,South Horizons,22.2425,114.1491,0,False,Close (500-1000m),False,True,True
173,2001,787.8826044030656,South Horizons,22.2425,114.1491,0,False,Close (500-1000m),False,True,True
173,2001,798.7515544874326,South Horizons,22.2425,114.1491,0,False,Close (500-1000m),False,True,True
173,2001,758.8730447516635,South Horizons,22.2425,114.1491,0,False,Close (500-1000m),False,True,True
173,2001,779.4015610526776,South Horizons,22.2425,114.1491,0,False,Close (500-1000m),False,True,True
173,2001,847.9932542270469,South Horizons,22.2425,114.1491,0,False,Close (500-1000m),False,True,True
173,2001,707.4447958504911,South Horizons,22.2425,114.1491,0,False,Close (500-1000m),False,True,True
191,2001,805.2779605476605,Ocean Park,22.2486,114.1743,0,False,Close (500-1000m),True,True,True
932,2001,5893.968419131762,Tung Chung,22.2893,113.9416,0,False,Far (>2km),False,False,False
173,2001,680.5939766374618,Lei Tung,22.2421,114.1562,0,False,Close (500-1000m),False,True,True
920,2001,10884.82575214153,Disneyland Resort,22.3155,114.0451,0,False,Far (>2km),False,False,False
351,2001,2237.684590176552,Tsing Yi,22.360206,114.107587,0,False,Far (>2km),False,False,True
759,2001,471.13599410220553,Hin Keng,22.364,114.1708,0,False,Very Close (<500m),True,True,True
351,2001,48.58630856108788,Tsing Yi,22.360206,114.107587,1,True,Very Close (<500m),True,True,True
351,2001,1618.70340816569,Tsing Yi,22.360206,114.107587,0,False,Moderate (1-2km),False,False,True
831,2001,2289.5594642213036,LOHAS Park,22.2957,114.2689,0,False,Far (>2km),False,False,True
976,2001,3257.119609590281,Disneyland Resort,22.3155,114.0451,0,False,Far (>2km),False,False,False
934,2001,15005.41156649703,Tung Chung,22.2893,113.9416,0,False,Far (>2km),False,False,False
813,2001,10313.394567434136,Hang Hau,22.3156,114.2644,0,False,Far (>2km),False,False,False
324,2001,504.931020051757,Tsuen Wan West,22.36755,114.11098,0,False,Close (500-1000m),True,True,True
323,2001,680.4120402713326,Tsuen Wan West,22.36755,114.11098,0,False,Close (500-1000m),True,True,True
324,2001,451.1114389123755,Tsuen Wan West,22.36755,114.11098,0,False,Very Close (<500m),True,True,True
324,2001,297.51438084828516,Tsuen Wan West,22.36755,114.11098,0,False,Very Close (<500m),True,True,True
324,2001,329.56874152113693,Tsuen Wan West,22.36755,114.11098,0,False,Very Close (<500m),True,True,True
324,2001,188.05285660053158,Tsuen Wan West,22.36755,114.11098,0,False,Very Close (<500m),True,True,True
336,2001,3922.5450512468265,Sunny Bay,22.33285,114.028222,0,False,Far (>2km),False,False,False
759,2001,134.87225458136973,Hin Keng,22.364,114.1708,0,False,Very Close (<500m),True,True,True
834,2001,10935.45043088564,LOHAS Park,22.2957,114.2689,0,False,Far (>2km),False,False,False
320,2001,1877.8313104697434,Mei Foo,22.336907,114.140573,0,False,Moderate (1-2km),False,True,True
269,2001,1715.550654312117,Nam Cheong,22.32829,114.1538,0,False,Moderate (1-2km),False,True,True
269,2001,479.24812602040186,Olympic,22.3178,114.1602,0,False,Very Close (<500m),True,True,True
269,2001,453.03331686851226,Olympic,22.3178,114.1602,0,False,Very Close (<500m),True,True,True
195,2001,5269.143569296197,Hong Kong station,22.234767,114.170817,0,False,Far (>2km),False,False,False
920,2001,12042.095282188217,Disneyland Resort,22.3155,114.0451,0,False,Far (>2km),False,False,False
911,2001,4462.897849320013,South Horizons,22.2425,114.1491,0,False,Far (>2km),False,False,False
920,2001,12035.836102196034,South Horizons,22.2425,114.1491,0,False,Far (>2km),False,False,False
920,2001,12069.867984251647,Disneyland Resort,22.3155,114.0451,0,False,Far (>2km),False,False,False
911,2001,5083.704954064204,South Horizons,22.2425,114.1491,0,False,Far (>2km),False,False,False
195,2001,6178.625916192789,Hong Kong station,22.234767,114.170817,0,False,Far (>2km),False,False,False
975,2001,3457.8114426146053,Sunny Bay,22.33285,114.028222,0,False,Far (>2km),False,False,False
975,2001,3719.5549948766866,Sunny Bay,22.33285,114.028222,0,False,Far (>2km),False,False,False
975,2001,3302.0466378240653,Sunny Bay,22.33285,114.028222,0,False,Far (>2km),False,False,False
824,2001,3131.299140341892,Po Lam,22.3224,114.258,0,False,Far (>2km),False,False,False
434,2001,6389.236575566788,AsiaWorld–Expo,22.321988,113.942221,0,False,Far (>2km),False,False,False
351,2001,2601.276375688882,Tsing Yi,22.360206,114.107587,0,False,Far (>2km),False,False,False
813,2001,9929.91394669308,Hang Hau,22.3156,114.2644,0,False,Far (>2km),False,False,False
974,2001,2354.283468846447,Sunny Bay,22.33285,114.028222,0,False,Far (>2km),False,False,True
262,2001,1057.2105445985135,Cheung Sha Wan,22.3354,114.1563,0,False,Moderate (1-2km),False,True,True
151,2001,427.589670469236,Fortress Hill,22.2881,114.1936,0,False,Very Close (<500m),True,True,True
113,2001,548.6556414815523,Sheung Wan,22.285899,114.153707,0,False,Close (500-1000m),True,True,True
116,2001,541.2389095604442,HKU,22.2841,114.1356,0,False,Close (500-1000m),False,True,True
112,2001,379.3104650855106,HKU,22.2841,114.1356,0,False,Very Close (<500m),True,True,True
974,2001,2561.409866810385,Sunny Bay,22.33285,114.028222,0,False,Far (>2km),False,False,False
974,2001,591.8084426848835,Sunny Bay,22.33285,114.028222,1,True,Close (500-1000m),True,True,True
831,2001,1994.9660944840791,Po Lam,22.3224,114.258,0,False,Moderate (1-2km),False,False,True
813,2001,9481.185366161268,Hang Hau,22.3156,114.2644,0,False,Far (>2km),False,False,False
831,2001,1708.5963687253357,Po Lam,22.3224,114.258,0,False,Moderate (1-2km),False,False,True
974,2001,2700.427949736235,Sunny Bay,22.33285,114.028222,0,False,Far (>2km),False,False,False
974,2001,1905.1866938087255,Sunny Bay,22.33285,114.028222,0,False,Moderate (1-2km),False,False,True
434,2001,5730.328175524321,AsiaWorld–Expo,22.321988,113.942221,0,False,Far (>2km),False,False,False
813,2001,6399.508013535975,Hang Hau,22.3156,114.2644,0,False,Far (>2km),False,False,False
975,2001,3263.7599531562096,Disneyland Resort,22.3155,114.0451,0,False,Far (>2km),False,False,False
288,2001,446.474617016583,Choi Hung,22.334161,114.210289,0,False,Very Close (<500m),True,True,True
288,2001,632.560993214032,Choi Hung,22.334161,114.210289,0,False,Close (500-1000m),True,True,True
831,2001,1595.9973424618347,Po Lam,22.3224,114.258,0,False,Moderate (1-2km),False,False,True
814,2001,11682.46537509806,Hang Hau,22.3156,114.2644,0,False,Far (>2km),False,False,False
350,2001,2695.541670140618,Lai King,22.3484,114.1261,0,False,Far (>2km),False,False,False
974,2001,1651.6837736853936,Sunny Bay,22.33285,114.028222,0,False,Moderate (1-2km),False,False,True
974,2001,2012.4610746077121,Disneyland Resort,22.3155,114.0451,0,False,Far (>2km),False,False,True
836,2001,1013.2777775437414,Po Lam,22.3224,114.258,0,False,Moderate (1-2km),True,True,True
831,2001,1895.155581596507,Po Lam,22.3224,114.258,0,False,Moderate (1-2km),False,False,True
974,2001,1414.3213025946145,Sunny Bay,22.33285,114.028222,0,False,Moderate (1-2km),False,True,True
976,2001,3192.23521061404,Disneyland Resort,22.3155,114.0451,0,False,Far (>2km),False,False,False
116,2001,620.5516213062962,HKU,22.2841,114.1356,0,False,Close (500-1000m),False,True,True
151,2001,85.48773875337582,Fortress Hill,22.2881,114.1936,1,True,Very Close (<500m),True,True,True
157,2001,487.5252142773375,Sai Wan Ho,22.2816,114.2224,0,False,Very Close (<500m),True,True,True
113,2001,314.3921837292624,Sheung Wan,22.285899,114.153707,0,False,Very Close (<500m),True,True,True
961,2001,3806.4313774225798,Tung Chung,22.2893,113.9416,0,False,Far (>2km),False,False,False
834,2001,8856.057974980202,LOHAS Park,22.2957,114.2689,0,False,Far (>2km),False,False,False
950,2001,2612.2526962657516,Tung Chung,22.2893,113.9416,0,False,Far (>2km),False,False,False
839,2001,634.7892213175131,LOHAS Park,22.2957,114.2689,0,False,Close (500-1000m),True,True,True
245,2001,243.49518478659735,Whampoa,22.305852,114.188799,0,False,Very Close (<500m),True,True,True
247,2001,883.4141385279481,Kwun Tong,22.311559,114.227765,0,False,Close (500-1000m),False,True,True
838,2001,509.45720637580865,Tseung Kwan O,22.308658,114.260241,0,False,Close (500-1000m),True,True,True
245,2001,413.1950934654442,Whampoa,22.305852,114.188799,0,False,Very Close (<500m),True,True,True
290,2001,640.6961499856349,Lam Tin,22.305367,114.234261,0,False,Close (500-1000m),False,True,True
961,2001,4047.496221444682,Tung Chung,22.2893,113.9416,0,False,Far (>2km),False,False,False
269,2001,689.5194587175017,Nam Cheong,22.32829,114.1538,0,False,Close (500-1000m),True,True,True
832,2001,2589.090866852913,LOHAS Park,22.2957,114.2689,0,False,Far (>2km),False,False,True
211,2001,150.37982546687337,Tsim Sha Tsui,22.2973,114.1722,0,False,Very Close (<500m),True,True,True
839,2001,612.7175085055252,LOHAS Park,22.2957,114.2689,0,False,Close (500-1000m),True,True,True
211,2001,238.26854456019908,Tsim Sha Tsui,22.2973,114.1722,0,False,Very Close (<500m),True,True,True
211,2001,316.61578836252846,Tsim Sha Tsui,22.2973,114.1722,0,False,Very Close (<500m),True,True,True
950,2001,1169.2879566877307,Tung Chung,22.2893,113.9416,0,False,Moderate (1-2km),True,True,True
216,2001,109.29057549901937,East Tsim Sha Tsui,22.295195,114.174446,0,False,Very Close (<500m),True,True,True
214,2001,147.7400296373391,East Tsim Sha Tsui,22.295195,114.174446,0,False,Very Close (<500m),True,True,True
214,2001,19.6990795587981,East Tsim Sha Tsui,22.295195,114.174446,1,True,Very Close (<500m),True,True,True
831,2001,3896.7634066810097,Hang Hau,22.3156,114.2644,0,False,Far (>2km),False,False,False
831,2001,1867.8790780587765,Hang Hau,22.3156,114.2644,0,False,Moderate (1-2km),False,False,True
814,2001,10163.15941563636,LOHAS Park,22.2957,114.2689,0,False,Far (>2km),False,False,False
837,2001,831.2966581288372,Hang Hau,22.3156,114.2644,0,False,Close (500-1000m),False,True,True
837,2001,608.6351150254828,Hang Hau,22.3156,114.2644,0,False,Close (500-1000m),True,True,True
835,2001,719.597121449543,Tiu Keng Leng,22.305056,114.251907,0,False,Close (500-1000m),True,True,True
912,2001,3234.6787690851465,South Horizons,22.2425,114.1491,0,False,Far (>2km),False,False,False
193,2001,3738.272866964332,Hong Kong station,22.234767,114.170817,0,False,Far (>2km),False,False,False
838,2001,672.7774099714424,Tseung Kwan O,22.308658,114.260241,0,False,Close (500-1000m),False,True,True
290,2001,428.515904911219,Kwun Tong,22.311559,114.227765,0,False,Very Close (<500m),True,True,True
290,2001,575.2128944845825,Kwun Tong,22.311559,114.227765,0,False,Close (500-1000m),True,True,True
838,2001,378.5033732705169,Tseung Kwan O,22.308658,114.260241,0,False,Very Close (<500m),True,True,True
971,2001,4581.047779247858,Disneyland Resort,22.3155,114.0451,0,False,Far (>2km),False,False,False
838,2001,415.22646562069855,Tseung Kwan O,22.308658,114.260241,0,False,Very Close (<500m),True,True,True
833,2001,311.5352436210874,Tiu Keng Leng,22.305056,114.251907,0,False,Very Close (<500m),True,True,True
961,2001,2159.203530504468,Tung Chung,22.2893,113.9416,0,False,Far (>2km),False,False,True
245,2001,141.45435376759033,Whampoa,22.305852,114.188799,0,False,Very Close (<500m),True,True,True
245,2001,302.3623416292587,Whampoa,22.305852,114.188799,0,False,Very Close (<500m),True,True,True
114,2001,162.9804725226205,Sheung Wan,22.285899,114.153707,0,False,Very Close (<500m),True,True,True
111,2001,446.61473964326444,Kennedy Town,22.2812,114.1285,0,False,Very Close (<500m),True,True,True
171,2001,1247.3480097781037,Kennedy Town,22.2812,114.1285,0,False,Moderate (1-2km),False,False,True
834,2001,8788.570744323739,LOHAS Park,22.2957,114.2689,0,False,Far (>2km),False,False,False
944,2001,8711.872202425207,Tung Chung,22.2893,113.9416,0,False,Far (>2km),False,False,False
944,2001,8822.996493314331,Tung Chung,22.2893,113.9416,0,False,Far (>2km),False,False,False
944,2001,9191.388873093996,Tung Chung,22.2893,113.9416,0,False,Far (>2km),False,False,False
173,2001,993.0654725892724,South Horizons,22.2425,114.1491,0,False,Close (500-1000m),False,True,True
931,2001,5577.3020555214,Tung Chung,22.2893,113.9416,0,False,Far (>2km),False,False,False
172,2001,1302.1294476874052,South Horizons,22.2425,114.1491,0,False,Moderate (1-2km),False,False,True
942,2001,9317.390027184001,Tung Chung,22.2893,113.9416,0,False,Far (>2km),False,False,False
167,2001,2314.8241893436043,Wan Chai,22.264453,114.237044,0,False,Far (>2km),False,False,False
942,2001,7409.886566666118,Tung Chung,22.2893,113.9416,0,False,Far (>2km),False,False,False
197,2001,2326.2632924720447,Wan Chai,22.264453,114.237044,0,False,Far (>2km),False,False,True
173,2001,879.0669673642653,South Horizons,22.2425,114.1491,0,False,Close (500-1000m),False,True,True
192,2001,2156.1711590552604,Ocean Park,22.2486,114.1743,0,False,Far (>2km),False,False,True
173,2001,864.6521907481364,South Horizons,22.2425,114.1491,0,False,Close (500-1000m),False,True,True
193,2001,3812.3768050444246,Hong Kong station,22.234767,114.170817,0,False,Far (>2km),False,False,False
912,2001,4031.4530604225038,South Horizons,22.2425,114.1491,0,False,Far (>2km),False,False,False
911,2001,3727.2986612283535,South Horizons,22.2425,114.1491,0,False,Far (>2km),False,False,False
195,2001,4910.839896111802,Hong Kong station,22.234767,114.170817,0,False,Far (>2km),False,False,False
941,2001,9170.626376805772,Tung Chung,22.2893,113.9416,0,False,Far (>2km),False,False,False
195,2001,4065.2151560123234,Hong Kong station,22.234767,114.170817,0,False,Far (>2km),False,False,False
195,2001,5057.111672057152,Hong Kong station,22.234767,114.170817,0,False,Far (>2km),False,False,False
942,2001,13484.94170320253,Tung Chung,22.2893,113.9416,0,False,Far (>2km),False,False,False
920,2001,11710.592171915638,Disneyland Resort,22.3155,114.0451,0,False,Far (>2km),False,False,False
193,2001,2597.4175539574494,Hong Kong station,22.234767,114.170817,0,False,Far (>2km),False,False,False
195,2001,5516.168049489304,Hong Kong station,22.234767,114.170817,0,False,Far (>2km),False,False,False
920,2001,11483.03325065878,Disneyland Resort,22.3155,114.0451,0,False,Far (>2km),False,False,False
193,2001,3909.2302811419577,Hong Kong station,22.234767,114.170817,0,False,Far (>2km),False,False,False
196,2001,6182.715922775005,Chai Wan,22.2644,114.2368,0,False,Far (>2km),False,False,False
195,2001,5249.824160940523,Hong Kong station,22.234767,114.170817,0,False,Far (>2km),False,False,False
911,2001,4783.534099612176,South Horizons,22.2425,114.1491,0,False,Far (>2km),False,False,False
195,2001,5484.207113341983,Hong Kong station,22.234767,114.170817,0,False,Far (>2km),False,False,False
911,2001,3683.7406521581747,Hong Kong station,22.234767,114.170817,0,False,Far (>2km),False,False,False
911,2001,4138.771325489114,South Horizons,22.2425,114.1491,0,False,Far (>2km),False,False,False
171,2001,1247.3168680963263,Kennedy Town,22.2812,114.1285,0,False,Moderate (1-2km),False,False,True
171,2001,1326.8409581407766,Kennedy Town,22.2812,114.1285,0,False,Moderate (1-2km),False,False,True
111,2001,1223.312043268364,Kennedy Town,22.2812,114.1285,0,False,Moderate (1-2km),False,False,True
111,2001,1182.7425053209665,Kennedy Town,22.2812,114.1285,0,False,Moderate (1-2km),False,False,True
950,2001,3175.193395314346,Tung Chung,22.2893,113.9416,0,False,Far (>2km),False,False,False
111,2001,1113.2836839633635,Kennedy Town,22.2812,114.1285,0,False,Moderate (1-2km),False,False,True
171,2001,1511.966738915465,Kennedy Town,22.2812,114.1285,0,False,Moderate (1-2km),False,False,True
181,2001,1743.5570163095329,HKU,22.2841,114.1356,0,False,Moderate (1-2km),False,False,True
171,2001,1356.2435151316447,Kennedy Town,22.2812,114.1285,0,False,Moderate (1-2km),False,False,True
182,2001,2119.065462242828,Wong Chuk Hang,22.248,114.1681,0,False,Far (>2km),False,False,True
171,2001,1244.341824829126,Kennedy Town,22.2812,114.1285,0,False,Moderate (1-2km),False,False,True
950,2001,3691.309044388406,Tung Chung,22.2893,113.9416,0,False,Far (>2km),False,False,False
171,2001,1293.0763374901885,Kennedy Town,22.2812,114.1285,0,False,Moderate (1-2km),False,False,True
114,2001,74.42355554803713,Sheung Wan,22.285899,114.153707,0,False,Very Close (<500m),True,True,True
114,2001,204.26755329607866,Sheung Wan,22.285899,114.153707,0,False,Very Close (<500m),True,True,True
158,2001,1807.3701883936885,Sai Wan Ho,22.2816,114.2224,0,False,Moderate (1-2km),True,True,True
114,2001,257.5606491030618,Sheung Wan,22.285899,114.153707,0,False,Very Close (<500m),True,True,True
113,2001,359.4457204172379,Sheung Wan,22.285899,114.153707,0,False,Very Close (<500m),True,True,True
113,2001,512.1569405119475,Sheung Wan,22.285899,114.153707,0,False,Close (500-1000m),True,True,True
151,2001,315.43078748240407,Tin Hau,22.2827,114.1917,0,False,Very Close (<500m),True,True,True
116,2001,398.07222018773103,HKU,22.2841,114.1356,0,False,Very Close (<500m),True,True,True
